"condition","PROLIFIC_PID","task","effort","effort_time","draw","pick","age","female","US_resident","duration","training","clarity","post_quiz","quiz","quiz_correct","post_quiz_correct","min_reward","avg_reward","max_reward"
"Accuracy","58c376f9efb64f0001358464","X1",0,NA,"blue",0,35,1,1,257,"no training",5,2,2,1,1,2.05,3.5,4.85
"Accuracy","58c376f9efb64f0001358464","X10",0,NA,"yellow",0,35,1,1,257,"no training",5,2,2,1,1,2.05,3.5,4.85
"Accuracy","58c376f9efb64f0001358464","X2",0,NA,"blue",1,35,1,1,257,"no training",5,2,2,1,1,2.05,3.5,4.85
"Accuracy","58c376f9efb64f0001358464","X3",0,NA,"blue",1,35,1,1,257,"no training",5,2,2,1,1,2.05,3.5,4.85
"Accuracy","58c376f9efb64f0001358464","X4",0,NA,"yellow",1,35,1,1,257,"no training",5,2,2,1,1,2.05,3.5,4.85
"Accuracy","58c376f9efb64f0001358464","X5",1,8.8,"yellow",1,35,1,1,257,"no training",5,2,2,1,1,2.05,3.5,4.85
"Accuracy","58c376f9efb64f0001358464","X6",0,NA,"blue",0,35,1,1,257,"no training",5,2,2,1,1,2.05,3.5,4.85
"Accuracy","58c376f9efb64f0001358464","X7",1,23.046,"blue",0,35,1,1,257,"no training",5,2,2,1,1,2.05,3.5,4.85
"Accuracy","58c376f9efb64f0001358464","X8",0,NA,"blue",0,35,1,1,257,"no training",5,2,2,1,1,2.05,3.5,4.85
"Accuracy","58c376f9efb64f0001358464","X9",0,NA,"blue",0,35,1,1,257,"no training",5,2,2,1,1,2.05,3.5,4.85
"Accuracy","5e149635ac9e16ab48f85941","X8",1,7.366,"blue",0,23,1,1,477,"no training",5,2,2,1,1,2.05,3.5,4.85
"Accuracy","5e149635ac9e16ab48f85941","X9",1,9.683,"yellow",1,23,1,1,477,"no training",5,2,2,1,1,2.05,3.5,4.85
"Accuracy","5e794f94cd742b5121734d4c","X4",1,7.646,"blue",0,20,0,1,461,"no training",4,2,2,1,1,2.05,3.5,4.85
"Accuracy","5e794f94cd742b5121734d4c","X5",1,6.807,"blue",0,20,0,1,461,"no training",4,2,2,1,1,2.05,3.5,4.85
"Accuracy","5e794f94cd742b5121734d4c","X6",0,NA,"blue",0,20,0,1,461,"no training",4,2,2,1,1,2.05,3.5,4.85
"Accuracy","5e794f94cd742b5121734d4c","X7",1,10.911,"yellow",1,20,0,1,461,"no training",4,2,2,1,1,2.05,3.5,4.85
"Accuracy","5e794f94cd742b5121734d4c","X8",1,28.91,"blue",0,20,0,1,461,"no training",4,2,2,1,1,2.05,3.5,4.85
"Accuracy","5e794f94cd742b5121734d4c","X9",1,9.198,"yellow",1,20,0,1,461,"no training",4,2,2,1,1,2.05,3.5,4.85
"Accuracy","5e9baa3e02bbdc0b4c1796d9","X4",1,12.973,"yellow",1,20,1,1,909,"high-school level",2,2,2,1,1,2.05,3.5,4.85
"Accuracy","5e9baa3e02bbdc0b4c1796d9","X5",1,8.837,"yellow",1,20,1,1,909,"high-school level",2,2,2,1,1,2.05,3.5,4.85
"Accuracy","5e9baa3e02bbdc0b4c1796d9","X6",1,11.986,"blue",0,20,1,1,909,"high-school level",2,2,2,1,1,2.05,3.5,4.85
"Accuracy","5e9baa3e02bbdc0b4c1796d9","X7",1,17.856,"blue",0,20,1,1,909,"high-school level",2,2,2,1,1,2.05,3.5,4.85
"Accuracy","5e9baa3e02bbdc0b4c1796d9","X8",1,11.813,"yellow",1,20,1,1,909,"high-school level",2,2,2,1,1,2.05,3.5,4.85
"Accuracy","5e9baa3e02bbdc0b4c1796d9","X9",1,8.167,"blue",0,20,1,1,909,"high-school level",2,2,2,1,1,2.05,3.5,4.85
"Accuracy","5bf2b21f7c13eb0001fd6b49","X5",1,12.636,"blue",0,23,0,0,328,"university level",5,2,2,1,1,2.05,3.5,4.85
"Accuracy","5bf2b21f7c13eb0001fd6b49","X6",1,7.201,"yellow",1,23,0,0,328,"university level",5,2,2,1,1,2.05,3.5,4.85
"Accuracy","5bf2b21f7c13eb0001fd6b49","X7",1,9.542,"blue",0,23,0,0,328,"university level",5,2,2,1,1,2.05,3.5,4.85
"Accuracy","5bf2b21f7c13eb0001fd6b49","X8",1,5.971,"yellow",1,23,0,0,328,"university level",5,2,2,1,1,2.05,3.5,4.85
"Accuracy","5bf2b21f7c13eb0001fd6b49","X9",1,5.633,"yellow",1,23,0,0,328,"university level",5,2,2,1,1,2.05,3.5,4.85
"Accuracy","5e4a2f23f64db74915406236","X8",1,8.12,"blue",0,29,0,1,409,"university level",3,2,2,1,1,2.05,3.5,4.85
"Accuracy","5a08c9a7f2e3460001edb063","X1",1,8.569,"blue",0,23,1,1,347,"university level",4,2,2,1,1,2.05,3.5,4.85
"Accuracy","5a08c9a7f2e3460001edb063","X10",1,11.475,"blue",0,23,1,1,347,"university level",4,2,2,1,1,2.05,3.5,4.85
"Accuracy","5a08c9a7f2e3460001edb063","X2",1,8.449,"yellow",1,23,1,1,347,"university level",4,2,2,1,1,2.05,3.5,4.85
"Accuracy","5a08c9a7f2e3460001edb063","X3",1,7.065,"yellow",1,23,1,1,347,"university level",4,2,2,1,1,2.05,3.5,4.85
"Accuracy","5a08c9a7f2e3460001edb063","X4",1,7.342,"yellow",1,23,1,1,347,"university level",4,2,2,1,1,2.05,3.5,4.85
"Accuracy","5a08c9a7f2e3460001edb063","X5",1,7.231,"yellow",1,23,1,1,347,"university level",4,2,2,1,1,2.05,3.5,4.85
"Accuracy","5a08c9a7f2e3460001edb063","X6",1,16.69,"blue",0,23,1,1,347,"university level",4,2,2,1,1,2.05,3.5,4.85
"Accuracy","5a08c9a7f2e3460001edb063","X7",1,10.037,"yellow",1,23,1,1,347,"university level",4,2,2,1,1,2.05,3.5,4.85
"Accuracy","5a08c9a7f2e3460001edb063","X8",1,8.635,"yellow",1,23,1,1,347,"university level",4,2,2,1,1,2.05,3.5,4.85
"Accuracy","5a08c9a7f2e3460001edb063","X9",1,7.047,"yellow",1,23,1,1,347,"university level",4,2,2,1,1,2.05,3.5,4.85
"Accuracy","5eafc593ea86b06dc1628d88","X1",1,8.302,"yellow",1,18,0,1,331,"no training",5,2,2,1,1,2.05,3.5,4.85
"Accuracy","5eafc593ea86b06dc1628d88","X10",1,10.531,"yellow",1,18,0,1,331,"no training",5,2,2,1,1,2.05,3.5,4.85
"Accuracy","5eafc593ea86b06dc1628d88","X2",1,7.542,"yellow",1,18,0,1,331,"no training",5,2,2,1,1,2.05,3.5,4.85
"Accuracy","5eafc593ea86b06dc1628d88","X3",1,5.084,"blue",0,18,0,1,331,"no training",5,2,2,1,1,2.05,3.5,4.85
"Accuracy","5eafc593ea86b06dc1628d88","X4",1,3.96,"blue",0,18,0,1,331,"no training",5,2,2,1,1,2.05,3.5,4.85
"Accuracy","5eafc593ea86b06dc1628d88","X5",1,5.607,"blue",0,18,0,1,331,"no training",5,2,2,1,1,2.05,3.5,4.85
"Accuracy","5eafc593ea86b06dc1628d88","X6",1,6.889,"blue",0,18,0,1,331,"no training",5,2,2,1,1,2.05,3.5,4.85
"Accuracy","5eafc593ea86b06dc1628d88","X7",1,9.178,"yellow",1,18,0,1,331,"no training",5,2,2,1,1,2.05,3.5,4.85
"Accuracy","5e7bc10939f0d10b16c5f79b","X1",1,6.222,"blue",0,37,1,1,392,"university level",4,2,2,1,1,2.05,3.5,4.85
"Accuracy","5e7bc10939f0d10b16c5f79b","X10",1,10.803,"yellow",1,37,1,1,392,"university level",4,2,2,1,1,2.05,3.5,4.85
"Accuracy","5e7bc10939f0d10b16c5f79b","X2",1,9.06,"yellow",0,37,1,1,392,"university level",4,2,2,1,1,2.05,3.5,4.85
"Accuracy","5e7bc10939f0d10b16c5f79b","X3",1,15.551,"blue",0,37,1,1,392,"university level",4,2,2,1,1,2.05,3.5,4.85
"Accuracy","5e7bc10939f0d10b16c5f79b","X4",1,8.616,"yellow",1,37,1,1,392,"university level",4,2,2,1,1,2.05,3.5,4.85
"Accuracy","5e7bc10939f0d10b16c5f79b","X5",1,9.631,"blue",0,37,1,1,392,"university level",4,2,2,1,1,2.05,3.5,4.85
"Accuracy","5e7bc10939f0d10b16c5f79b","X6",1,9.167,"yellow",1,37,1,1,392,"university level",4,2,2,1,1,2.05,3.5,4.85
"Accuracy","5e7bc10939f0d10b16c5f79b","X7",1,19.204,"yellow",1,37,1,1,392,"university level",4,2,2,1,1,2.05,3.5,4.85
"Accuracy","5e7bc10939f0d10b16c5f79b","X8",1,8.083,"yellow",1,37,1,1,392,"university level",4,2,2,1,1,2.05,3.5,4.85
"Accuracy","5e7bc10939f0d10b16c5f79b","X9",1,12.284,"yellow",1,37,1,1,392,"university level",4,2,2,1,1,2.05,3.5,4.85
"Accuracy","5eafd506b7adcd01901acc27","X8",1,18.332,"blue",1,29,0,1,818,"high-school level",5,2,2,1,1,2.05,3.5,4.85
"Accuracy","5eafd506b7adcd01901acc27","X9",1,8.66,"yellow",0,29,0,1,818,"high-school level",5,2,2,1,1,2.05,3.5,4.85
"Accuracy","5eb012678e886005558565a4","X1",1,10.046,"yellow",1,28,0,1,1207,"high-school level",4,2,2,1,1,2.05,3.5,4.85
"Accuracy","5eb012678e886005558565a4","X10",1,12.266,"blue",0,28,0,1,1207,"high-school level",4,2,2,1,1,2.05,3.5,4.85
"Accuracy","5eb012678e886005558565a4","X2",1,45.401,"yellow",1,28,0,1,1207,"high-school level",4,2,2,1,1,2.05,3.5,4.85
"Accuracy","5eb012678e886005558565a4","X3",1,11.324,"blue",0,28,0,1,1207,"high-school level",4,2,2,1,1,2.05,3.5,4.85
"Accuracy","5eb012678e886005558565a4","X4",1,8.474,"yellow",1,28,0,1,1207,"high-school level",4,2,2,1,1,2.05,3.5,4.85
"Accuracy","5eb012678e886005558565a4","X5",1,11.901,"blue",0,28,0,1,1207,"high-school level",4,2,2,1,1,2.05,3.5,4.85
"Accuracy","5eb012678e886005558565a4","X6",1,17.148,"blue",0,28,0,1,1207,"high-school level",4,2,2,1,1,2.05,3.5,4.85
"Accuracy","5eb012678e886005558565a4","X7",1,8.91,"blue",0,28,0,1,1207,"high-school level",4,2,2,1,1,2.05,3.5,4.85
"Accuracy","5eb012678e886005558565a4","X8",1,7.247,"blue",0,28,0,1,1207,"high-school level",4,2,2,1,1,2.05,3.5,4.85
"Accuracy","5eb012678e886005558565a4","X9",1,9.471,"yellow",1,28,0,1,1207,"high-school level",4,2,2,1,1,2.05,3.5,4.85
"Accuracy","5eb03e8542bbba0ab22b730f","X1",1,8.908,"blue",0,18,0,1,582,"high-school level",4,2,2,1,1,2.05,3.5,4.85
"Accuracy","5eb03e8542bbba0ab22b730f","X10",1,8.118,"blue",0,18,0,1,582,"high-school level",4,2,2,1,1,2.05,3.5,4.85
"Accuracy","5e279f3eb202039d8b6812d6","X1",1,6.401,"yellow",0,21,1,1,402,"university level",4,2,2,1,1,2.05,3.5,4.85
"Accuracy","5e279f3eb202039d8b6812d6","X10",1,9.567,"yellow",1,21,1,1,402,"university level",4,2,2,1,1,2.05,3.5,4.85
"Accuracy","5e279f3eb202039d8b6812d6","X2",1,7.828,"yellow",1,21,1,1,402,"university level",4,2,2,1,1,2.05,3.5,4.85
"Accuracy","5e279f3eb202039d8b6812d6","X3",1,5.861,"blue",0,21,1,1,402,"university level",4,2,2,1,1,2.05,3.5,4.85
"Accuracy","5d82dce291fa480016305897","X1",0,NA,"blue",0,20,1,1,371,"no training",4,2,1,0,1,2.05,3.5,4.85
"Accuracy","5d82dce291fa480016305897","X10",1,10.536,"yellow",1,20,1,1,371,"no training",4,2,1,0,1,2.05,3.5,4.85
"Accuracy","5d82dce291fa480016305897","X2",1,48.59,"blue",1,20,1,1,371,"no training",4,2,1,0,1,2.05,3.5,4.85
"Accuracy","5d82dce291fa480016305897","X3",1,6.121,"yellow",1,20,1,1,371,"no training",4,2,1,0,1,2.05,3.5,4.85
"Accuracy","5b7f280ef366a80001263ec3","X1",1,18.231,"blue",0,21,1,1,374,"high-school level",4,2,2,1,1,2.05,3.5,4.85
"Accuracy","5b7f280ef366a80001263ec3","X10",1,9.272,"blue",0,21,1,1,374,"high-school level",4,2,2,1,1,2.05,3.5,4.85
"Accuracy","5b7f280ef366a80001263ec3","X2",1,11.266,"blue",0,21,1,1,374,"high-school level",4,2,2,1,1,2.05,3.5,4.85
"Accuracy","5b7f280ef366a80001263ec3","X3",1,6.714,"blue",0,21,1,1,374,"high-school level",4,2,2,1,1,2.05,3.5,4.85
"Accuracy","5b7f280ef366a80001263ec3","X4",1,6.701,"yellow",1,21,1,1,374,"high-school level",4,2,2,1,1,2.05,3.5,4.85
"Accuracy","5b7f280ef366a80001263ec3","X5",1,5.75,"yellow",1,21,1,1,374,"high-school level",4,2,2,1,1,2.05,3.5,4.85
"Accuracy","5b7f280ef366a80001263ec3","X6",1,7.08,"blue",0,21,1,1,374,"high-school level",4,2,2,1,1,2.05,3.5,4.85
"Accuracy","5b7f280ef366a80001263ec3","X7",1,10.624,"yellow",1,21,1,1,374,"high-school level",4,2,2,1,1,2.05,3.5,4.85
"Accuracy","5b7f280ef366a80001263ec3","X8",1,13.4,"blue",0,21,1,1,374,"high-school level",4,2,2,1,1,2.05,3.5,4.85
"Accuracy","5b7f280ef366a80001263ec3","X9",1,5.482,"blue",0,21,1,1,374,"high-school level",4,2,2,1,1,2.05,3.5,4.85
"Accuracy","5b951d4f769db30001b58531","X1",1,5.111,"blue",1,20,0,0,539,"high-school level",4,2,2,1,1,2.05,3.5,4.85
"Accuracy","5b951d4f769db30001b58531","X10",1,18.282,"yellow",1,20,0,0,539,"high-school level",4,2,2,1,1,2.05,3.5,4.85
"Accuracy","5b951d4f769db30001b58531","X2",1,8.489,"blue",1,20,0,0,539,"high-school level",4,2,2,1,1,2.05,3.5,4.85
"Accuracy","5b951d4f769db30001b58531","X3",1,7.275,"yellow",1,20,0,0,539,"high-school level",4,2,2,1,1,2.05,3.5,4.85
"Accuracy","5b951d4f769db30001b58531","X4",1,7.679,"blue",1,20,0,0,539,"high-school level",4,2,2,1,1,2.05,3.5,4.85
"Accuracy","5b951d4f769db30001b58531","X5",1,20.819,"yellow",1,20,0,0,539,"high-school level",4,2,2,1,1,2.05,3.5,4.85
"Accuracy","5b951d4f769db30001b58531","X6",1,24.268,"yellow",1,20,0,0,539,"high-school level",4,2,2,1,1,2.05,3.5,4.85
"Accuracy","5b951d4f769db30001b58531","X7",1,11.098,"blue",1,20,0,0,539,"high-school level",4,2,2,1,1,2.05,3.5,4.85
"Accuracy","5b951d4f769db30001b58531","X8",1,19.022,"blue",0,20,0,0,539,"high-school level",4,2,2,1,1,2.05,3.5,4.85
"Accuracy","5b951d4f769db30001b58531","X9",1,7.302,"blue",0,20,0,0,539,"high-school level",4,2,2,1,1,2.05,3.5,4.85
"Accuracy","5e84b8443f064006f1b5215c","X2",1,9.517,"yellow",1,33,0,1,591,"no training",4,2,2,1,1,2.05,3.5,4.85
"Accuracy","5e84b8443f064006f1b5215c","X3",1,6.629,"blue",0,33,0,1,591,"no training",4,2,2,1,1,2.05,3.5,4.85
"Accuracy","5e84b8443f064006f1b5215c","X4",1,12.963,"yellow",1,33,0,1,591,"no training",4,2,2,1,1,2.05,3.5,4.85
"Accuracy","5e84b8443f064006f1b5215c","X5",0,NA,"yellow",0,33,0,1,591,"no training",4,2,2,1,1,2.05,3.5,4.85
"Accuracy","5e84b8443f064006f1b5215c","X6",1,7.86,"yellow",1,33,0,1,591,"no training",4,2,2,1,1,2.05,3.5,4.85
"Accuracy","5e84b8443f064006f1b5215c","X7",1,8.465,"blue",0,33,0,1,591,"no training",4,2,2,1,1,2.05,3.5,4.85
"Accuracy","5d9a09095223b6001809f1c9","X1",1,6.852,"blue",0,20,0,1,420,"high-school level",5,2,2,1,1,2.05,3.5,4.85
"Accuracy","5d9a09095223b6001809f1c9","X10",1,14.753,"blue",0,20,0,1,420,"high-school level",5,2,2,1,1,2.05,3.5,4.85
"Accuracy","5d9a09095223b6001809f1c9","X2",1,8.488,"blue",0,20,0,1,420,"high-school level",5,2,2,1,1,2.05,3.5,4.85
"Accuracy","5d9a09095223b6001809f1c9","X3",1,8.576,"yellow",1,20,0,1,420,"high-school level",5,2,2,1,1,2.05,3.5,4.85
"Accuracy","5bcb6b6d0f10750001d79240","X1",1,5.002,"blue",0,21,1,1,853,"high-school level",3,2,2,1,1,2.05,3.5,4.85
"Accuracy","5bcb6b6d0f10750001d79240","X10",1,11.689,"yellow",1,21,1,1,853,"high-school level",3,2,2,1,1,2.05,3.5,4.85
"Accuracy","5bcb6b6d0f10750001d79240","X2",1,6.888,"yellow",1,21,1,1,853,"high-school level",3,2,2,1,1,2.05,3.5,4.85
"Accuracy","5bcb6b6d0f10750001d79240","X3",1,7.054,"blue",0,21,1,1,853,"high-school level",3,2,2,1,1,2.05,3.5,4.85
"Accuracy","5bcb6b6d0f10750001d79240","X4",1,8.583,"blue",0,21,1,1,853,"high-school level",3,2,2,1,1,2.05,3.5,4.85
"Accuracy","5bcb6b6d0f10750001d79240","X5",1,6.665,"blue",0,21,1,1,853,"high-school level",3,2,2,1,1,2.05,3.5,4.85
"Accuracy","5bcb6b6d0f10750001d79240","X6",1,14.596,"yellow",1,21,1,1,853,"high-school level",3,2,2,1,1,2.05,3.5,4.85
"Accuracy","5bcb6b6d0f10750001d79240","X7",1,11.332,"blue",0,21,1,1,853,"high-school level",3,2,2,1,1,2.05,3.5,4.85
"Accuracy","5bcb6b6d0f10750001d79240","X8",1,8.369,"blue",0,21,1,1,853,"high-school level",3,2,2,1,1,2.05,3.5,4.85
"Accuracy","5bcb6b6d0f10750001d79240","X9",1,9.674,"blue",1,21,1,1,853,"high-school level",3,2,2,1,1,2.05,3.5,4.85
"Accuracy","5bdd006c712eb800010d0670","X1",0,NA,"yellow",1,21,0,1,385,"no training",5,2,2,1,1,2.05,3.5,4.85
"Accuracy","5bdd006c712eb800010d0670","X10",1,7.34,"yellow",1,21,0,1,385,"no training",5,2,2,1,1,2.05,3.5,4.85
"Accuracy","5bdd006c712eb800010d0670","X2",1,7.888,"yellow",1,21,0,1,385,"no training",5,2,2,1,1,2.05,3.5,4.85
"Accuracy","5bdd006c712eb800010d0670","X3",1,5.399,"blue",0,21,0,1,385,"no training",5,2,2,1,1,2.05,3.5,4.85
"Accuracy","5bdd006c712eb800010d0670","X4",1,8.195,"yellow",0,21,0,1,385,"no training",5,2,2,1,1,2.05,3.5,4.85
"Accuracy","5bdd006c712eb800010d0670","X5",1,14.898,"yellow",1,21,0,1,385,"no training",5,2,2,1,1,2.05,3.5,4.85
"Accuracy","5bdd006c712eb800010d0670","X6",1,15.116,"yellow",1,21,0,1,385,"no training",5,2,2,1,1,2.05,3.5,4.85
"Accuracy","5bdd006c712eb800010d0670","X7",1,8.775,"blue",0,21,0,1,385,"no training",5,2,2,1,1,2.05,3.5,4.85
"Accuracy","5bdd006c712eb800010d0670","X8",1,6.038,"blue",0,21,0,1,385,"no training",5,2,2,1,1,2.05,3.5,4.85
"Accuracy","5bdd006c712eb800010d0670","X9",0,NA,"yellow",0,21,0,1,385,"no training",5,2,2,1,1,2.05,3.5,4.85
"Accuracy","5beb1ae6bcf7f90001084c7d","X1",1,6.095,"blue",0,20,1,0,392,"no training",4,2,2,1,1,2.05,3.5,4.85
"Accuracy","5beb1ae6bcf7f90001084c7d","X10",1,11.057,"yellow",1,20,1,0,392,"no training",4,2,2,1,1,2.05,3.5,4.85
"Accuracy","5beb1ae6bcf7f90001084c7d","X2",1,10.785,"blue",0,20,1,0,392,"no training",4,2,2,1,1,2.05,3.5,4.85
"Accuracy","5beb1ae6bcf7f90001084c7d","X3",1,6.945,"yellow",1,20,1,0,392,"no training",4,2,2,1,1,2.05,3.5,4.85
"Accuracy","5beb1ae6bcf7f90001084c7d","X4",1,8.27,"blue",0,20,1,0,392,"no training",4,2,2,1,1,2.05,3.5,4.85
"Accuracy","5beb1ae6bcf7f90001084c7d","X5",1,6.78,"blue",0,20,1,0,392,"no training",4,2,2,1,1,2.05,3.5,4.85
"Accuracy","5beb1ae6bcf7f90001084c7d","X6",1,10.043,"yellow",1,20,1,0,392,"no training",4,2,2,1,1,2.05,3.5,4.85
"Accuracy","5beb1ae6bcf7f90001084c7d","X7",1,10.91,"blue",0,20,1,0,392,"no training",4,2,2,1,1,2.05,3.5,4.85
"Accuracy","5beb1ae6bcf7f90001084c7d","X8",1,7.37,"blue",0,20,1,0,392,"no training",4,2,2,1,1,2.05,3.5,4.85
"Accuracy","5beb1ae6bcf7f90001084c7d","X9",1,10.073,"blue",0,20,1,0,392,"no training",4,2,2,1,1,2.05,3.5,4.85
"Accuracy","5bf2b21f7c13eb0001fd6b49","X1",1,6.648,"blue",0,23,0,0,328,"university level",5,2,2,1,1,2.05,3.5,4.85
"Accuracy","5bf2b21f7c13eb0001fd6b49","X10",1,9.683,"blue",0,23,0,0,328,"university level",5,2,2,1,1,2.05,3.5,4.85
"Accuracy","5bf2b21f7c13eb0001fd6b49","X2",1,8.751,"blue",0,23,0,0,328,"university level",5,2,2,1,1,2.05,3.5,4.85
"Accuracy","5bf2b21f7c13eb0001fd6b49","X3",1,3.828,"blue",0,23,0,0,328,"university level",5,2,2,1,1,2.05,3.5,4.85
"Accuracy","5bf2b21f7c13eb0001fd6b49","X4",1,9.865,"blue",0,23,0,0,328,"university level",5,2,2,1,1,2.05,3.5,4.85
"Accuracy","5e8f10db1e5f531d1a7723ae","X8",1,6.879,"yellow",1,25,1,1,396,"research level",5,2,2,1,1,2.05,3.5,4.85
"Accuracy","5e8f10db1e5f531d1a7723ae","X9",1,6.894,"blue",0,25,1,1,396,"research level",5,2,2,1,1,2.05,3.5,4.85
"Accuracy","5ebb48fa86aba5115f8f33c9","X8",1,16.297,"yellow",1,28,1,1,670,"university level",5,2,2,1,1,2.05,3.5,4.85
"Accuracy","5ebb48fa86aba5115f8f33c9","X9",1,8.143,"yellow",1,28,1,1,670,"university level",5,2,2,1,1,2.05,3.5,4.85
"Accuracy","5ebb60fe5b408e13222c626c","X1",1,7.299,"yellow",1,22,0,1,1239,"university level",4,2,2,1,1,2.05,3.5,4.85
"Accuracy","5ebb60fe5b408e13222c626c","X10",1,11.976,"blue",0,22,0,1,1239,"university level",4,2,2,1,1,2.05,3.5,4.85
"Accuracy","5e4a2f23f64db74915406236","X9",1,8.295,"yellow",1,29,0,1,409,"university level",3,2,2,1,1,2.05,3.5,4.85
"Accuracy","5ea2343c360fe41485a02d81","X8",1,6.602,"blue",0,24,0,1,404,"high-school level",3,2,2,1,1,2.05,3.5,4.85
"Accuracy","5ea2343c360fe41485a02d81","X9",1,6.94,"yellow",1,24,0,1,404,"high-school level",3,2,2,1,1,2.05,3.5,4.85
"Accuracy","5ebb60fe5b408e13222c626c","X5",1,6.368,"blue",0,22,0,1,1239,"university level",4,2,2,1,1,2.05,3.5,4.85
"Accuracy","5ebb60fe5b408e13222c626c","X6",1,15.463,"yellow",1,22,0,1,1239,"university level",4,2,2,1,1,2.05,3.5,4.85
"Accuracy","5ebb60fe5b408e13222c626c","X7",1,8.562,"yellow",1,22,0,1,1239,"university level",4,2,2,1,1,2.05,3.5,4.85
"Accuracy","5e90a1eaad04060882d17a3d","X1",1,7.181,"yellow",1,26,0,1,441,"high-school level",3,2,1,0,1,2.05,3.5,4.85
"Accuracy","5e90a1eaad04060882d17a3d","X10",1,27.029,"yellow",1,26,0,1,441,"high-school level",3,2,1,0,1,2.05,3.5,4.85
"Accuracy","5e90a1eaad04060882d17a3d","X2",1,6.662,"blue",0,26,0,1,441,"high-school level",3,2,1,0,1,2.05,3.5,4.85
"Accuracy","5e90a1eaad04060882d17a3d","X3",1,5.649,"blue",0,26,0,1,441,"high-school level",3,2,1,0,1,2.05,3.5,4.85
"Accuracy","5e70e4309b339b03acc24159","X1",1,6.391,"yellow",1,22,0,1,536,"university level",5,2,2,1,1,2.05,3.5,4.85
"Accuracy","5e4e844553bc702cdf68404d","X1",1,7.358,"blue",0,21,1,1,658,"high-school level",4,2,3,0,1,2.05,3.5,4.85
"Accuracy","5e4e844553bc702cdf68404d","X10",1,14.313,"yellow",1,21,1,1,658,"high-school level",4,2,3,0,1,2.05,3.5,4.85
"Accuracy","5e4e844553bc702cdf68404d","X2",1,7.22,"yellow",0,21,1,1,658,"high-school level",4,2,3,0,1,2.05,3.5,4.85
"Accuracy","5e4e844553bc702cdf68404d","X3",1,7.673,"blue",0,21,1,1,658,"high-school level",4,2,3,0,1,2.05,3.5,4.85
"Accuracy","5e4e844553bc702cdf68404d","X4",1,8.057,"yellow",1,21,1,1,658,"high-school level",4,2,3,0,1,2.05,3.5,4.85
"Accuracy","5e4e844553bc702cdf68404d","X5",1,7.856,"blue",0,21,1,1,658,"high-school level",4,2,3,0,1,2.05,3.5,4.85
"Accuracy","5e4e844553bc702cdf68404d","X6",1,31.35,"blue",1,21,1,1,658,"high-school level",4,2,3,0,1,2.05,3.5,4.85
"Accuracy","5e4e844553bc702cdf68404d","X7",1,9.25,"blue",0,21,1,1,658,"high-school level",4,2,3,0,1,2.05,3.5,4.85
"Accuracy","5e4e844553bc702cdf68404d","X8",1,13.58,"blue",0,21,1,1,658,"high-school level",4,2,3,0,1,2.05,3.5,4.85
"Accuracy","5e4e844553bc702cdf68404d","X9",1,6.48,"yellow",1,21,1,1,658,"high-school level",4,2,3,0,1,2.05,3.5,4.85
"Accuracy","5e520fe5fe2087237b1b8cd1","X1",1,5.217,"yellow",1,22,1,1,324,"high-school level",4,2,2,1,1,2.05,3.5,4.85
"Accuracy","5e520fe5fe2087237b1b8cd1","X10",1,8.459,"yellow",1,22,1,1,324,"high-school level",4,2,2,1,1,2.05,3.5,4.85
"Accuracy","5e520fe5fe2087237b1b8cd1","X2",1,8.208,"blue",0,22,1,1,324,"high-school level",4,2,2,1,1,2.05,3.5,4.85
"Accuracy","5e520fe5fe2087237b1b8cd1","X3",1,5.919,"yellow",1,22,1,1,324,"high-school level",4,2,2,1,1,2.05,3.5,4.85
"Accuracy","5e520fe5fe2087237b1b8cd1","X4",1,5.711,"yellow",1,22,1,1,324,"high-school level",4,2,2,1,1,2.05,3.5,4.85
"Accuracy","5e520fe5fe2087237b1b8cd1","X5",1,8.014,"blue",0,22,1,1,324,"high-school level",4,2,2,1,1,2.05,3.5,4.85
"Accuracy","5e520fe5fe2087237b1b8cd1","X6",1,7.877,"yellow",1,22,1,1,324,"high-school level",4,2,2,1,1,2.05,3.5,4.85
"Accuracy","5e520fe5fe2087237b1b8cd1","X7",1,7.157,"yellow",1,22,1,1,324,"high-school level",4,2,2,1,1,2.05,3.5,4.85
"Accuracy","5e520fe5fe2087237b1b8cd1","X8",1,6.188,"blue",0,22,1,1,324,"high-school level",4,2,2,1,1,2.05,3.5,4.85
"Accuracy","5e520fe5fe2087237b1b8cd1","X9",1,5.391,"yellow",1,22,1,1,324,"high-school level",4,2,2,1,1,2.05,3.5,4.85
"Accuracy","5eb9ea44968b651244404aac","X2",1,7.516,"blue",0,23,1,1,456,"university level",4,2,2,1,1,2.05,3.5,4.85
"Accuracy","5eb9ea44968b651244404aac","X3",1,5.15,"blue",0,23,1,1,456,"university level",4,2,2,1,1,2.05,3.5,4.85
"Accuracy","5eb9ea44968b651244404aac","X4",1,6.023,"blue",0,23,1,1,456,"university level",4,2,2,1,1,2.05,3.5,4.85
"Accuracy","5eb9ea44968b651244404aac","X5",0,NA,"blue",0,23,1,1,456,"university level",4,2,2,1,1,2.05,3.5,4.85
"Accuracy","5eb9ea44968b651244404aac","X6",1,7.238,"yellow",1,23,1,1,456,"university level",4,2,2,1,1,2.05,3.5,4.85
"Accuracy","5eb9ea44968b651244404aac","X7",1,8.24,"blue",0,23,1,1,456,"university level",4,2,2,1,1,2.05,3.5,4.85
"Accuracy","5eb9ea44968b651244404aac","X8",1,8.736,"yellow",1,23,1,1,456,"university level",4,2,2,1,1,2.05,3.5,4.85
"Accuracy","5eb9ea44968b651244404aac","X9",1,7.516,"yellow",1,23,1,1,456,"university level",4,2,2,1,1,2.05,3.5,4.85
"Accuracy","5deef64126ff0259490b942c","X5",0,NA,"blue",0,27,1,1,288,"university level",4,2,2,1,1,2.05,3.5,4.85
"Accuracy","5deef64126ff0259490b942c","X6",1,8.902,"yellow",1,27,1,1,288,"university level",4,2,2,1,1,2.05,3.5,4.85
"Accuracy","5deef64126ff0259490b942c","X7",1,7.008,"yellow",1,27,1,1,288,"university level",4,2,2,1,1,2.05,3.5,4.85
"Accuracy","5deef64126ff0259490b942c","X8",1,5.95,"blue",0,27,1,1,288,"university level",4,2,2,1,1,2.05,3.5,4.85
"Accuracy","5deef64126ff0259490b942c","X9",1,5.191,"yellow",1,27,1,1,288,"university level",4,2,2,1,1,2.05,3.5,4.85
"Accuracy","5df0eb850042e812ca51313a","X1",1,5.167,"blue",0,33,1,1,608,"no training",4,2,2,1,1,2.05,3.5,4.85
"Accuracy","5dd2e29b2c5c102e6454227a","X1",1,4.675,"yellow",1,27,1,1,354,"university level",5,2,2,1,1,2.05,3.5,4.85
"Accuracy","5dd2e29b2c5c102e6454227a","X10",1,10.907,"blue",0,27,1,1,354,"university level",5,2,2,1,1,2.05,3.5,4.85
"Accuracy","5dd2e29b2c5c102e6454227a","X2",1,6.81,"blue",0,27,1,1,354,"university level",5,2,2,1,1,2.05,3.5,4.85
"Accuracy","5dd2e29b2c5c102e6454227a","X3",1,6.326,"blue",0,27,1,1,354,"university level",5,2,2,1,1,2.05,3.5,4.85
"Accuracy","5dd2e29b2c5c102e6454227a","X4",1,5.2,"blue",0,27,1,1,354,"university level",5,2,2,1,1,2.05,3.5,4.85
"Accuracy","5dd2e29b2c5c102e6454227a","X5",1,4.721,"yellow",1,27,1,1,354,"university level",5,2,2,1,1,2.05,3.5,4.85
"Accuracy","5dd2e29b2c5c102e6454227a","X6",1,8.158,"yellow",1,27,1,1,354,"university level",5,2,2,1,1,2.05,3.5,4.85
"Accuracy","5dd2e29b2c5c102e6454227a","X7",1,6.799,"yellow",1,27,1,1,354,"university level",5,2,2,1,1,2.05,3.5,4.85
"Accuracy","5dd2e29b2c5c102e6454227a","X8",1,16.926,"blue",0,27,1,1,354,"university level",5,2,2,1,1,2.05,3.5,4.85
"Accuracy","5dd2e29b2c5c102e6454227a","X9",1,17.869,"yellow",1,27,1,1,354,"university level",5,2,2,1,1,2.05,3.5,4.85
"Accuracy","5eba15915da926159040f442","X6",1,16.106,"blue",0,19,0,1,643,"high-school level",4,2,2,1,1,2.05,3.5,4.85
"Accuracy","5eba15915da926159040f442","X7",1,10.653,"yellow",1,19,0,1,643,"high-school level",4,2,2,1,1,2.05,3.5,4.85
"Accuracy","5e8de83c1b700806403cf0df","X1",1,3.989,"blue",0,21,0,1,568,"no training",2,2,2,1,1,2.05,3.5,4.85
"Accuracy","5e8de83c1b700806403cf0df","X10",1,13.214,"yellow",1,21,0,1,568,"no training",2,2,2,1,1,2.05,3.5,4.85
"Accuracy","5cdae588cc071e001a1cbbf0","X1",1,6.347,"blue",0,24,0,1,515,"university level",4,2,2,1,1,2.05,3.5,4.85
"Accuracy","5cdae588cc071e001a1cbbf0","X10",1,11.621,"yellow",1,24,0,1,515,"university level",4,2,2,1,1,2.05,3.5,4.85
"Accuracy","5cdae588cc071e001a1cbbf0","X2",1,8.971,"yellow",1,24,0,1,515,"university level",4,2,2,1,1,2.05,3.5,4.85
"Accuracy","5cdae588cc071e001a1cbbf0","X3",1,5.356,"blue",0,24,0,1,515,"university level",4,2,2,1,1,2.05,3.5,4.85
"Accuracy","5cdae588cc071e001a1cbbf0","X4",1,7.782,"yellow",1,24,0,1,515,"university level",4,2,2,1,1,2.05,3.5,4.85
"Accuracy","5cdae588cc071e001a1cbbf0","X5",1,9.213,"blue",0,24,0,1,515,"university level",4,2,2,1,1,2.05,3.5,4.85
"Accuracy","5cdae588cc071e001a1cbbf0","X6",1,14.922,"yellow",1,24,0,1,515,"university level",4,2,2,1,1,2.05,3.5,4.85
"Accuracy","5cdae588cc071e001a1cbbf0","X7",1,13.671,"blue",0,24,0,1,515,"university level",4,2,2,1,1,2.05,3.5,4.85
"Accuracy","5cdae588cc071e001a1cbbf0","X8",1,8.046,"blue",0,24,0,1,515,"university level",4,2,2,1,1,2.05,3.5,4.85
"Accuracy","5cdae588cc071e001a1cbbf0","X9",1,6.538,"yellow",1,24,0,1,515,"university level",4,2,2,1,1,2.05,3.5,4.85
"Accuracy","5ce649e53e496100197ae3db","X1",1,6.602,"blue",0,19,1,1,572,"university level",5,2,2,1,1,2.05,3.5,4.85
"Accuracy","5ce649e53e496100197ae3db","X10",1,10.994,"yellow",0,19,1,1,572,"university level",5,2,2,1,1,2.05,3.5,4.85
"Accuracy","5ce649e53e496100197ae3db","X2",1,7.693,"blue",1,19,1,1,572,"university level",5,2,2,1,1,2.05,3.5,4.85
"Accuracy","5ce649e53e496100197ae3db","X3",1,4.952,"blue",1,19,1,1,572,"university level",5,2,2,1,1,2.05,3.5,4.85
"Accuracy","5ce649e53e496100197ae3db","X4",1,8.137,"blue",0,19,1,1,572,"university level",5,2,2,1,1,2.05,3.5,4.85
"Accuracy","5ce649e53e496100197ae3db","X5",1,11.07,"yellow",1,19,1,1,572,"university level",5,2,2,1,1,2.05,3.5,4.85
"Accuracy","5ce649e53e496100197ae3db","X6",1,10.596,"blue",0,19,1,1,572,"university level",5,2,2,1,1,2.05,3.5,4.85
"Accuracy","5ce649e53e496100197ae3db","X7",1,10.682,"yellow",1,19,1,1,572,"university level",5,2,2,1,1,2.05,3.5,4.85
"Accuracy","5ce649e53e496100197ae3db","X8",1,8.341,"blue",0,19,1,1,572,"university level",5,2,2,1,1,2.05,3.5,4.85
"Accuracy","5ce649e53e496100197ae3db","X9",1,6.463,"yellow",1,19,1,1,572,"university level",5,2,2,1,1,2.05,3.5,4.85
"Accuracy","5ce753de5434fd001b47e9fc","X1",1,7.412,"blue",0,24,0,1,556,"university level",3,2,2,1,1,2.05,3.5,4.85
"Accuracy","5ce753de5434fd001b47e9fc","X10",1,12.048,"yellow",1,24,0,1,556,"university level",3,2,2,1,1,2.05,3.5,4.85
"Accuracy","5ce753de5434fd001b47e9fc","X2",1,9.08,"blue",0,24,0,1,556,"university level",3,2,2,1,1,2.05,3.5,4.85
"Accuracy","5ce753de5434fd001b47e9fc","X3",1,5.155,"yellow",1,24,0,1,556,"university level",3,2,2,1,1,2.05,3.5,4.85
"Accuracy","5ce753de5434fd001b47e9fc","X4",1,9.706,"yellow",1,24,0,1,556,"university level",3,2,2,1,1,2.05,3.5,4.85
"Accuracy","5ce753de5434fd001b47e9fc","X5",1,7.027,"yellow",1,24,0,1,556,"university level",3,2,2,1,1,2.05,3.5,4.85
"Accuracy","5ce753de5434fd001b47e9fc","X6",1,10.853,"yellow",1,24,0,1,556,"university level",3,2,2,1,1,2.05,3.5,4.85
"Accuracy","5ce753de5434fd001b47e9fc","X7",1,9.122,"yellow",1,24,0,1,556,"university level",3,2,2,1,1,2.05,3.5,4.85
"Accuracy","5ce753de5434fd001b47e9fc","X8",1,7.225,"yellow",1,24,0,1,556,"university level",3,2,2,1,1,2.05,3.5,4.85
"Accuracy","5ce753de5434fd001b47e9fc","X9",1,6.639,"yellow",1,24,0,1,556,"university level",3,2,2,1,1,2.05,3.5,4.85
"Accuracy","5cef4881fb09f7000157f151","X1",1,4.302,"blue",0,22,1,1,494,"no training",4,2,2,1,1,2.05,3.5,4.85
"Accuracy","5cef4881fb09f7000157f151","X10",1,7.887,"yellow",1,22,1,1,494,"no training",4,2,2,1,1,2.05,3.5,4.85
"Accuracy","5cef4881fb09f7000157f151","X2",1,7.689,"blue",0,22,1,1,494,"no training",4,2,2,1,1,2.05,3.5,4.85
"Accuracy","5cef4881fb09f7000157f151","X3",1,5.702,"blue",0,22,1,1,494,"no training",4,2,2,1,1,2.05,3.5,4.85
"Accuracy","5cef4881fb09f7000157f151","X4",1,5.49,"blue",0,22,1,1,494,"no training",4,2,2,1,1,2.05,3.5,4.85
"Accuracy","5cef4881fb09f7000157f151","X5",1,5.302,"blue",0,22,1,1,494,"no training",4,2,2,1,1,2.05,3.5,4.85
"Accuracy","5cef4881fb09f7000157f151","X6",1,7.902,"yellow",1,22,1,1,494,"no training",4,2,2,1,1,2.05,3.5,4.85
"Accuracy","5cef4881fb09f7000157f151","X7",1,7.301,"blue",0,22,1,1,494,"no training",4,2,2,1,1,2.05,3.5,4.85
"Accuracy","5cef4881fb09f7000157f151","X8",1,5.502,"yellow",1,22,1,1,494,"no training",4,2,2,1,1,2.05,3.5,4.85
"Accuracy","5cef4881fb09f7000157f151","X9",1,5.202,"yellow",1,22,1,1,494,"no training",4,2,2,1,1,2.05,3.5,4.85
"Accuracy","5e6aa40bd6d43306673a4879","X8",1,10.192,"yellow",1,20,1,1,665,"university level",4,2,2,1,1,2.05,3.5,4.85
"Accuracy","5e6aa40bd6d43306673a4879","X9",1,9.906,"yellow",1,20,1,1,665,"university level",4,2,2,1,1,2.05,3.5,4.85
"Accuracy","5e6ad51f6a8a7a08fbc77e22","X1",1,8.728,"blue",0,19,1,1,484,"no training",4,2,2,1,1,2.05,3.5,4.85
"Accuracy","5e6ad51f6a8a7a08fbc77e22","X10",1,11.809,"yellow",1,19,1,1,484,"no training",4,2,2,1,1,2.05,3.5,4.85
"Accuracy","5e6ad51f6a8a7a08fbc77e22","X2",1,12.91,"yellow",0,19,1,1,484,"no training",4,2,2,1,1,2.05,3.5,4.85
"Accuracy","5e6ad51f6a8a7a08fbc77e22","X3",1,5.684,"yellow",1,19,1,1,484,"no training",4,2,2,1,1,2.05,3.5,4.85
"Accuracy","5e6ad51f6a8a7a08fbc77e22","X4",1,6.159,"blue",0,19,1,1,484,"no training",4,2,2,1,1,2.05,3.5,4.85
"Accuracy","5e6ad51f6a8a7a08fbc77e22","X5",1,6.397,"blue",0,19,1,1,484,"no training",4,2,2,1,1,2.05,3.5,4.85
"Accuracy","5e6ad51f6a8a7a08fbc77e22","X6",1,9.55,"yellow",1,19,1,1,484,"no training",4,2,2,1,1,2.05,3.5,4.85
"Accuracy","5e6ad51f6a8a7a08fbc77e22","X7",1,17.33,"yellow",1,19,1,1,484,"no training",4,2,2,1,1,2.05,3.5,4.85
"Accuracy","5e6ad51f6a8a7a08fbc77e22","X8",1,7.652,"yellow",1,19,1,1,484,"no training",4,2,2,1,1,2.05,3.5,4.85
"Accuracy","5e6ad51f6a8a7a08fbc77e22","X9",1,7.206,"yellow",1,19,1,1,484,"no training",4,2,2,1,1,2.05,3.5,4.85
"Accuracy","5e8f10db1e5f531d1a7723ae","X4",1,6.38,"yellow",1,25,1,1,396,"research level",5,2,2,1,1,2.05,3.5,4.85
"Accuracy","5e8f10db1e5f531d1a7723ae","X5",1,5.295,"yellow",1,25,1,1,396,"research level",5,2,2,1,1,2.05,3.5,4.85
"Accuracy","5e8f10db1e5f531d1a7723ae","X6",1,6.677,"yellow",1,25,1,1,396,"research level",5,2,2,1,1,2.05,3.5,4.85
"Accuracy","5e8f10db1e5f531d1a7723ae","X7",1,6.67,"blue",0,25,1,1,396,"research level",5,2,2,1,1,2.05,3.5,4.85
"Accuracy","5da5f72c002c29001335b57d","X8",1,43.621,"yellow",1,29,0,0,498,"no training",3,2,2,1,1,2.05,3.5,4.85
"Accuracy","5da5f72c002c29001335b57d","X9",1,9.788,"yellow",1,29,0,0,498,"no training",3,2,2,1,1,2.05,3.5,4.85
"Accuracy","5e4a2f23f64db74915406236","X4",1,7.631,"blue",0,29,0,1,409,"university level",3,2,2,1,1,2.05,3.5,4.85
"Accuracy","5e4a2f23f64db74915406236","X5",1,7.404,"blue",0,29,0,1,409,"university level",3,2,2,1,1,2.05,3.5,4.85
"Accuracy","5e4a2f23f64db74915406236","X6",1,9.215,"blue",0,29,0,1,409,"university level",3,2,2,1,1,2.05,3.5,4.85
"Accuracy","5e4a2f23f64db74915406236","X7",1,8.098,"yellow",1,29,0,1,409,"university level",3,2,2,1,1,2.05,3.5,4.85
"Accuracy","5ebb60fe5b408e13222c626c","X2",1,11.171,"yellow",0,22,0,1,1239,"university level",4,2,2,1,1,2.05,3.5,4.85
"Accuracy","5ebb60fe5b408e13222c626c","X3",1,5.729,"blue",0,22,0,1,1239,"university level",4,2,2,1,1,2.05,3.5,4.85
"Accuracy","5ebb60fe5b408e13222c626c","X4",1,9.41,"yellow",1,22,0,1,1239,"university level",4,2,2,1,1,2.05,3.5,4.85
"Accuracy","5eaf790df0b5cc682f9a19ce","X2",1,9.503,"blue",0,29,1,1,653,"university level",4,2,2,1,1,2.05,3.5,4.85
"Accuracy","5eaf790df0b5cc682f9a19ce","X3",1,6.391,"yellow",1,29,1,1,653,"university level",4,2,2,1,1,2.05,3.5,4.85
"Accuracy","5eaf790df0b5cc682f9a19ce","X4",1,8.335,"blue",0,29,1,1,653,"university level",4,2,2,1,1,2.05,3.5,4.85
"Accuracy","5eaf790df0b5cc682f9a19ce","X5",1,8.46,"blue",0,29,1,1,653,"university level",4,2,2,1,1,2.05,3.5,4.85
"Accuracy","5eaf790df0b5cc682f9a19ce","X6",1,10.815,"blue",0,29,1,1,653,"university level",4,2,2,1,1,2.05,3.5,4.85
"Accuracy","5eaf790df0b5cc682f9a19ce","X7",1,11.189,"yellow",1,29,1,1,653,"university level",4,2,2,1,1,2.05,3.5,4.85
"Accuracy","5eaf790df0b5cc682f9a19ce","X8",1,10.425,"yellow",1,29,1,1,653,"university level",4,2,2,1,1,2.05,3.5,4.85
"Accuracy","5eaf790df0b5cc682f9a19ce","X9",1,8.635,"yellow",1,29,1,1,653,"university level",4,2,2,1,1,2.05,3.5,4.85
"Accuracy","5e70e4309b339b03acc24159","X10",1,9.05,"blue",0,22,0,1,536,"university level",5,2,2,1,1,2.05,3.5,4.85
"Accuracy","5e70e4309b339b03acc24159","X2",1,7.918,"yellow",1,22,0,1,536,"university level",5,2,2,1,1,2.05,3.5,4.85
"Accuracy","5e70e4309b339b03acc24159","X3",1,8.421,"yellow",1,22,0,1,536,"university level",5,2,2,1,1,2.05,3.5,4.85
"Accuracy","5e70e4309b339b03acc24159","X4",1,7.901,"yellow",1,22,0,1,536,"university level",5,2,2,1,1,2.05,3.5,4.85
"Accuracy","5e70e4309b339b03acc24159","X5",1,7.043,"blue",0,22,0,1,536,"university level",5,2,2,1,1,2.05,3.5,4.85
"Accuracy","5e70e4309b339b03acc24159","X6",1,8.892,"blue",0,22,0,1,536,"university level",5,2,2,1,1,2.05,3.5,4.85
"Accuracy","5e70e4309b339b03acc24159","X7",1,9.517,"yellow",1,22,0,1,536,"university level",5,2,2,1,1,2.05,3.5,4.85
"Accuracy","5e70e4309b339b03acc24159","X8",1,7.502,"blue",0,22,0,1,536,"university level",5,2,2,1,1,2.05,3.5,4.85
"Accuracy","5e70e4309b339b03acc24159","X9",1,9.494,"yellow",1,22,0,1,536,"university level",5,2,2,1,1,2.05,3.5,4.85
"Accuracy","5e90c34303a0a90afb2227c6","X4",1,6.365,"yellow",1,22,0,1,1224,"high-school level",5,2,2,1,1,2.05,3.5,4.85
"Accuracy","5e90c34303a0a90afb2227c6","X5",1,7.54,"yellow",1,22,0,1,1224,"high-school level",5,2,2,1,1,2.05,3.5,4.85
"Accuracy","5e90c34303a0a90afb2227c6","X6",1,10.53,"yellow",1,22,0,1,1224,"high-school level",5,2,2,1,1,2.05,3.5,4.85
"Accuracy","5e90c34303a0a90afb2227c6","X7",1,8.751,"yellow",1,22,0,1,1224,"high-school level",5,2,2,1,1,2.05,3.5,4.85
"Accuracy","5e90c34303a0a90afb2227c6","X8",1,7.601,"blue",0,22,0,1,1224,"high-school level",5,2,2,1,1,2.05,3.5,4.85
"Accuracy","5e90c34303a0a90afb2227c6","X9",1,6.471,"yellow",1,22,0,1,1224,"high-school level",5,2,2,1,1,2.05,3.5,4.85
"Accuracy","5eabb065bdd63d19a679b364","X4",1,8.92,"blue",0,21,1,1,542,"high-school level",5,2,2,1,1,2.05,3.5,4.85
"Accuracy","5eabb065bdd63d19a679b364","X5",1,9.846,"blue",0,21,1,1,542,"high-school level",5,2,2,1,1,2.05,3.5,4.85
"Accuracy","5eabb065bdd63d19a679b364","X6",1,11.118,"blue",0,21,1,1,542,"high-school level",5,2,2,1,1,2.05,3.5,4.85
"Accuracy","5eabb065bdd63d19a679b364","X7",1,10.079,"yellow",1,21,1,1,542,"high-school level",5,2,2,1,1,2.05,3.5,4.85
"Accuracy","5eabb065bdd63d19a679b364","X8",1,9.011,"blue",0,21,1,1,542,"high-school level",5,2,2,1,1,2.05,3.5,4.85
"Accuracy","5eabb065bdd63d19a679b364","X9",1,9.763,"yellow",1,21,1,1,542,"high-school level",5,2,2,1,1,2.05,3.5,4.85
"Accuracy","5df837d7afb8b05ea6aafddb","X8",1,6.304,"yellow",1,21,0,1,459,"university level",3,2,2,1,1,2.05,3.5,4.85
"Accuracy","5df837d7afb8b05ea6aafddb","X9",1,5.043,"yellow",1,21,0,1,459,"university level",3,2,2,1,1,2.05,3.5,4.85
"Accuracy","5deef64126ff0259490b942c","X1",1,5.715,"blue",0,27,1,1,288,"university level",4,2,2,1,1,2.05,3.5,4.85
"Accuracy","5deef64126ff0259490b942c","X10",0,NA,"blue",1,27,1,1,288,"university level",4,2,2,1,1,2.05,3.5,4.85
"Accuracy","5deef64126ff0259490b942c","X2",1,8.852,"blue",0,27,1,1,288,"university level",4,2,2,1,1,2.05,3.5,4.85
"Accuracy","5deef64126ff0259490b942c","X3",0,NA,"blue",1,27,1,1,288,"university level",4,2,2,1,1,2.05,3.5,4.85
"Accuracy","5deef64126ff0259490b942c","X4",1,9.323,"yellow",1,27,1,1,288,"university level",4,2,2,1,1,2.05,3.5,4.85
"Accuracy","5e920e9a7da4b35496c9d828","X2",1,9.596,"yellow",1,19,1,1,514,"university level",4,2,2,1,1,2.05,3.5,4.85
"Accuracy","5e920e9a7da4b35496c9d828","X3",1,5.175,"blue",0,19,1,1,514,"university level",4,2,2,1,1,2.05,3.5,4.85
"Accuracy","5e7307087f94ce260c6076f2","X1",1,8.955,"blue",0,39,0,1,1518,"no training",3,2,2,1,1,2.05,3.5,4.85
"Accuracy","5e7307087f94ce260c6076f2","X10",1,38.433,"blue",0,39,0,1,1518,"no training",3,2,2,1,1,2.05,3.5,4.85
"Accuracy","5eb03e8542bbba0ab22b730f","X2",1,8.839,"blue",0,18,0,1,582,"high-school level",4,2,2,1,1,2.05,3.5,4.85
"Accuracy","5eb03e8542bbba0ab22b730f","X3",1,5.93,"blue",0,18,0,1,582,"high-school level",4,2,2,1,1,2.05,3.5,4.85
"Accuracy","5df0eb850042e812ca51313a","X10",1,8.685,"blue",0,33,1,1,608,"no training",4,2,2,1,1,2.05,3.5,4.85
"Accuracy","5df0eb850042e812ca51313a","X2",1,21.391,"yellow",1,33,1,1,608,"no training",4,2,2,1,1,2.05,3.5,4.85
"Accuracy","5df0eb850042e812ca51313a","X3",1,6.042,"yellow",0,33,1,1,608,"no training",4,2,2,1,1,2.05,3.5,4.85
"Accuracy","5d163b17e476370001f4e97c","X1",1,4.784,"blue",0,32,0,1,259,"high-school level",5,2,2,1,1,2.05,3.5,4.85
"Accuracy","5d163b17e476370001f4e97c","X10",1,8.877,"blue",0,32,0,1,259,"high-school level",5,2,2,1,1,2.05,3.5,4.85
"Accuracy","5d163b17e476370001f4e97c","X2",1,6.835,"blue",0,32,0,1,259,"high-school level",5,2,2,1,1,2.05,3.5,4.85
"Accuracy","5d163b17e476370001f4e97c","X3",1,4.049,"yellow",1,32,0,1,259,"high-school level",5,2,2,1,1,2.05,3.5,4.85
"Accuracy","5d163b17e476370001f4e97c","X4",1,6.709,"blue",0,32,0,1,259,"high-school level",5,2,2,1,1,2.05,3.5,4.85
"Accuracy","5d163b17e476370001f4e97c","X5",1,6.697,"blue",1,32,0,1,259,"high-school level",5,2,2,1,1,2.05,3.5,4.85
"Accuracy","5d163b17e476370001f4e97c","X6",1,6.365,"blue",0,32,0,1,259,"high-school level",5,2,2,1,1,2.05,3.5,4.85
"Accuracy","5d163b17e476370001f4e97c","X7",1,6.157,"yellow",1,32,0,1,259,"high-school level",5,2,2,1,1,2.05,3.5,4.85
"Accuracy","5d163b17e476370001f4e97c","X8",1,6.292,"blue",0,32,0,1,259,"high-school level",5,2,2,1,1,2.05,3.5,4.85
"Accuracy","5d163b17e476370001f4e97c","X9",1,5.672,"yellow",1,32,0,1,259,"high-school level",5,2,2,1,1,2.05,3.5,4.85
"Accuracy","5d33ff76f665c6001ab9aa1e","X1",1,12.023,"yellow",1,26,1,0,689,"university level",4,2,2,1,1,2.05,3.5,4.85
"Accuracy","5d33ff76f665c6001ab9aa1e","X10",1,9.055,"yellow",1,26,1,0,689,"university level",4,2,2,1,1,2.05,3.5,4.85
"Accuracy","5d33ff76f665c6001ab9aa1e","X2",1,11.36,"blue",0,26,1,0,689,"university level",4,2,2,1,1,2.05,3.5,4.85
"Accuracy","5d33ff76f665c6001ab9aa1e","X3",1,6.003,"blue",0,26,1,0,689,"university level",4,2,2,1,1,2.05,3.5,4.85
"Accuracy","5d33ff76f665c6001ab9aa1e","X4",1,9.735,"blue",0,26,1,0,689,"university level",4,2,2,1,1,2.05,3.5,4.85
"Accuracy","5d33ff76f665c6001ab9aa1e","X5",1,7.488,"blue",1,26,1,0,689,"university level",4,2,2,1,1,2.05,3.5,4.85
"Accuracy","5d33ff76f665c6001ab9aa1e","X6",1,10.249,"blue",0,26,1,0,689,"university level",4,2,2,1,1,2.05,3.5,4.85
"Accuracy","5d33ff76f665c6001ab9aa1e","X7",1,18.351,"blue",0,26,1,0,689,"university level",4,2,2,1,1,2.05,3.5,4.85
"Accuracy","5d33ff76f665c6001ab9aa1e","X8",1,8.81,"blue",0,26,1,0,689,"university level",4,2,2,1,1,2.05,3.5,4.85
"Accuracy","5d33ff76f665c6001ab9aa1e","X9",1,8.022,"blue",0,26,1,0,689,"university level",4,2,2,1,1,2.05,3.5,4.85
"Accuracy","5df837d7afb8b05ea6aafddb","X4",1,6.084,"yellow",1,21,0,1,459,"university level",3,2,2,1,1,2.05,3.5,4.85
"Accuracy","5df837d7afb8b05ea6aafddb","X5",1,5.651,"blue",0,21,0,1,459,"university level",3,2,2,1,1,2.05,3.5,4.85
"Accuracy","5df837d7afb8b05ea6aafddb","X6",1,7.148,"yellow",1,21,0,1,459,"university level",3,2,2,1,1,2.05,3.5,4.85
"Accuracy","5df837d7afb8b05ea6aafddb","X7",1,6.137,"yellow",1,21,0,1,459,"university level",3,2,2,1,1,2.05,3.5,4.85
"Accuracy","5da5f72c002c29001335b57d","X5",1,16.433,"blue",0,29,0,0,498,"no training",3,2,2,1,1,2.05,3.5,4.85
"Accuracy","5da5f72c002c29001335b57d","X6",1,14.068,"yellow",1,29,0,0,498,"no training",3,2,2,1,1,2.05,3.5,4.85
"Accuracy","5dfc64647adf4b971f329cbf","X1",1,35.617,"blue",0,33,0,1,1750,"high-school level",4,2,2,1,1,2.05,3.5,4.85
"Accuracy","5dfc64647adf4b971f329cbf","X10",1,102.221,"yellow",1,33,0,1,1750,"high-school level",4,2,2,1,1,2.05,3.5,4.85
"Accuracy","5dfc64647adf4b971f329cbf","X2",0,NA,"blue",1,33,0,1,1750,"high-school level",4,2,2,1,1,2.05,3.5,4.85
"Accuracy","5dfc64647adf4b971f329cbf","X3",1,11.685,"yellow",1,33,0,1,1750,"high-school level",4,2,2,1,1,2.05,3.5,4.85
"Accuracy","5dfc64647adf4b971f329cbf","X4",1,59.388,"yellow",1,33,0,1,1750,"high-school level",4,2,2,1,1,2.05,3.5,4.85
"Accuracy","5dfc64647adf4b971f329cbf","X5",1,20.026,"blue",0,33,0,1,1750,"high-school level",4,2,2,1,1,2.05,3.5,4.85
"Accuracy","5dfc64647adf4b971f329cbf","X6",1,32.641,"blue",1,33,0,1,1750,"high-school level",4,2,2,1,1,2.05,3.5,4.85
"Accuracy","5dfc64647adf4b971f329cbf","X7",1,15.579,"blue",0,33,0,1,1750,"high-school level",4,2,2,1,1,2.05,3.5,4.85
"Accuracy","5dfc64647adf4b971f329cbf","X8",1,24.802,"yellow",1,33,0,1,1750,"high-school level",4,2,2,1,1,2.05,3.5,4.85
"Accuracy","5dfc64647adf4b971f329cbf","X9",1,10.063,"yellow",1,33,0,1,1750,"high-school level",4,2,2,1,1,2.05,3.5,4.85
"Accuracy","5e97984bca82b62676c3293e","X8",1,14.502,"yellow",1,21,0,1,911,"university level",3,2,2,1,1,2.05,3.5,4.85
"Accuracy","5e97984bca82b62676c3293e","X9",1,10.264,"blue",0,21,0,1,911,"university level",3,2,2,1,1,2.05,3.5,4.85
"Accuracy","5e98752d6bebcf0852590d7b","X1",1,5.441,"blue",0,19,1,1,395,"high-school level",3,2,2,1,1,2.05,3.5,4.85
"Accuracy","5e98752d6bebcf0852590d7b","X10",1,11.495,"blue",0,19,1,1,395,"high-school level",3,2,2,1,1,2.05,3.5,4.85
"Accuracy","5e98752d6bebcf0852590d7b","X2",1,8.355,"blue",0,19,1,1,395,"high-school level",3,2,2,1,1,2.05,3.5,4.85
"Accuracy","5e98752d6bebcf0852590d7b","X3",1,7.895,"blue",0,19,1,1,395,"high-school level",3,2,2,1,1,2.05,3.5,4.85
"Accuracy","5e98752d6bebcf0852590d7b","X4",1,8.697,"blue",0,19,1,1,395,"high-school level",3,2,2,1,1,2.05,3.5,4.85
"Accuracy","5e98752d6bebcf0852590d7b","X5",1,6.511,"blue",0,19,1,1,395,"high-school level",3,2,2,1,1,2.05,3.5,4.85
"Accuracy","5e98752d6bebcf0852590d7b","X6",1,7.348,"yellow",1,19,1,1,395,"high-school level",3,2,2,1,1,2.05,3.5,4.85
"Accuracy","5e98752d6bebcf0852590d7b","X7",1,9.608,"blue",0,19,1,1,395,"high-school level",3,2,2,1,1,2.05,3.5,4.85
"Accuracy","5e149635ac9e16ab48f85941","X1",1,6.71,"blue",0,23,1,1,477,"no training",5,2,2,1,1,2.05,3.5,4.85
"Accuracy","5e149635ac9e16ab48f85941","X10",1,12.226,"blue",0,23,1,1,477,"no training",5,2,2,1,1,2.05,3.5,4.85
"Accuracy","5e149635ac9e16ab48f85941","X2",1,13.898,"blue",0,23,1,1,477,"no training",5,2,2,1,1,2.05,3.5,4.85
"Accuracy","5e149635ac9e16ab48f85941","X3",1,6.986,"blue",0,23,1,1,477,"no training",5,2,2,1,1,2.05,3.5,4.85
"Accuracy","5e149635ac9e16ab48f85941","X4",1,11.526,"yellow",1,23,1,1,477,"no training",5,2,2,1,1,2.05,3.5,4.85
"Accuracy","5e149635ac9e16ab48f85941","X5",1,6.976,"blue",0,23,1,1,477,"no training",5,2,2,1,1,2.05,3.5,4.85
"Accuracy","5e149635ac9e16ab48f85941","X6",1,10.021,"yellow",1,23,1,1,477,"no training",5,2,2,1,1,2.05,3.5,4.85
"Accuracy","5e149635ac9e16ab48f85941","X7",1,7.253,"yellow",1,23,1,1,477,"no training",5,2,2,1,1,2.05,3.5,4.85
"Accuracy","5e794f94cd742b5121734d4c","X2",1,11.147,"yellow",1,20,0,1,461,"no training",4,2,2,1,1,2.05,3.5,4.85
"Accuracy","5e794f94cd742b5121734d4c","X3",1,4.568,"yellow",1,20,0,1,461,"no training",4,2,2,1,1,2.05,3.5,4.85
"Accuracy","5ea201c4e863490fe56bd385","X9",1,12.428,"yellow",1,28,1,1,635,"university level",5,2,2,1,1,2.05,3.5,4.85
"Accuracy","5e8eb4f68099ec16cd166970","X7",1,6.379,"yellow",1,22,0,1,380,"university level",3,2,3,0,1,2.05,3.5,4.85
"Accuracy","5e9baa3e02bbdc0b4c1796d9","X1",1,9.412,"yellow",1,20,1,1,909,"high-school level",2,2,2,1,1,2.05,3.5,4.85
"Accuracy","5e9baa3e02bbdc0b4c1796d9","X10",1,12.019,"blue",0,20,1,1,909,"high-school level",2,2,2,1,1,2.05,3.5,4.85
"Accuracy","5e9baa3e02bbdc0b4c1796d9","X2",1,10.844,"blue",0,20,1,1,909,"high-school level",2,2,2,1,1,2.05,3.5,4.85
"Accuracy","5e9baa3e02bbdc0b4c1796d9","X3",1,7.84,"blue",0,20,1,1,909,"high-school level",2,2,2,1,1,2.05,3.5,4.85
"Accuracy","5da5f72c002c29001335b57d","X3",0,NA,"yellow",0,29,0,0,498,"no training",3,2,2,1,1,2.05,3.5,4.85
"Accuracy","5da5f72c002c29001335b57d","X4",1,8.606,"yellow",1,29,0,0,498,"no training",3,2,2,1,1,2.05,3.5,4.85
"Accuracy","5eb9ea44968b651244404aac","X10",1,7.485,"yellow",1,23,1,1,456,"university level",4,2,2,1,1,2.05,3.5,4.85
"Accuracy","5e7825d256b26e3a278d8c73","X10",1,9.964,"blue",0,32,1,1,559,"university level",5,2,2,1,1,2.05,3.5,4.85
"Accuracy","5da5f72c002c29001335b57d","X7",1,9.124,"yellow",1,29,0,0,498,"no training",3,2,2,1,1,2.05,3.5,4.85
"Accuracy","5ebb48fa86aba5115f8f33c9","X5",1,11.085,"blue",0,28,1,1,670,"university level",5,2,2,1,1,2.05,3.5,4.85
"Accuracy","5ebb48fa86aba5115f8f33c9","X6",1,11.34,"yellow",1,28,1,1,670,"university level",5,2,2,1,1,2.05,3.5,4.85
"Accuracy","5ebb48fa86aba5115f8f33c9","X7",1,9.692,"yellow",1,28,1,1,670,"university level",5,2,2,1,1,2.05,3.5,4.85
"Accuracy","5ea2343c360fe41485a02d81","X2",1,9.022,"yellow",1,24,0,1,404,"high-school level",3,2,2,1,1,2.05,3.5,4.85
"Accuracy","5ea2343c360fe41485a02d81","X3",1,4.107,"yellow",1,24,0,1,404,"high-school level",3,2,2,1,1,2.05,3.5,4.85
"Accuracy","5ea2343c360fe41485a02d81","X4",1,6.117,"blue",0,24,0,1,404,"high-school level",3,2,2,1,1,2.05,3.5,4.85
"Accuracy","5ea2343c360fe41485a02d81","X6",1,12.491,"yellow",1,24,0,1,404,"high-school level",3,2,2,1,1,2.05,3.5,4.85
"Accuracy","5eaf790df0b5cc682f9a19ce","X1",1,9.96,"blue",0,29,1,1,653,"university level",4,2,2,1,1,2.05,3.5,4.85
"Accuracy","5eaf790df0b5cc682f9a19ce","X10",1,10.004,"blue",0,29,1,1,653,"university level",4,2,2,1,1,2.05,3.5,4.85
"Accuracy","5e7307087f94ce260c6076f2","X2",1,10.528,"blue",0,39,0,1,1518,"no training",3,2,2,1,1,2.05,3.5,4.85
"Accuracy","5e7307087f94ce260c6076f2","X3",1,7.937,"blue",0,39,0,1,1518,"no training",3,2,2,1,1,2.05,3.5,4.85
"Accuracy","5eb03e8542bbba0ab22b730f","X4",1,7.779,"blue",0,18,0,1,582,"high-school level",4,2,2,1,1,2.05,3.5,4.85
"Accuracy","5eb03e8542bbba0ab22b730f","X5",1,7.285,"blue",0,18,0,1,582,"high-school level",4,2,2,1,1,2.05,3.5,4.85
"Accuracy","5ebb60fe5b408e13222c626c","X8",1,9.623,"yellow",1,22,0,1,1239,"university level",4,2,2,1,1,2.05,3.5,4.85
"Accuracy","5ebb60fe5b408e13222c626c","X9",1,7.277,"yellow",1,22,0,1,1239,"university level",4,2,2,1,1,2.05,3.5,4.85
"Accuracy","5e279f3eb202039d8b6812d6","X6",1,12.779,"yellow",1,21,1,1,402,"university level",4,2,2,1,1,2.05,3.5,4.85
"Accuracy","5e279f3eb202039d8b6812d6","X7",1,10.589,"yellow",1,21,1,1,402,"university level",4,2,2,1,1,2.05,3.5,4.85
"Accuracy","5e90a1eaad04060882d17a3d","X4",1,5.049,"blue",0,26,0,1,441,"high-school level",3,2,1,0,1,2.05,3.5,4.85
"Accuracy","5e90a1eaad04060882d17a3d","X5",1,5.365,"yellow",1,26,0,1,441,"high-school level",3,2,1,0,1,2.05,3.5,4.85
"Accuracy","5e90a1eaad04060882d17a3d","X6",1,5.606,"blue",0,26,0,1,441,"high-school level",3,2,1,0,1,2.05,3.5,4.85
"Accuracy","5e90a1eaad04060882d17a3d","X7",1,5.583,"blue",0,26,0,1,441,"high-school level",3,2,1,0,1,2.05,3.5,4.85
"Accuracy","5e90a1eaad04060882d17a3d","X8",1,5.888,"blue",0,26,0,1,441,"high-school level",3,2,1,0,1,2.05,3.5,4.85
"Accuracy","5e90a1eaad04060882d17a3d","X9",1,4.96,"yellow",1,26,0,1,441,"high-school level",3,2,1,0,1,2.05,3.5,4.85
"Accuracy","5e90c34303a0a90afb2227c6","X1",1,6.999,"yellow",1,22,0,1,1224,"high-school level",5,2,2,1,1,2.05,3.5,4.85
"Accuracy","5e90c34303a0a90afb2227c6","X10",1,13.139,"yellow",1,22,0,1,1224,"high-school level",5,2,2,1,1,2.05,3.5,4.85
"Accuracy","5eafc593ea86b06dc1628d88","X8",1,8.118,"blue",0,18,0,1,331,"no training",5,2,2,1,1,2.05,3.5,4.85
"Accuracy","5eafc593ea86b06dc1628d88","X9",1,6.08,"yellow",1,18,0,1,331,"no training",5,2,2,1,1,2.05,3.5,4.85
"Accuracy","5eafd506b7adcd01901acc27","X1",1,5.354,"blue",0,29,0,1,818,"high-school level",5,2,2,1,1,2.05,3.5,4.85
"Accuracy","5eafd506b7adcd01901acc27","X10",1,9.9,"yellow",0,29,0,1,818,"high-school level",5,2,2,1,1,2.05,3.5,4.85
"Accuracy","5eafd506b7adcd01901acc27","X2",1,9.701,"yellow",0,29,0,1,818,"high-school level",5,2,2,1,1,2.05,3.5,4.85
"Accuracy","5eafd506b7adcd01901acc27","X3",1,4.601,"blue",1,29,0,1,818,"high-school level",5,2,2,1,1,2.05,3.5,4.85
"Accuracy","5eafd506b7adcd01901acc27","X4",1,5.793,"blue",1,29,0,1,818,"high-school level",5,2,2,1,1,2.05,3.5,4.85
"Accuracy","5eafd506b7adcd01901acc27","X5",1,15.636,"blue",0,29,0,1,818,"high-school level",5,2,2,1,1,2.05,3.5,4.85
"Accuracy","5eafd506b7adcd01901acc27","X6",1,6.601,"yellow",1,29,0,1,818,"high-school level",5,2,2,1,1,2.05,3.5,4.85
"Accuracy","5eafd506b7adcd01901acc27","X7",1,9.979,"yellow",1,29,0,1,818,"high-school level",5,2,2,1,1,2.05,3.5,4.85
"Accuracy","5eb94f115b6de201bac4a76d","X9",0,NA,"yellow",1,NA,0,0,548,"university level",2,2,2,1,1,2.05,3.5,4.85
"Accuracy","5eb9ea44968b651244404aac","X1",1,5.799,"yellow",1,23,1,1,456,"university level",4,2,2,1,1,2.05,3.5,4.85
"Accuracy","5e674b0380e3a54c79a6fb09","X9",1,6.357,"yellow",1,23,1,1,328,"university level",5,2,2,1,1,2.05,3.5,4.85
"Accuracy","5ebb48fa86aba5115f8f33c9","X2",1,12.275,"blue",0,28,1,1,670,"university level",5,2,2,1,1,2.05,3.5,4.85
"Accuracy","5e7825d256b26e3a278d8c73","X2",1,11.055,"blue",0,32,1,1,559,"university level",5,2,2,1,1,2.05,3.5,4.85
"Accuracy","5e7825d256b26e3a278d8c73","X3",1,9.368,"yellow",1,32,1,1,559,"university level",5,2,2,1,1,2.05,3.5,4.85
"Accuracy","5e7825d256b26e3a278d8c73","X4",1,7.267,"blue",0,32,1,1,559,"university level",5,2,2,1,1,2.05,3.5,4.85
"Accuracy","5e7825d256b26e3a278d8c73","X5",1,7.245,"blue",0,32,1,1,559,"university level",5,2,2,1,1,2.05,3.5,4.85
"Accuracy","5e920e9a7da4b35496c9d828","X1",1,5.139,"blue",0,19,1,1,514,"university level",4,2,2,1,1,2.05,3.5,4.85
"Accuracy","5e920e9a7da4b35496c9d828","X10",1,9.748,"blue",0,19,1,1,514,"university level",4,2,2,1,1,2.05,3.5,4.85
"Accuracy","5e864d036d765027f7c0760d","X1",1,14.418,"yellow",1,24,0,1,604,"university level",3,2,2,1,1,2.05,3.5,4.85
"Accuracy","5e864d036d765027f7c0760d","X10",1,10.958,"blue",0,24,0,1,604,"university level",3,2,2,1,1,2.05,3.5,4.85
"Accuracy","5d9a09095223b6001809f1c9","X4",1,8.664,"yellow",1,20,0,1,420,"high-school level",5,2,2,1,1,2.05,3.5,4.85
"Accuracy","5e920e9a7da4b35496c9d828","X4",1,6.744,"yellow",1,19,1,1,514,"university level",4,2,2,1,1,2.05,3.5,4.85
"Accuracy","5d9a09095223b6001809f1c9","X6",1,6.033,"yellow",1,20,0,1,420,"high-school level",5,2,2,1,1,2.05,3.5,4.85
"Accuracy","5d9a09095223b6001809f1c9","X7",1,11.364,"yellow",1,20,0,1,420,"high-school level",5,2,2,1,1,2.05,3.5,4.85
"Accuracy","5d9a09095223b6001809f1c9","X8",1,6.351,"yellow",1,20,0,1,420,"high-school level",5,2,2,1,1,2.05,3.5,4.85
"Accuracy","5d9a09095223b6001809f1c9","X9",1,32.38,"yellow",1,20,0,1,420,"high-school level",5,2,2,1,1,2.05,3.5,4.85
"Accuracy","5e279f3eb202039d8b6812d6","X4",1,10.361,"blue",0,21,1,1,402,"university level",4,2,2,1,1,2.05,3.5,4.85
"Accuracy","5e279f3eb202039d8b6812d6","X5",1,6.801,"yellow",1,21,1,1,402,"university level",4,2,2,1,1,2.05,3.5,4.85
"Accuracy","5ddaa1e583e309a04100bd57","X3",0,NA,"blue",1,20,1,1,487,"no training",3,2,2,1,1,2.05,3.5,4.85
"Accuracy","5ddaa1e583e309a04100bd57","X4",1,8.344,"yellow",0,20,1,1,487,"no training",3,2,2,1,1,2.05,3.5,4.85
"Accuracy","5d82dce291fa480016305897","X4",0,NA,"yellow",0,20,1,1,371,"no training",4,2,1,0,1,2.05,3.5,4.85
"Accuracy","5d82dce291fa480016305897","X5",1,8.007,"yellow",1,20,1,1,371,"no training",4,2,1,0,1,2.05,3.5,4.85
"Accuracy","5d82dce291fa480016305897","X6",1,11.129,"yellow",1,20,1,1,371,"no training",4,2,1,0,1,2.05,3.5,4.85
"Accuracy","5d82dce291fa480016305897","X7",0,NA,"yellow",1,20,1,1,371,"no training",4,2,1,0,1,2.05,3.5,4.85
"Accuracy","5d82dce291fa480016305897","X8",0,NA,"yellow",0,20,1,1,371,"no training",4,2,1,0,1,2.05,3.5,4.85
"Accuracy","5d82dce291fa480016305897","X9",1,59.432,"yellow",0,20,1,1,371,"no training",4,2,1,0,1,2.05,3.5,4.85
"Accuracy","5e7f9fd137169a6887857505","X8",1,6.408,"yellow",1,22,0,0,552,"high-school level",5,2,2,1,1,2.05,3.5,4.85
"Accuracy","5e7f9fd137169a6887857505","X9",1,5.335,"yellow",1,22,0,0,552,"high-school level",5,2,2,1,1,2.05,3.5,4.85
"Accuracy","5eba15915da926159040f442","X9",1,6.604,"blue",0,19,0,1,643,"high-school level",4,2,2,1,1,2.05,3.5,4.85
"Accuracy","5e8de83c1b700806403cf0df","X2",1,18.963,"blue",0,21,0,1,568,"no training",2,2,2,1,1,2.05,3.5,4.85
"Accuracy","5eb10e1b6e2f921d6d6567dd","X1",1,5.133,"blue",0,23,0,1,316,"university level",5,2,2,1,1,2.05,3.5,4.85
"Accuracy","5eb10e1b6e2f921d6d6567dd","X10",1,5.015,"blue",0,23,0,1,316,"university level",5,2,2,1,1,2.05,3.5,4.85
"Accuracy","5eb10e1b6e2f921d6d6567dd","X2",1,8.314,"blue",0,23,0,1,316,"university level",5,2,2,1,1,2.05,3.5,4.85
"Accuracy","5eb10e1b6e2f921d6d6567dd","X3",1,3.786,"blue",0,23,0,1,316,"university level",5,2,2,1,1,2.05,3.5,4.85
"Accuracy","5eb10e1b6e2f921d6d6567dd","X4",1,5.141,"blue",0,23,0,1,316,"university level",5,2,2,1,1,2.05,3.5,4.85
"Accuracy","5eb10e1b6e2f921d6d6567dd","X5",1,3.816,"yellow",1,23,0,1,316,"university level",5,2,2,1,1,2.05,3.5,4.85
"Accuracy","5eb10e1b6e2f921d6d6567dd","X6",1,5.579,"yellow",1,23,0,1,316,"university level",5,2,2,1,1,2.05,3.5,4.85
"Accuracy","5eb10e1b6e2f921d6d6567dd","X7",1,4.578,"yellow",1,23,0,1,316,"university level",5,2,2,1,1,2.05,3.5,4.85
"Accuracy","5e84b8443f064006f1b5215c","X1",1,6.576,"blue",0,33,0,1,591,"no training",4,2,2,1,1,2.05,3.5,4.85
"Accuracy","5e84b8443f064006f1b5215c","X10",1,29.743,"yellow",1,33,0,1,591,"no training",4,2,2,1,1,2.05,3.5,4.85
"Accuracy","5e8f10db1e5f531d1a7723ae","X3",1,6.257,"blue",0,25,1,1,396,"research level",5,2,2,1,1,2.05,3.5,4.85
"Accuracy","5e7825d256b26e3a278d8c73","X1",1,7.089,"yellow",1,32,1,1,559,"university level",5,2,2,1,1,2.05,3.5,4.85
"Accuracy","5ebb48fa86aba5115f8f33c9","X3",1,9.095,"yellow",1,28,1,1,670,"university level",5,2,2,1,1,2.05,3.5,4.85
"Accuracy","5ebb48fa86aba5115f8f33c9","X4",1,8.7,"yellow",1,28,1,1,670,"university level",5,2,2,1,1,2.05,3.5,4.85
"Accuracy","5e4a2f23f64db74915406236","X10",1,10.521,"blue",0,29,0,1,409,"university level",3,2,2,1,1,2.05,3.5,4.85
"Accuracy","5e4a2f23f64db74915406236","X2",1,9.761,"blue",0,29,0,1,409,"university level",3,2,2,1,1,2.05,3.5,4.85
"Accuracy","5e84b8443f064006f1b5215c","X8",1,7.645,"yellow",1,33,0,1,591,"no training",4,2,2,1,1,2.05,3.5,4.85
"Accuracy","5e84b8443f064006f1b5215c","X9",1,8.295,"yellow",1,33,0,1,591,"no training",4,2,2,1,1,2.05,3.5,4.85
"Accuracy","5e8e0a728565ef091f04d0aa","X1",1,22.4,"blue",0,22,1,1,807,"university level",4,2,2,1,1,2.05,3.5,4.85
"Accuracy","5e8e0a728565ef091f04d0aa","X10",1,35.169,"blue",1,22,1,1,807,"university level",4,2,2,1,1,2.05,3.5,4.85
"Accuracy","5ea2343c360fe41485a02d81","X5",1,9.092,"yellow",1,24,0,1,404,"high-school level",3,2,2,1,1,2.05,3.5,4.85
"Accuracy","5d9a09095223b6001809f1c9","X5",1,6.061,"yellow",1,20,0,1,420,"high-school level",5,2,2,1,1,2.05,3.5,4.85
"Accuracy","5e693ff6b5da8a069e4e8d21","X1",1,9.368,"blue",0,18,0,1,547,"no training",3,2,2,1,1,2.05,3.5,4.85
"Accuracy","5e920e9a7da4b35496c9d828","X5",1,8.092,"yellow",1,19,1,1,514,"university level",4,2,2,1,1,2.05,3.5,4.85
"Accuracy","5e920e9a7da4b35496c9d828","X6",1,10.472,"blue",0,19,1,1,514,"university level",4,2,2,1,1,2.05,3.5,4.85
"Accuracy","5e7307087f94ce260c6076f2","X4",1,57.375,"yellow",1,39,0,1,1518,"no training",3,2,2,1,1,2.05,3.5,4.85
"Accuracy","5e864d036d765027f7c0760d","X8",1,15.162,"yellow",1,24,0,1,604,"university level",3,2,2,1,1,2.05,3.5,4.85
"Accuracy","5e864d036d765027f7c0760d","X9",1,9.214,"yellow",1,24,0,1,604,"university level",3,2,2,1,1,2.05,3.5,4.85
"Accuracy","5e7307087f94ce260c6076f2","X7",1,35.622,"yellow",1,39,0,1,1518,"no training",3,2,2,1,1,2.05,3.5,4.85
"Accuracy","5df0eb850042e812ca51313a","X4",1,5.643,"blue",0,33,1,1,608,"no training",4,2,2,1,1,2.05,3.5,4.85
"Accuracy","5ddaa1e583e309a04100bd57","X5",1,6.799,"blue",0,20,1,1,487,"no training",3,2,2,1,1,2.05,3.5,4.85
"Accuracy","5ddaa1e583e309a04100bd57","X6",1,12.082,"yellow",1,20,1,1,487,"no training",3,2,2,1,1,2.05,3.5,4.85
"Accuracy","5e3b850d32667b3a17a6ea50","X1",1,7.221,"yellow",1,20,0,1,519,"no training",4,2,2,1,1,2.05,3.5,4.85
"Accuracy","5e3b850d32667b3a17a6ea50","X10",1,17.484,"yellow",1,20,0,1,519,"no training",4,2,2,1,1,2.05,3.5,4.85
"Accuracy","5e3b850d32667b3a17a6ea50","X2",1,7.066,"blue",0,20,0,1,519,"no training",4,2,2,1,1,2.05,3.5,4.85
"Accuracy","5e3b850d32667b3a17a6ea50","X3",1,6.094,"blue",1,20,0,1,519,"no training",4,2,2,1,1,2.05,3.5,4.85
"Accuracy","5e3b850d32667b3a17a6ea50","X4",1,10.348,"blue",0,20,0,1,519,"no training",4,2,2,1,1,2.05,3.5,4.85
"Accuracy","5e3b850d32667b3a17a6ea50","X5",0,NA,"blue",0,20,0,1,519,"no training",4,2,2,1,1,2.05,3.5,4.85
"Accuracy","5e3b850d32667b3a17a6ea50","X6",0,NA,"yellow",1,20,0,1,519,"no training",4,2,2,1,1,2.05,3.5,4.85
"Accuracy","5e3b850d32667b3a17a6ea50","X7",1,9.309,"yellow",0,20,0,1,519,"no training",4,2,2,1,1,2.05,3.5,4.85
"Accuracy","5e3b850d32667b3a17a6ea50","X8",1,5.856,"yellow",1,20,0,1,519,"no training",4,2,2,1,1,2.05,3.5,4.85
"Accuracy","5e3b850d32667b3a17a6ea50","X9",1,5.98,"blue",0,20,0,1,519,"no training",4,2,2,1,1,2.05,3.5,4.85
"Accuracy","5ea201c4e863490fe56bd385","X8",1,10.951,"blue",0,28,1,1,635,"university level",5,2,2,1,1,2.05,3.5,4.85
"Accuracy","5e8eb4f68099ec16cd166970","X6",1,8.135,"yellow",1,22,0,1,380,"university level",3,2,3,0,1,2.05,3.5,4.85
"Accuracy","5ebb26803576b50eb12d87d9","X4",1,6.268,"blue",0,24,1,1,501,"university level",5,2,2,1,1,2.05,3.5,4.85
"Accuracy","5e8eb4f68099ec16cd166970","X8",1,8.784,"blue",1,22,0,1,380,"university level",3,2,3,0,1,2.05,3.5,4.85
"Accuracy","5da5f72c002c29001335b57d","X1",1,13.471,"yellow",1,29,0,0,498,"no training",3,2,2,1,1,2.05,3.5,4.85
"Accuracy","5da5f72c002c29001335b57d","X10",1,18.306,"blue",0,29,0,0,498,"no training",3,2,2,1,1,2.05,3.5,4.85
"Accuracy","5da5f72c002c29001335b57d","X2",1,24.649,"blue",0,29,0,0,498,"no training",3,2,2,1,1,2.05,3.5,4.85
"Accuracy","5e8f10db1e5f531d1a7723ae","X2",1,6.75,"blue",0,25,1,1,396,"research level",5,2,2,1,1,2.05,3.5,4.85
"Accuracy","5e674b0380e3a54c79a6fb09","X8",1,14.318,"blue",0,23,1,1,328,"university level",5,2,2,1,1,2.05,3.5,4.85
"Accuracy","5ebb48fa86aba5115f8f33c9","X1",1,7.674,"blue",0,28,1,1,670,"university level",5,2,2,1,1,2.05,3.5,4.85
"Accuracy","5e94fe1e164143000adac1ae","X4",1,7.192,"yellow",1,NA,1,1,408,"no training",4,2,2,1,1,2.05,3.5,4.85
"Accuracy","5e94fe1e164143000adac1ae","X5",1,11.649,"blue",0,NA,1,1,408,"no training",4,2,2,1,1,2.05,3.5,4.85
"Accuracy","5e94fe1e164143000adac1ae","X6",1,8.028,"yellow",1,NA,1,1,408,"no training",4,2,2,1,1,2.05,3.5,4.85
"Accuracy","5e94fe1e164143000adac1ae","X7",1,9.031,"yellow",1,NA,1,1,408,"no training",4,2,2,1,1,2.05,3.5,4.85
"Accuracy","5e4a2f23f64db74915406236","X3",1,7.543,"blue",0,29,0,1,409,"university level",3,2,2,1,1,2.05,3.5,4.85
"Accuracy","5ea2343c360fe41485a02d81","X10",1,9.135,"blue",0,24,0,1,404,"high-school level",3,2,2,1,1,2.05,3.5,4.85
"Accuracy","5e94fe1e164143000adac1ae","X9",1,5.438,"blue",0,NA,1,1,408,"no training",4,2,2,1,1,2.05,3.5,4.85
"Accuracy","5e7825d256b26e3a278d8c73","X7",1,12.27,"yellow",0,32,1,1,559,"university level",5,2,2,1,1,2.05,3.5,4.85
"Accuracy","5e8e0a728565ef091f04d0aa","X2",1,10.573,"blue",0,22,1,1,807,"university level",4,2,2,1,1,2.05,3.5,4.85
"Accuracy","5ea2343c360fe41485a02d81","X7",1,6.407,"yellow",1,24,0,1,404,"high-school level",3,2,2,1,1,2.05,3.5,4.85
"Accuracy","5e97984bca82b62676c3293e","X4",1,9.361,"blue",0,21,0,1,911,"university level",3,2,2,1,1,2.05,3.5,4.85
"Accuracy","5e693ff6b5da8a069e4e8d21","X10",1,11.078,"yellow",1,18,0,1,547,"no training",3,2,2,1,1,2.05,3.5,4.85
"Accuracy","5e693ff6b5da8a069e4e8d21","X2",1,12.26,"blue",0,18,0,1,547,"no training",3,2,2,1,1,2.05,3.5,4.85
"Accuracy","5e693ff6b5da8a069e4e8d21","X3",1,12.892,"blue",0,18,0,1,547,"no training",3,2,2,1,1,2.05,3.5,4.85
"Accuracy","5e7307087f94ce260c6076f2","X5",1,16.276,"blue",0,39,0,1,1518,"no training",3,2,2,1,1,2.05,3.5,4.85
"Accuracy","5e7307087f94ce260c6076f2","X6",1,32.794,"blue",0,39,0,1,1518,"no training",3,2,2,1,1,2.05,3.5,4.85
"Accuracy","5ddaa1e583e309a04100bd57","X2",1,9.823,"blue",0,20,1,1,487,"no training",3,2,2,1,1,2.05,3.5,4.85
"Accuracy","5e693ff6b5da8a069e4e8d21","X6",1,9.454,"blue",0,18,0,1,547,"no training",3,2,2,1,1,2.05,3.5,4.85
"Accuracy","5eba15915da926159040f442","X1",1,7.365,"blue",0,19,0,1,643,"high-school level",4,2,2,1,1,2.05,3.5,4.85
"Accuracy","5eba15915da926159040f442","X10",1,9.54,"blue",0,19,0,1,643,"high-school level",4,2,2,1,1,2.05,3.5,4.85
"Accuracy","5eba15915da926159040f442","X2",1,11.952,"blue",0,19,0,1,643,"high-school level",4,2,2,1,1,2.05,3.5,4.85
"Accuracy","5eba15915da926159040f442","X3",1,10.143,"blue",0,19,0,1,643,"high-school level",4,2,2,1,1,2.05,3.5,4.85
"Accuracy","5eba15915da926159040f442","X4",1,15.935,"yellow",1,19,0,1,643,"high-school level",4,2,2,1,1,2.05,3.5,4.85
"Accuracy","5eba15915da926159040f442","X5",1,10.89,"blue",0,19,0,1,643,"high-school level",4,2,2,1,1,2.05,3.5,4.85
"Accuracy","5e946edca4ddb72c52fb270b","X9",1,8.684,"yellow",1,23,0,1,584,"no training",2,2,2,1,1,2.05,3.5,4.85
"Accuracy","5e94f9f2cd40fa876abe55ac","X1",1,4.417,"yellow",1,19,0,1,920,"high-school level",3,2,2,1,1,2.05,3.5,4.85
"Accuracy","5eba15915da926159040f442","X8",1,11.748,"yellow",1,19,0,1,643,"high-school level",4,2,2,1,1,2.05,3.5,4.85
"Accuracy","5e90c34303a0a90afb2227c6","X2",1,8.736,"blue",0,22,0,1,1224,"high-school level",5,2,2,1,1,2.05,3.5,4.85
"Accuracy","5eb94f115b6de201bac4a76d","X1",0,NA,"blue",0,NA,0,0,548,"university level",2,2,2,1,1,2.05,3.5,4.85
"Accuracy","5eb94f115b6de201bac4a76d","X10",0,NA,"yellow",0,NA,0,0,548,"university level",2,2,2,1,1,2.05,3.5,4.85
"Accuracy","5eb94f115b6de201bac4a76d","X2",0,NA,"yellow",1,NA,0,0,548,"university level",2,2,2,1,1,2.05,3.5,4.85
"Accuracy","5eb94f115b6de201bac4a76d","X3",0,NA,"blue",0,NA,0,0,548,"university level",2,2,2,1,1,2.05,3.5,4.85
"Accuracy","5eb94f115b6de201bac4a76d","X4",0,NA,"yellow",0,NA,0,0,548,"university level",2,2,2,1,1,2.05,3.5,4.85
"Accuracy","5eb94f115b6de201bac4a76d","X5",0,NA,"yellow",1,NA,0,0,548,"university level",2,2,2,1,1,2.05,3.5,4.85
"Accuracy","5eb94f115b6de201bac4a76d","X6",0,NA,"blue",0,NA,0,0,548,"university level",2,2,2,1,1,2.05,3.5,4.85
"Accuracy","5eb94f115b6de201bac4a76d","X7",0,NA,"yellow",0,NA,0,0,548,"university level",2,2,2,1,1,2.05,3.5,4.85
"Accuracy","5eb94f115b6de201bac4a76d","X8",0,NA,"yellow",1,NA,0,0,548,"university level",2,2,2,1,1,2.05,3.5,4.85
"Accuracy","5e674b0380e3a54c79a6fb09","X7",1,8.366,"blue",0,23,1,1,328,"university level",5,2,2,1,1,2.05,3.5,4.85
"Accuracy","5ebb26803576b50eb12d87d9","X9",1,9.325,"yellow",1,24,1,1,501,"university level",5,2,2,1,1,2.05,3.5,4.85
"Accuracy","5e77f95053032d0b15687284","X9",1,5.353,"yellow",1,27,1,1,612,"high-school level",4,2,2,1,1,2.05,3.5,4.85
"Accuracy","5ebb48fa86aba5115f8f33c9","X10",1,10.498,"yellow",1,28,1,1,670,"university level",5,2,2,1,1,2.05,3.5,4.85
"Accuracy","5ead1b23eb3ceb3a05e18154","X7",1,23.075,"blue",0,18,0,1,851,"high-school level",5,2,2,1,1,2.05,3.5,4.85
"Accuracy","5e4a2f23f64db74915406236","X1",1,6.744,"blue",0,29,0,1,409,"university level",3,2,2,1,1,2.05,3.5,4.85
"Accuracy","5ead1b23eb3ceb3a05e18154","X9",1,12.449,"yellow",1,18,0,1,851,"high-school level",5,2,2,1,1,2.05,3.5,4.85
"Accuracy","5e94fe1e164143000adac1ae","X8",1,5.711,"blue",0,NA,1,1,408,"no training",4,2,2,1,1,2.05,3.5,4.85
"Accuracy","5e7825d256b26e3a278d8c73","X6",1,10.192,"yellow",1,32,1,1,559,"university level",5,2,2,1,1,2.05,3.5,4.85
"Accuracy","5e693ff6b5da8a069e4e8d21","X8",1,30.852,"yellow",1,18,0,1,547,"no training",3,2,2,1,1,2.05,3.5,4.85
"Accuracy","5e693ff6b5da8a069e4e8d21","X9",1,13.255,"yellow",1,18,0,1,547,"no training",3,2,2,1,1,2.05,3.5,4.85
"Accuracy","5e7825d256b26e3a278d8c73","X8",1,13.852,"yellow",1,32,1,1,559,"university level",5,2,2,1,1,2.05,3.5,4.85
"Accuracy","5e8e0a728565ef091f04d0aa","X3",1,6.159,"yellow",1,22,1,1,807,"university level",4,2,2,1,1,2.05,3.5,4.85
"Accuracy","5e97984bca82b62676c3293e","X2",1,39.963,"blue",0,21,0,1,911,"university level",3,2,2,1,1,2.05,3.5,4.85
"Accuracy","5e97984bca82b62676c3293e","X5",1,14.001,"blue",0,21,0,1,911,"university level",3,2,2,1,1,2.05,3.5,4.85
"Accuracy","5e97984bca82b62676c3293e","X6",1,9.122,"blue",0,21,0,1,911,"university level",3,2,2,1,1,2.05,3.5,4.85
"Accuracy","5e97984bca82b62676c3293e","X7",1,13.962,"blue",1,21,0,1,911,"university level",3,2,2,1,1,2.05,3.5,4.85
"Accuracy","5ddaa1e583e309a04100bd57","X1",1,5.165,"yellow",1,20,1,1,487,"no training",3,2,2,1,1,2.05,3.5,4.85
"Accuracy","5ddaa1e583e309a04100bd57","X10",1,21.653,"yellow",1,20,1,1,487,"no training",3,2,2,1,1,2.05,3.5,4.85
"Accuracy","5e920e9a7da4b35496c9d828","X9",1,5.963,"yellow",1,19,1,1,514,"university level",4,2,2,1,1,2.05,3.5,4.85
"Accuracy","5eb03e8542bbba0ab22b730f","X6",1,7.649,"blue",0,18,0,1,582,"high-school level",4,2,2,1,1,2.05,3.5,4.85
"Accuracy","5e693ff6b5da8a069e4e8d21","X7",1,10.219,"yellow",1,18,0,1,547,"no training",3,2,2,1,1,2.05,3.5,4.85
"Accuracy","5e674b0380e3a54c79a6fb09","X2",1,10.68,"blue",0,23,1,1,328,"university level",5,2,2,1,1,2.05,3.5,4.85
"Accuracy","5e674b0380e3a54c79a6fb09","X3",1,4.666,"yellow",0,23,1,1,328,"university level",5,2,2,1,1,2.05,3.5,4.85
"Accuracy","5ddaa1e583e309a04100bd57","X7",1,8.971,"yellow",1,20,1,1,487,"no training",3,2,2,1,1,2.05,3.5,4.85
"Accuracy","5ddaa1e583e309a04100bd57","X8",1,19.319,"yellow",1,20,1,1,487,"no training",3,2,2,1,1,2.05,3.5,4.85
"Accuracy","5ddaa1e583e309a04100bd57","X9",1,7.094,"yellow",1,20,1,1,487,"no training",3,2,2,1,1,2.05,3.5,4.85
"Accuracy","5e6aa40bd6d43306673a4879","X4",1,10.195,"blue",0,20,1,1,665,"university level",4,2,2,1,1,2.05,3.5,4.85
"Accuracy","5e6aa40bd6d43306673a4879","X5",1,11.986,"yellow",1,20,1,1,665,"university level",4,2,2,1,1,2.05,3.5,4.85
"Accuracy","5e6aa40bd6d43306673a4879","X6",1,12.242,"blue",0,20,1,1,665,"university level",4,2,2,1,1,2.05,3.5,4.85
"Accuracy","5e94f9f2cd40fa876abe55ac","X2",1,10.549,"blue",0,19,0,1,920,"high-school level",3,2,2,1,1,2.05,3.5,4.85
"Accuracy","5e94f9f2cd40fa876abe55ac","X3",1,6.097,"blue",0,19,0,1,920,"high-school level",3,2,2,1,1,2.05,3.5,4.85
"Accuracy","5e8de83c1b700806403cf0df","X3",1,5.299,"yellow",1,21,0,1,568,"no training",2,2,2,1,1,2.05,3.5,4.85
"Accuracy","5e674b0380e3a54c79a6fb09","X1",1,10.817,"yellow",1,23,1,1,328,"university level",5,2,2,1,1,2.05,3.5,4.85
"Accuracy","5e674b0380e3a54c79a6fb09","X10",1,9.282,"yellow",1,23,1,1,328,"university level",5,2,2,1,1,2.05,3.5,4.85
"Accuracy","5ea2343c360fe41485a02d81","X1",1,5.269,"blue",0,24,0,1,404,"high-school level",3,2,2,1,1,2.05,3.5,4.85
"Accuracy","5df0eb850042e812ca51313a","X5",1,7.176,"blue",0,33,1,1,608,"no training",4,2,2,1,1,2.05,3.5,4.85
"Accuracy","5e674b0380e3a54c79a6fb09","X4",1,6.485,"yellow",1,23,1,1,328,"university level",5,2,2,1,1,2.05,3.5,4.85
"Accuracy","5e674b0380e3a54c79a6fb09","X5",1,6.157,"blue",0,23,1,1,328,"university level",5,2,2,1,1,2.05,3.5,4.85
"Accuracy","5e674b0380e3a54c79a6fb09","X6",1,8.669,"yellow",1,23,1,1,328,"university level",5,2,2,1,1,2.05,3.5,4.85
"Accuracy","5e8f10db1e5f531d1a7723ae","X10",1,10.77,"blue",0,25,1,1,396,"research level",5,2,2,1,1,2.05,3.5,4.85
"Accuracy","5e77f95053032d0b15687284","X8",1,6.15,"blue",0,27,1,1,612,"high-school level",4,2,2,1,1,2.05,3.5,4.85
"Accuracy","5e77f95053032d0b15687284","X7",1,6.443,"yellow",1,27,1,1,612,"high-school level",4,2,2,1,1,2.05,3.5,4.85
"Accuracy","5eb10e1b6e2f921d6d6567dd","X9",1,5.376,"yellow",1,23,0,1,316,"university level",5,2,2,1,1,2.05,3.5,4.85
"Accuracy","5e94fe1e164143000adac1ae","X3",1,4.759,"blue",0,NA,1,1,408,"no training",4,2,2,1,1,2.05,3.5,4.85
"Accuracy","5ead1b23eb3ceb3a05e18154","X8",1,8.282,"yellow",1,18,0,1,851,"high-school level",5,2,2,1,1,2.05,3.5,4.85
"Accuracy","5ead1b23eb3ceb3a05e18154","X5",1,6.583,"blue",1,18,0,1,851,"high-school level",5,2,2,1,1,2.05,3.5,4.85
"Accuracy","5e693ff6b5da8a069e4e8d21","X5",1,9.999,"blue",0,18,0,1,547,"no training",3,2,2,1,1,2.05,3.5,4.85
"Accuracy","5eb03e8542bbba0ab22b730f","X7",1,15.864,"yellow",1,18,0,1,582,"high-school level",4,2,2,1,1,2.05,3.5,4.85
"Accuracy","5ebb26803576b50eb12d87d9","X3",1,18.038,"yellow",0,24,1,1,501,"university level",5,2,2,1,1,2.05,3.5,4.85
"Accuracy","5df0eb850042e812ca51313a","X6",1,9.419,"yellow",1,33,1,1,608,"no training",4,2,2,1,1,2.05,3.5,4.85
"Accuracy","5e97984bca82b62676c3293e","X1",1,6.042,"blue",0,21,0,1,911,"university level",3,2,2,1,1,2.05,3.5,4.85
"Accuracy","5e7825d256b26e3a278d8c73","X9",1,7.372,"yellow",1,32,1,1,559,"university level",5,2,2,1,1,2.05,3.5,4.85
"Accuracy","5df0eb850042e812ca51313a","X9",1,6.28,"yellow",1,33,1,1,608,"no training",4,2,2,1,1,2.05,3.5,4.85
"Accuracy","5e97984bca82b62676c3293e","X3",1,6.025,"yellow",1,21,0,1,911,"university level",3,2,2,1,1,2.05,3.5,4.85
"Accuracy","5e864d036d765027f7c0760d","X2",1,11.277,"blue",0,24,0,1,604,"university level",3,2,2,1,1,2.05,3.5,4.85
"Accuracy","5e864d036d765027f7c0760d","X3",1,6.518,"blue",0,24,0,1,604,"university level",3,2,2,1,1,2.05,3.5,4.85
"Accuracy","5e920e9a7da4b35496c9d828","X7",1,8.781,"yellow",1,19,1,1,514,"university level",4,2,2,1,1,2.05,3.5,4.85
"Accuracy","5e920e9a7da4b35496c9d828","X8",1,6.572,"blue",0,19,1,1,514,"university level",4,2,2,1,1,2.05,3.5,4.85
"Accuracy","5e864d036d765027f7c0760d","X7",1,10.866,"blue",0,24,0,1,604,"university level",3,2,2,1,1,2.05,3.5,4.85
"Accuracy","5e8eb4f68099ec16cd166970","X4",1,6.725,"blue",0,22,0,1,380,"university level",3,2,3,0,1,2.05,3.5,4.85
"Accuracy","5e8eb4f68099ec16cd166970","X5",1,5.912,"blue",1,22,0,1,380,"university level",3,2,3,0,1,2.05,3.5,4.85
"Accuracy","5e8e0a728565ef091f04d0aa","X9",1,8.217,"blue",0,22,1,1,807,"university level",4,2,2,1,1,2.05,3.5,4.85
"Accuracy","5eabb065bdd63d19a679b364","X10",0,NA,"blue",1,21,1,1,542,"high-school level",5,2,2,1,1,2.05,3.5,4.85
"Accuracy","5df0eb850042e812ca51313a","X7",1,6.802,"yellow",1,33,1,1,608,"no training",4,2,2,1,1,2.05,3.5,4.85
"Accuracy","5df0eb850042e812ca51313a","X8",1,5.397,"blue",1,33,1,1,608,"no training",4,2,2,1,1,2.05,3.5,4.85
"Accuracy","5e8f10db1e5f531d1a7723ae","X1",1,5.136,"blue",0,25,1,1,396,"research level",5,2,2,1,1,2.05,3.5,4.85
"Accuracy","5e946edca4ddb72c52fb270b","X8",1,8.944,"blue",0,23,0,1,584,"no training",2,2,2,1,1,2.05,3.5,4.85
"Accuracy","5e7f9fd137169a6887857505","X6",1,6.665,"yellow",1,22,0,0,552,"high-school level",5,2,2,1,1,2.05,3.5,4.85
"Accuracy","5e7f9fd137169a6887857505","X7",1,11.036,"yellow",1,22,0,0,552,"high-school level",5,2,2,1,1,2.05,3.5,4.85
"Accuracy","5e6aa40bd6d43306673a4879","X7",1,16.248,"yellow",1,20,1,1,665,"university level",4,2,2,1,1,2.05,3.5,4.85
"Accuracy","5e8eb4f68099ec16cd166970","X2",1,7.5,"blue",0,22,0,1,380,"university level",3,2,3,0,1,2.05,3.5,4.85
"Accuracy","5e8eb4f68099ec16cd166970","X3",1,6.021,"yellow",0,22,0,1,380,"university level",3,2,3,0,1,2.05,3.5,4.85
"Accuracy","5ead1b23eb3ceb3a05e18154","X4",1,8.279,"yellow",1,18,0,1,851,"high-school level",5,2,2,1,1,2.05,3.5,4.85
"Accuracy","5e693ff6b5da8a069e4e8d21","X4",1,8.502,"yellow",0,18,0,1,547,"no training",3,2,2,1,1,2.05,3.5,4.85
"Accuracy","5e77f95053032d0b15687284","X10",1,8.544,"yellow",1,27,1,1,612,"high-school level",4,2,2,1,1,2.05,3.5,4.85
"Accuracy","5e946edca4ddb72c52fb270b","X10",1,46.139,"yellow",1,23,0,1,584,"no training",2,2,2,1,1,2.05,3.5,4.85
"Accuracy","5ebb26803576b50eb12d87d9","X5",1,7.709,"blue",0,24,1,1,501,"university level",5,2,2,1,1,2.05,3.5,4.85
"Accuracy","5e8eb4f68099ec16cd166970","X9",1,7.224,"yellow",0,22,0,1,380,"university level",3,2,3,0,1,2.05,3.5,4.85
"Accuracy","5e97984bca82b62676c3293e","X10",1,18.815,"yellow",1,21,0,1,911,"university level",3,2,2,1,1,2.05,3.5,4.85
"Accuracy","5df837d7afb8b05ea6aafddb","X3",1,4.351,"yellow",1,21,0,1,459,"university level",3,2,2,1,1,2.05,3.5,4.85
"Accuracy","5ebb26803576b50eb12d87d9","X8",1,7.231,"blue",0,24,1,1,501,"university level",5,2,2,1,1,2.05,3.5,4.85
"Accuracy","5e77f95053032d0b15687284","X6",0,NA,"yellow",0,27,1,1,612,"high-school level",4,2,2,1,1,2.05,3.5,4.85
"Accuracy","5eb10e1b6e2f921d6d6567dd","X8",1,4.053,"yellow",1,23,0,1,316,"university level",5,2,2,1,1,2.05,3.5,4.85
"Accuracy","5e94fe1e164143000adac1ae","X2",1,6.346,"blue",0,NA,1,1,408,"no training",4,2,2,1,1,2.05,3.5,4.85
"Accuracy","5ead1b23eb3ceb3a05e18154","X6",1,15.092,"yellow",1,18,0,1,851,"high-school level",5,2,2,1,1,2.05,3.5,4.85
"Accuracy","5e8e0a728565ef091f04d0aa","X7",1,20.308,"yellow",0,22,1,1,807,"university level",4,2,2,1,1,2.05,3.5,4.85
"Accuracy","5e77f95053032d0b15687284","X1",1,5.552,"blue",0,27,1,1,612,"high-school level",4,2,2,1,1,2.05,3.5,4.85
"Accuracy","5e794f94cd742b5121734d4c","X1",1,4.665,"yellow",1,20,0,1,461,"no training",4,2,2,1,1,2.05,3.5,4.85
"Accuracy","5eabb065bdd63d19a679b364","X1",1,12.181,"blue",0,21,1,1,542,"high-school level",5,2,2,1,1,2.05,3.5,4.85
"Accuracy","5e7f9fd137169a6887857505","X1",1,8.929,"blue",0,22,0,0,552,"high-school level",5,2,2,1,1,2.05,3.5,4.85
"Accuracy","5ebaf9c3d131ca09d7a08a47","X1",1,10.461,"yellow",1,19,1,1,448,"no training",3,2,1,0,1,2.05,3.5,4.85
"Accuracy","5e6aa40bd6d43306673a4879","X1",1,9.514,"blue",0,20,1,1,665,"university level",4,2,2,1,1,2.05,3.5,4.85
"Accuracy","5e6aa40bd6d43306673a4879","X10",1,15.129,"yellow",1,20,1,1,665,"university level",4,2,2,1,1,2.05,3.5,4.85
"Accuracy","5e98752d6bebcf0852590d7b","X8",1,7.404,"yellow",1,19,1,1,395,"high-school level",3,2,2,1,1,2.05,3.5,4.85
"Accuracy","5e98752d6bebcf0852590d7b","X9",1,8.257,"yellow",1,19,1,1,395,"high-school level",3,2,2,1,1,2.05,3.5,4.85
"Accuracy","5ea201c4e863490fe56bd385","X10",1,10.186,"yellow",1,28,1,1,635,"university level",5,2,2,1,1,2.05,3.5,4.85
"Accuracy","5e864d036d765027f7c0760d","X5",1,6.282,"blue",0,24,0,1,604,"university level",3,2,2,1,1,2.05,3.5,4.85
"Accuracy","5e864d036d765027f7c0760d","X6",1,11.439,"yellow",1,24,0,1,604,"university level",3,2,2,1,1,2.05,3.5,4.85
"Accuracy","5e90c34303a0a90afb2227c6","X3",1,5.715,"blue",0,22,0,1,1224,"high-school level",5,2,2,1,1,2.05,3.5,4.85
"Accuracy","5ea201c4e863490fe56bd385","X4",1,8.208,"blue",0,28,1,1,635,"university level",5,2,2,1,1,2.05,3.5,4.85
"Accuracy","5e8eb4f68099ec16cd166970","X1",1,4.651,"yellow",1,22,0,1,380,"university level",3,2,3,0,1,2.05,3.5,4.85
"Accuracy","5e946edca4ddb72c52fb270b","X1",1,9.423,"yellow",1,23,0,1,584,"no training",2,2,2,1,1,2.05,3.5,4.85
"Accuracy","5e77f95053032d0b15687284","X3",1,4.75,"blue",0,27,1,1,612,"high-school level",4,2,2,1,1,2.05,3.5,4.85
"Accuracy","5eabb065bdd63d19a679b364","X2",1,10.241,"blue",0,21,1,1,542,"high-school level",5,2,2,1,1,2.05,3.5,4.85
"Accuracy","5eabb065bdd63d19a679b364","X3",1,7.871,"blue",0,21,1,1,542,"high-school level",5,2,2,1,1,2.05,3.5,4.85
"Accuracy","5df837d7afb8b05ea6aafddb","X2",1,6.644,"blue",0,21,0,1,459,"university level",3,2,2,1,1,2.05,3.5,4.85
"Accuracy","5ebb26803576b50eb12d87d9","X7",1,10.3,"yellow",1,24,1,1,501,"university level",5,2,2,1,1,2.05,3.5,4.85
"Accuracy","5e8de83c1b700806403cf0df","X9",1,6.211,"blue",0,21,0,1,568,"no training",2,2,2,1,1,2.05,3.5,4.85
"Accuracy","5e94f9f2cd40fa876abe55ac","X8",1,5.351,"yellow",1,19,0,1,920,"high-school level",3,2,2,1,1,2.05,3.5,4.85
"Accuracy","5e94f9f2cd40fa876abe55ac","X10",1,9.576,"yellow",1,19,0,1,920,"high-school level",3,2,2,1,1,2.05,3.5,4.85
"Accuracy","5ea201c4e863490fe56bd385","X3",1,8.048,"yellow",0,28,1,1,635,"university level",5,2,2,1,1,2.05,3.5,4.85
"Accuracy","5e94fe1e164143000adac1ae","X10",1,14.418,"yellow",1,NA,1,1,408,"no training",4,2,2,1,1,2.05,3.5,4.85
"Accuracy","5e8e0a728565ef091f04d0aa","X5",1,11.832,"yellow",1,22,1,1,807,"university level",4,2,2,1,1,2.05,3.5,4.85
"Accuracy","5ebaf9c3d131ca09d7a08a47","X4",1,10.868,"blue",0,19,1,1,448,"no training",3,2,1,0,1,2.05,3.5,4.85
"Accuracy","5e794f94cd742b5121734d4c","X10",1,12.668,"yellow",1,20,0,1,461,"no training",4,2,2,1,1,2.05,3.5,4.85
"Accuracy","5e77f95053032d0b15687284","X2",1,8.584,"blue",0,27,1,1,612,"high-school level",4,2,2,1,1,2.05,3.5,4.85
"Accuracy","5e8de83c1b700806403cf0df","X4",1,6.647,"blue",0,21,0,1,568,"no training",2,2,2,1,1,2.05,3.5,4.85
"Accuracy","5e7f9fd137169a6887857505","X10",1,9.098,"yellow",1,22,0,0,552,"high-school level",5,2,2,1,1,2.05,3.5,4.85
"Accuracy","5e279f3eb202039d8b6812d6","X8",1,11.655,"yellow",1,21,1,1,402,"university level",4,2,2,1,1,2.05,3.5,4.85
"Accuracy","5e279f3eb202039d8b6812d6","X9",1,5.687,"yellow",1,21,1,1,402,"university level",4,2,2,1,1,2.05,3.5,4.85
"Accuracy","5e7f9fd137169a6887857505","X4",1,5.881,"yellow",1,22,0,0,552,"high-school level",5,2,2,1,1,2.05,3.5,4.85
"Accuracy","5e7f9fd137169a6887857505","X5",1,6.033,"blue",0,22,0,0,552,"high-school level",5,2,2,1,1,2.05,3.5,4.85
"Accuracy","5e94fe1e164143000adac1ae","X1",1,6.097,"yellow",0,NA,1,1,408,"no training",4,2,2,1,1,2.05,3.5,4.85
"Accuracy","5ead1b23eb3ceb3a05e18154","X3",1,8.759,"yellow",1,18,0,1,851,"high-school level",5,2,2,1,1,2.05,3.5,4.85
"Accuracy","5e8e0a728565ef091f04d0aa","X6",1,8.428,"yellow",1,22,1,1,807,"university level",4,2,2,1,1,2.05,3.5,4.85
"Accuracy","5ebaf9c3d131ca09d7a08a47","X5",1,58.035,"blue",1,19,1,1,448,"no training",3,2,1,0,1,2.05,3.5,4.85
"Accuracy","5df837d7afb8b05ea6aafddb","X1",0,NA,"yellow",1,21,0,1,459,"university level",3,2,2,1,1,2.05,3.5,4.85
"Accuracy","5e8eb4f68099ec16cd166970","X10",1,9.685,"yellow",1,22,0,1,380,"university level",3,2,3,0,1,2.05,3.5,4.85
"Accuracy","5e8e0a728565ef091f04d0aa","X8",1,7.337,"yellow",1,22,1,1,807,"university level",4,2,2,1,1,2.05,3.5,4.85
"Accuracy","5ea201c4e863490fe56bd385","X7",1,8.499,"yellow",1,28,1,1,635,"university level",5,2,2,1,1,2.05,3.5,4.85
"Accuracy","5e77f95053032d0b15687284","X5",1,6.24,"yellow",1,27,1,1,612,"high-school level",4,2,2,1,1,2.05,3.5,4.85
"Accuracy","5df837d7afb8b05ea6aafddb","X10",1,7.269,"blue",0,21,0,1,459,"university level",3,2,2,1,1,2.05,3.5,4.85
"Accuracy","5ebb26803576b50eb12d87d9","X6",1,8.324,"yellow",1,24,1,1,501,"university level",5,2,2,1,1,2.05,3.5,4.85
"Accuracy","5e8de83c1b700806403cf0df","X8",1,16.72,"yellow",1,21,0,1,568,"no training",2,2,2,1,1,2.05,3.5,4.85
"Accuracy","5e6aa40bd6d43306673a4879","X3",1,8.201,"blue",0,20,1,1,665,"university level",4,2,2,1,1,2.05,3.5,4.85
"Accuracy","5ea201c4e863490fe56bd385","X1",1,8.899,"yellow",1,28,1,1,635,"university level",5,2,2,1,1,2.05,3.5,4.85
"Accuracy","5e864d036d765027f7c0760d","X4",1,9.401,"yellow",1,24,0,1,604,"university level",3,2,2,1,1,2.05,3.5,4.85
"Accuracy","5ebaf9c3d131ca09d7a08a47","X7",1,11.912,"yellow",0,19,1,1,448,"no training",3,2,1,0,1,2.05,3.5,4.85
"Accuracy","5ebaf9c3d131ca09d7a08a47","X8",1,9.917,"yellow",1,19,1,1,448,"no training",3,2,1,0,1,2.05,3.5,4.85
"Accuracy","5ebb26803576b50eb12d87d9","X2",1,7.459,"blue",0,24,1,1,501,"university level",5,2,2,1,1,2.05,3.5,4.85
"Accuracy","5e7307087f94ce260c6076f2","X8",1,22.373,"yellow",1,39,0,1,1518,"no training",3,2,2,1,1,2.05,3.5,4.85
"Accuracy","5ea201c4e863490fe56bd385","X5",0,NA,"blue",1,28,1,1,635,"university level",5,2,2,1,1,2.05,3.5,4.85
"Accuracy","5ebaf9c3d131ca09d7a08a47","X10",1,9.641,"yellow",0,19,1,1,448,"no training",3,2,1,0,1,2.05,3.5,4.85
"Accuracy","5ebaf9c3d131ca09d7a08a47","X2",1,10.894,"blue",0,19,1,1,448,"no training",3,2,1,0,1,2.05,3.5,4.85
"Accuracy","5e6aa40bd6d43306673a4879","X2",1,12.189,"blue",0,20,1,1,665,"university level",4,2,2,1,1,2.05,3.5,4.85
"Accuracy","5e7307087f94ce260c6076f2","X9",1,9.977,"yellow",1,39,0,1,1518,"no training",3,2,2,1,1,2.05,3.5,4.85
"Accuracy","5ead1b23eb3ceb3a05e18154","X2",1,23.481,"blue",0,18,0,1,851,"high-school level",5,2,2,1,1,2.05,3.5,4.85
"Accuracy","5e7f9fd137169a6887857505","X3",1,5.536,"blue",0,22,0,0,552,"high-school level",5,2,2,1,1,2.05,3.5,4.85
"Accuracy","5e94f9f2cd40fa876abe55ac","X4",1,7.638,"yellow",1,19,0,1,920,"high-school level",3,2,2,1,1,2.05,3.5,4.85
"Accuracy","5ea201c4e863490fe56bd385","X2",1,7.561,"yellow",1,28,1,1,635,"university level",5,2,2,1,1,2.05,3.5,4.85
"Accuracy","5e8de83c1b700806403cf0df","X6",1,6.681,"blue",0,21,0,1,568,"no training",2,2,2,1,1,2.05,3.5,4.85
"Accuracy","5e8de83c1b700806403cf0df","X7",1,9.64,"blue",0,21,0,1,568,"no training",2,2,2,1,1,2.05,3.5,4.85
"Accuracy","5e77f95053032d0b15687284","X4",1,6.616,"yellow",1,27,1,1,612,"high-school level",4,2,2,1,1,2.05,3.5,4.85
"Accuracy","5e8de83c1b700806403cf0df","X5",1,3.926,"blue",0,21,0,1,568,"no training",2,2,2,1,1,2.05,3.5,4.85
"Accuracy","5e94f9f2cd40fa876abe55ac","X9",1,7.724,"yellow",1,19,0,1,920,"high-school level",3,2,2,1,1,2.05,3.5,4.85
"Accuracy","5e8e0a728565ef091f04d0aa","X4",1,8.574,"yellow",0,22,1,1,807,"university level",4,2,2,1,1,2.05,3.5,4.85
"Accuracy","5e946edca4ddb72c52fb270b","X3",1,5.615,"yellow",1,23,0,1,584,"no training",2,2,2,1,1,2.05,3.5,4.85
"Accuracy","5ead1b23eb3ceb3a05e18154","X10",1,10.984,"blue",1,18,0,1,851,"high-school level",5,2,2,1,1,2.05,3.5,4.85
"Accuracy","5ebb26803576b50eb12d87d9","X10",1,7.728,"yellow",1,24,1,1,501,"university level",5,2,2,1,1,2.05,3.5,4.85
"Accuracy","5e94f9f2cd40fa876abe55ac","X5",1,4.728,"yellow",1,19,0,1,920,"high-school level",3,2,2,1,1,2.05,3.5,4.85
"Accuracy","5e94f9f2cd40fa876abe55ac","X6",1,6.35,"blue",0,19,0,1,920,"high-school level",3,2,2,1,1,2.05,3.5,4.85
"Accuracy","5e946edca4ddb72c52fb270b","X4",1,23.734,"blue",0,23,0,1,584,"no training",2,2,2,1,1,2.05,3.5,4.85
"Accuracy","5e946edca4ddb72c52fb270b","X5",1,7.766,"yellow",1,23,0,1,584,"no training",2,2,2,1,1,2.05,3.5,4.85
"Accuracy","5e946edca4ddb72c52fb270b","X7",1,10.216,"yellow",1,23,0,1,584,"no training",2,2,2,1,1,2.05,3.5,4.85
"Accuracy","5ebaf9c3d131ca09d7a08a47","X6",1,12.343,"yellow",1,19,1,1,448,"no training",3,2,1,0,1,2.05,3.5,4.85
"Accuracy","5ebaf9c3d131ca09d7a08a47","X3",1,14.314,"blue",0,19,1,1,448,"no training",3,2,1,0,1,2.05,3.5,4.85
"Accuracy","5e94f9f2cd40fa876abe55ac","X7",1,9.072,"blue",0,19,0,1,920,"high-school level",3,2,2,1,1,2.05,3.5,4.85
"Accuracy","5ea201c4e863490fe56bd385","X6",0,NA,"yellow",0,28,1,1,635,"university level",5,2,2,1,1,2.05,3.5,4.85
"Accuracy","5ebaf9c3d131ca09d7a08a47","X9",1,8.858,"blue",0,19,1,1,448,"no training",3,2,1,0,1,2.05,3.5,4.85
"Accuracy","5ebb26803576b50eb12d87d9","X1",1,5.546,"blue",0,24,1,1,501,"university level",5,2,2,1,1,2.05,3.5,4.85
"Accuracy","5e7f9fd137169a6887857505","X2",1,9.983,"blue",0,22,0,0,552,"high-school level",5,2,2,1,1,2.05,3.5,4.85
"Accuracy","5ead1b23eb3ceb3a05e18154","X1",1,15.287,"blue",0,18,0,1,851,"high-school level",5,2,2,1,1,2.05,3.5,4.85
"Accuracy","5e946edca4ddb72c52fb270b","X6",1,12.3,"yellow",1,23,0,1,584,"no training",2,2,2,1,1,2.05,3.5,4.85
"Accuracy","5eb03e8542bbba0ab22b730f","X9",1,6.682,"yellow",1,18,0,1,582,"high-school level",4,2,2,1,1,2.05,3.5,4.85
"Accuracy","5e946edca4ddb72c52fb270b","X2",1,7.193,"blue",0,23,0,1,584,"no training",2,2,2,1,1,2.05,3.5,4.85
"Accuracy","5eb03e8542bbba0ab22b730f","X8",1,19.83,"yellow",1,18,0,1,582,"high-school level",4,2,2,1,1,2.05,3.5,4.85
"Flat","5c880a528085800016135d86","X10",1,11.046,"blue",1,20,0,0,400,"no training",5,1,1,1,1,3.25,3.25,3.25
"Flat","5d7d25f5e2ecbb0017c9f4cd","X10",0,NA,"blue",0,21,1,1,251,"university level",4,1,1,1,1,3.25,3.25,3.25
"Flat","5d7d25f5e2ecbb0017c9f4cd","X2",0,NA,"blue",1,21,1,1,251,"university level",4,1,1,1,1,3.25,3.25,3.25
"Flat","59d6c6273e5ea00001e1cf4e","X8",1,7.418,"blue",1,30,1,1,517,"university level",5,1,1,1,1,3.25,3.25,3.25
"Flat","59d6c6273e5ea00001e1cf4e","X9",1,9.179,"yellow",1,30,1,1,517,"university level",5,1,1,1,1,3.25,3.25,3.25
"Flat","5cfbcc1fa7f8940019cd8704","X6",1,14.087,"yellow",1,19,0,1,376,"high-school level",5,1,1,1,1,3.25,3.25,3.25
"Flat","5cfbcc1fa7f8940019cd8704","X7",1,10.411,"yellow",1,19,0,1,376,"high-school level",5,1,1,1,1,3.25,3.25,3.25
"Flat","5c880a528085800016135d86","X2",1,6.552,"yellow",0,20,0,0,400,"no training",5,1,1,1,1,3.25,3.25,3.25
"Flat","5d7d25f5e2ecbb0017c9f4cd","X1",0,NA,"blue",0,21,1,1,251,"university level",4,1,1,1,1,3.25,3.25,3.25
"Flat","5bfcb5e3aa5fa30001364404","X4",0,NA,"blue",0,21,1,1,183,"university level",4,1,2,0,1,3.25,3.25,3.25
"Flat","5c17294778ee390001ab19e5","X10",1,10.121,"yellow",1,23,0,1,458,"high-school level",3,1,1,1,1,3.25,3.25,3.25
"Flat","59d6c6273e5ea00001e1cf4e","X7",1,9.92,"blue",0,30,1,1,517,"university level",5,1,1,1,1,3.25,3.25,3.25
"Flat","5e19c8d1477f3b24e0ac5efa","X5",1,12.928,"yellow",1,20,1,1,802,"university level",4,1,1,1,1,3.25,3.25,3.25
"Flat","5c880a528085800016135d86","X1",1,9.708,"blue",0,20,0,0,400,"no training",5,1,1,1,1,3.25,3.25,3.25
"Flat","5d7d25f5e2ecbb0017c9f4cd","X3",0,NA,"yellow",0,21,1,1,251,"university level",4,1,1,1,1,3.25,3.25,3.25
"Flat","5e8debd2ae7a80071f189793","X7",0,NA,"blue",0,20,0,1,509,"high-school level",4,1,1,1,1,3.25,3.25,3.25
"Flat","5d6943fc90cade0016695e9b","X4",1,5.544,"yellow",0,19,0,1,1319,"university level",4,1,1,1,1,3.25,3.25,3.25
"Flat","5d6943fc90cade0016695e9b","X5",1,5.011,"blue",0,19,0,1,1319,"university level",4,1,1,1,1,3.25,3.25,3.25
"Flat","59d6c6273e5ea00001e1cf4e","X5",1,9.779,"blue",0,30,1,1,517,"university level",5,1,1,1,1,3.25,3.25,3.25
"Flat","5c54ee47d3cc6b0001d9842b","X5",1,9.947,"yellow",1,19,1,1,522,"university level",4,1,1,1,1,3.25,3.25,3.25
"Flat","5e4bdb0a5f962e025484358c","X7",1,8.387,"blue",0,20,1,0,504,"high-school level",3,1,2,0,1,3.25,3.25,3.25
"Flat","5bfcb5e3aa5fa30001364404","X6",0,NA,"blue",1,21,1,1,183,"university level",4,1,2,0,1,3.25,3.25,3.25
"Flat","5c54ee47d3cc6b0001d9842b","X7",1,8.103,"yellow",1,19,1,1,522,"university level",4,1,1,1,1,3.25,3.25,3.25
"Flat","5c54ee47d3cc6b0001d9842b","X8",1,8.578,"blue",0,19,1,1,522,"university level",4,1,1,1,1,3.25,3.25,3.25
"Flat","5bfcb5e3aa5fa30001364404","X2",0,NA,"blue",1,21,1,1,183,"university level",4,1,2,0,1,3.25,3.25,3.25
"Flat","5dd9fb959dac7c9892492099","X1",0,NA,"yellow",0,19,0,1,428,"no training",5,1,1,1,1,3.25,3.25,3.25
"Flat","5bfcb5e3aa5fa30001364404","X3",0,NA,"blue",0,21,1,1,183,"university level",4,1,2,0,1,3.25,3.25,3.25
"Flat","5bfcb5e3aa5fa30001364404","X7",0,NA,"yellow",1,21,1,1,183,"university level",4,1,2,0,1,3.25,3.25,3.25
"Flat","5bfcb5e3aa5fa30001364404","X9",0,NA,"yellow",1,21,1,1,183,"university level",4,1,2,0,1,3.25,3.25,3.25
"Flat","59d6c6273e5ea00001e1cf4e","X4",1,8.131,"yellow",1,30,1,1,517,"university level",5,1,1,1,1,3.25,3.25,3.25
"Flat","59d6c6273e5ea00001e1cf4e","X3",1,6.611,"blue",1,30,1,1,517,"university level",5,1,1,1,1,3.25,3.25,3.25
"Flat","5e25f5b6895d6804ffe7aaea","X3",1,4.967,"blue",0,22,0,1,594,"no training",3,1,1,1,1,3.25,3.25,3.25
"Flat","5e4bdb0a5f962e025484358c","X9",1,6.789,"yellow",1,20,1,0,504,"high-school level",3,1,2,0,1,3.25,3.25,3.25
"Flat","5d7d25f5e2ecbb0017c9f4cd","X4",0,NA,"yellow",0,21,1,1,251,"university level",4,1,1,1,1,3.25,3.25,3.25
"Flat","5bfcb5e3aa5fa30001364404","X5",0,NA,"yellow",1,21,1,1,183,"university level",4,1,2,0,1,3.25,3.25,3.25
"Flat","5e6ff5fb9cf1955c1d9bbb21","X9",0,NA,"yellow",1,21,1,1,332,"high-school level",5,1,1,1,1,3.25,3.25,3.25
"Flat","5db784034f550b000e3574b1","X8",1,7.851,"blue",0,22,1,1,431,"high-school level",2,1,2,0,1,3.25,3.25,3.25
"Flat","5db784034f550b000e3574b1","X9",1,7.619,"yellow",1,22,1,1,431,"high-school level",2,1,2,0,1,3.25,3.25,3.25
"Flat","5cf478481aef150001318a67","X5",1,4.67,"blue",0,20,0,1,267,"university level",5,1,1,1,1,3.25,3.25,3.25
"Flat","5cf478481aef150001318a67","X2",1,11.942,"blue",0,20,0,1,267,"university level",5,1,1,1,1,3.25,3.25,3.25
"Flat","5c17294778ee390001ab19e5","X1",1,6.965,"yellow",1,23,0,1,458,"high-school level",3,1,1,1,1,3.25,3.25,3.25
"Flat","5c54ee47d3cc6b0001d9842b","X4",1,9.174,"yellow",1,19,1,1,522,"university level",4,1,1,1,1,3.25,3.25,3.25
"Flat","5e4bdb0a5f962e025484358c","X5",1,5.801,"blue",0,20,1,0,504,"high-school level",3,1,2,0,1,3.25,3.25,3.25
"Flat","5e4bdb0a5f962e025484358c","X6",1,22.862,"yellow",1,20,1,0,504,"high-school level",3,1,2,0,1,3.25,3.25,3.25
"Flat","5d54d3560c5b0400174b3c81","X8",1,12.511,"blue",0,31,1,1,601,"research level",2,1,1,1,1,3.25,3.25,3.25
"Flat","59d6c6273e5ea00001e1cf4e","X6",1,12.53,"yellow",0,30,1,1,517,"university level",5,1,1,1,1,3.25,3.25,3.25
"Flat","5e19c8d1477f3b24e0ac5efa","X6",1,8.911,"yellow",1,20,1,1,802,"university level",4,1,1,1,1,3.25,3.25,3.25
"Flat","5c880a528085800016135d86","X3",1,7.18,"blue",0,20,0,0,400,"no training",5,1,1,1,1,3.25,3.25,3.25
"Flat","5e8cec5e1a88ad0a14744f2d","X2",1,11.64,"yellow",1,39,0,1,950,"university level",1,1,1,1,1,3.25,3.25,3.25
"Flat","5cf478481aef150001318a67","X3",1,5.478,"yellow",1,20,0,1,267,"university level",5,1,1,1,1,3.25,3.25,3.25
"Flat","5cfbcc1fa7f8940019cd8704","X5",1,14.303,"blue",0,19,0,1,376,"high-school level",5,1,1,1,1,3.25,3.25,3.25
"Flat","5e7d280b351b5c0d4a41d376","X3",1,7.074,"blue",0,22,1,1,392,"no training",3,1,1,1,1,3.25,3.25,3.25
"Flat","5c54ee47d3cc6b0001d9842b","X6",1,10.001,"blue",0,19,1,1,522,"university level",4,1,1,1,1,3.25,3.25,3.25
"Flat","5e25f5b6895d6804ffe7aaea","X2",1,10.287,"yellow",1,22,0,1,594,"no training",3,1,1,1,1,3.25,3.25,3.25
"Flat","5bfcb5e3aa5fa30001364404","X8",1,7.129,"yellow",1,21,1,1,183,"university level",4,1,2,0,1,3.25,3.25,3.25
"Flat","5e28ad9b6dbb5608131beb19","X7",1,7.668,"yellow",1,24,0,1,550,"university level",4,1,2,0,1,3.25,3.25,3.25
"Flat","5cfade55cb76df0019f58d1f","X2",1,9.752,"yellow",1,20,1,1,386,"no training",3,1,1,1,1,3.25,3.25,3.25
"Flat","5e4bdb0a5f962e025484358c","X8",1,10.887,"yellow",1,20,1,0,504,"high-school level",3,1,2,0,1,3.25,3.25,3.25
"Flat","5ea1119c737ba611c77c0b77","X5",1,5.301,"yellow",1,21,1,1,418,"high-school level",4,1,1,1,1,3.25,3.25,3.25
"Flat","5e19c8d1477f3b24e0ac5efa","X4",1,20.888,"yellow",1,20,1,1,802,"university level",4,1,1,1,1,3.25,3.25,3.25
"Flat","5e19c8d1477f3b24e0ac5efa","X7",1,9.829,"yellow",1,20,1,1,802,"university level",4,1,1,1,1,3.25,3.25,3.25
"Flat","5d6943fc90cade0016695e9b","X7",1,6.417,"blue",0,19,0,1,1319,"university level",4,1,1,1,1,3.25,3.25,3.25
"Flat","5e8cec5e1a88ad0a14744f2d","X3",1,7.449,"blue",0,39,0,1,950,"university level",1,1,1,1,1,3.25,3.25,3.25
"Flat","5cf478481aef150001318a67","X4",1,4.665,"blue",0,20,0,1,267,"university level",5,1,1,1,1,3.25,3.25,3.25
"Flat","5c880a528085800016135d86","X4",1,4.674,"blue",0,20,0,0,400,"no training",5,1,1,1,1,3.25,3.25,3.25
"Flat","5e25f5b6895d6804ffe7aaea","X1",1,5.636,"yellow",1,22,0,1,594,"no training",3,1,1,1,1,3.25,3.25,3.25
"Flat","5e25f5b6895d6804ffe7aaea","X10",1,9.401,"blue",0,22,0,1,594,"no training",3,1,1,1,1,3.25,3.25,3.25
"Flat","5c54ee47d3cc6b0001d9842b","X3",1,8.809,"blue",0,19,1,1,522,"university level",4,1,1,1,1,3.25,3.25,3.25
"Flat","5e9e6189bee0af238931e653","X7",1,9.343,"blue",0,25,1,1,541,"university level",4,1,1,1,1,3.25,3.25,3.25
"Flat","5e7d280b351b5c0d4a41d376","X4",0,NA,"blue",0,22,1,1,392,"no training",3,1,1,1,1,3.25,3.25,3.25
"Flat","5dcf4d27b039ab08c04d2740","X7",1,5.489,"yellow",1,21,1,1,264,"university level",5,1,1,1,1,3.25,3.25,3.25
"Flat","5e7d280b351b5c0d4a41d376","X5",1,7.138,"yellow",1,22,1,1,392,"no training",3,1,1,1,1,3.25,3.25,3.25
"Flat","5ea1119c737ba611c77c0b77","X6",1,12,"yellow",1,21,1,1,418,"high-school level",4,1,1,1,1,3.25,3.25,3.25
"Flat","5c54ee47d3cc6b0001d9842b","X9",1,8.728,"yellow",1,19,1,1,522,"university level",4,1,1,1,1,3.25,3.25,3.25
"Flat","5de982077cd7670b0a591d6b","X3",1,4.981,"blue",0,21,1,1,302,"university level",5,1,1,1,1,3.25,3.25,3.25
"Flat","5cf478481aef150001318a67","X1",1,4.88,"yellow",1,20,0,1,267,"university level",5,1,1,1,1,3.25,3.25,3.25
"Flat","5d7d25f5e2ecbb0017c9f4cd","X5",0,NA,"blue",1,21,1,1,251,"university level",4,1,1,1,1,3.25,3.25,3.25
"Flat","5cfbcc1fa7f8940019cd8704","X4",1,11.229,"blue",0,19,0,1,376,"high-school level",5,1,1,1,1,3.25,3.25,3.25
"Flat","5c880a528085800016135d86","X5",1,5.057,"yellow",1,20,0,0,400,"no training",5,1,1,1,1,3.25,3.25,3.25
"Flat","5e4bdb0a5f962e025484358c","X4",1,10.689,"blue",0,20,1,0,504,"high-school level",3,1,2,0,1,3.25,3.25,3.25
"Flat","5cf478481aef150001318a67","X6",1,10.354,"yellow",1,20,0,1,267,"university level",5,1,1,1,1,3.25,3.25,3.25
"Flat","5cf478481aef150001318a67","X7",1,5.029,"blue",0,20,0,1,267,"university level",5,1,1,1,1,3.25,3.25,3.25
"Flat","5e4bdb0a5f962e025484358c","X3",1,5.45,"blue",0,20,1,0,504,"high-school level",3,1,2,0,1,3.25,3.25,3.25
"Flat","5e6ff5fb9cf1955c1d9bbb21","X5",1,9.747,"blue",0,21,1,1,332,"high-school level",5,1,1,1,1,3.25,3.25,3.25
"Flat","5e6ff5fb9cf1955c1d9bbb21","X8",1,12.003,"blue",0,21,1,1,332,"high-school level",5,1,1,1,1,3.25,3.25,3.25
"Flat","5e7d280b351b5c0d4a41d376","X6",0,NA,"yellow",1,22,1,1,392,"no training",3,1,1,1,1,3.25,3.25,3.25
"Flat","5d6943fc90cade0016695e9b","X6",1,6.43,"yellow",1,19,0,1,1319,"university level",4,1,1,1,1,3.25,3.25,3.25
"Flat","5c17294778ee390001ab19e5","X2",1,9.66,"yellow",1,23,0,1,458,"high-school level",3,1,1,1,1,3.25,3.25,3.25
"Flat","5c17294778ee390001ab19e5","X3",1,6.145,"blue",0,23,0,1,458,"high-school level",3,1,1,1,1,3.25,3.25,3.25
"Flat","5cf478481aef150001318a67","X10",1,8.614,"yellow",1,20,0,1,267,"university level",5,1,1,1,1,3.25,3.25,3.25
"Flat","5e9bd2230273320dc4b542ee","X5",0,NA,"yellow",0,18,1,1,437,"no training",4,1,1,1,1,3.25,3.25,3.25
"Flat","5e7d280b351b5c0d4a41d376","X2",0,NA,"blue",0,22,1,1,392,"no training",3,1,1,1,1,3.25,3.25,3.25
"Flat","5c54ee47d3cc6b0001d9842b","X2",1,8.799,"blue",0,19,1,1,522,"university level",4,1,1,1,1,3.25,3.25,3.25
"Flat","5c17294778ee390001ab19e5","X8",1,7.802,"yellow",1,23,0,1,458,"high-school level",3,1,1,1,1,3.25,3.25,3.25
"Flat","5c17294778ee390001ab19e5","X9",1,12.471,"blue",0,23,0,1,458,"high-school level",3,1,1,1,1,3.25,3.25,3.25
"Flat","5dcc9ee9b4cc7892cce47c45","X2",0,NA,"blue",1,18,0,1,356,"no training",1,1,1,1,1,3.25,3.25,3.25
"Flat","5dcc9ee9b4cc7892cce47c45","X3",0,NA,"yellow",0,18,0,1,356,"no training",1,1,1,1,1,3.25,3.25,3.25
"Flat","5cfade55cb76df0019f58d1f","X3",1,4.893,"yellow",0,20,1,1,386,"no training",3,1,1,1,1,3.25,3.25,3.25
"Flat","5d6943fc90cade0016695e9b","X10",1,8.848,"yellow",1,19,0,1,1319,"university level",4,1,1,1,1,3.25,3.25,3.25
"Flat","5e7d280b351b5c0d4a41d376","X7",1,12.357,"yellow",1,22,1,1,392,"no training",3,1,1,1,1,3.25,3.25,3.25
"Flat","5da4f9a3bbbc120015e084a9","X8",0,NA,"yellow",1,20,1,1,179,"university level",4,1,1,1,1,3.25,3.25,3.25
"Flat","5da4f9a3bbbc120015e084a9","X9",0,NA,"yellow",0,20,1,1,179,"university level",4,1,1,1,1,3.25,3.25,3.25
"Flat","5cfade55cb76df0019f58d1f","X8",1,7.28,"yellow",1,20,1,1,386,"no training",3,1,1,1,1,3.25,3.25,3.25
"Flat","5ad93fa080491c000142d619","X8",1,6.775,"blue",0,27,1,1,341,"no training",4,1,1,1,1,3.25,3.25,3.25
"Flat","5e19c8d1477f3b24e0ac5efa","X8",1,7.325,"blue",0,20,1,1,802,"university level",4,1,1,1,1,3.25,3.25,3.25
"Flat","5e19c8d1477f3b24e0ac5efa","X9",1,8.629,"blue",0,20,1,1,802,"university level",4,1,1,1,1,3.25,3.25,3.25
"Flat","5cfbcc1fa7f8940019cd8704","X2",1,15.592,"blue",0,19,0,1,376,"high-school level",5,1,1,1,1,3.25,3.25,3.25
"Flat","59d6c6273e5ea00001e1cf4e","X10",1,12.123,"blue",0,30,1,1,517,"university level",5,1,1,1,1,3.25,3.25,3.25
"Flat","5d54d3560c5b0400174b3c81","X4",1,5.089,"yellow",1,31,1,1,601,"research level",2,1,1,1,1,3.25,3.25,3.25
"Flat","59d6c6273e5ea00001e1cf4e","X2",1,10.662,"blue",0,30,1,1,517,"university level",5,1,1,1,1,3.25,3.25,3.25
"Flat","5e8debd2ae7a80071f189793","X6",1,8.344,"blue",0,20,0,1,509,"high-school level",4,1,1,1,1,3.25,3.25,3.25
"Flat","5eaa230cb27dc919e8590bae","X1",1,6.623,"blue",0,21,0,1,2484,"university level",4,1,1,1,1,3.25,3.25,3.25
"Flat","5d6943fc90cade0016695e9b","X2",1,8.336,"yellow",1,19,0,1,1319,"university level",4,1,1,1,1,3.25,3.25,3.25
"Flat","5dd9fb959dac7c9892492099","X10",0,NA,"yellow",1,19,0,1,428,"no training",5,1,1,1,1,3.25,3.25,3.25
"Flat","5e25f5b6895d6804ffe7aaea","X4",1,6.897,"blue",0,22,0,1,594,"no training",3,1,1,1,1,3.25,3.25,3.25
"Flat","5e25f5b6895d6804ffe7aaea","X5",1,9.415,"yellow",1,22,0,1,594,"no training",3,1,1,1,1,3.25,3.25,3.25
"Flat","5e25f5b6895d6804ffe7aaea","X6",1,7.972,"yellow",1,22,0,1,594,"no training",3,1,1,1,1,3.25,3.25,3.25
"Flat","5ad93fa080491c000142d619","X9",1,9.724,"yellow",1,27,1,1,341,"no training",4,1,1,1,1,3.25,3.25,3.25
"Flat","5cfbcc1fa7f8940019cd8704","X10",1,20.852,"yellow",0,19,0,1,376,"high-school level",5,1,1,1,1,3.25,3.25,3.25
"Flat","5e616b0a72248504495fe4ef","X10",1,10.733,"blue",0,32,0,1,1422,"university level",5,1,1,1,1,3.25,3.25,3.25
"Flat","5e9bd2230273320dc4b542ee","X8",1,7.367,"blue",1,18,1,1,437,"no training",4,1,1,1,1,3.25,3.25,3.25
"Flat","5e9bd2230273320dc4b542ee","X9",1,13.023,"blue",1,18,1,1,437,"no training",4,1,1,1,1,3.25,3.25,3.25
"Flat","5c880a528085800016135d86","X6",1,14.856,"blue",0,20,0,0,400,"no training",5,1,1,1,1,3.25,3.25,3.25
"Flat","5c880a528085800016135d86","X7",1,8.174,"yellow",1,20,0,0,400,"no training",5,1,1,1,1,3.25,3.25,3.25
"Flat","5d6943fc90cade0016695e9b","X1",1,9.154,"blue",0,19,0,1,1319,"university level",4,1,1,1,1,3.25,3.25,3.25
"Flat","5eaa230cb27dc919e8590bae","X10",1,11.27,"yellow",1,21,0,1,2484,"university level",4,1,1,1,1,3.25,3.25,3.25
"Flat","5e7913d548988f0c5bd98567","X9",1,9.027,"yellow",1,18,0,1,317,"high-school level",4,1,3,0,1,3.25,3.25,3.25
"Flat","5d6943fc90cade0016695e9b","X3",1,4.654,"yellow",1,19,0,1,1319,"university level",4,1,1,1,1,3.25,3.25,3.25
"Flat","5e7b21d811bf5611a47f76ac","X2",0,NA,"blue",0,26,1,1,548,"no training",3,1,1,1,1,3.25,3.25,3.25
"Flat","5d6943fc90cade0016695e9b","X8",1,13.413,"blue",1,19,0,1,1319,"university level",4,1,1,1,1,3.25,3.25,3.25
"Flat","5e25f5b6895d6804ffe7aaea","X7",1,8.292,"yellow",1,22,0,1,594,"no training",3,1,1,1,1,3.25,3.25,3.25
"Flat","5e616b0a72248504495fe4ef","X1",1,7.12,"blue",0,32,0,1,1422,"university level",5,1,1,1,1,3.25,3.25,3.25
"Flat","5e7b21d811bf5611a47f76ac","X9",0,NA,"blue",1,26,1,1,548,"no training",3,1,1,1,1,3.25,3.25,3.25
"Flat","5e7b21d811bf5611a47f76ac","X7",0,NA,"yellow",1,26,1,1,548,"no training",3,1,1,1,1,3.25,3.25,3.25
"Flat","5e28ad9b6dbb5608131beb19","X6",1,9.078,"blue",0,24,0,1,550,"university level",4,1,2,0,1,3.25,3.25,3.25
"Flat","5e28ad9b6dbb5608131beb19","X5",1,7.151,"blue",0,24,0,1,550,"university level",4,1,2,0,1,3.25,3.25,3.25
"Flat","5ea08738ba7e69065a69c3f8","X4",1,5.999,"yellow",1,26,1,1,576,"university level",3,1,1,1,1,3.25,3.25,3.25
"Flat","5c32307c70d93a000123381d","X1",0,NA,"yellow",0,21,0,0,217,"high-school level",4,1,1,1,1,3.25,3.25,3.25
"Flat","5ea1119c737ba611c77c0b77","X4",1,8.223,"yellow",1,21,1,1,418,"high-school level",4,1,1,1,1,3.25,3.25,3.25
"Flat","58dc21b27f59b30001457aba","X3",0,NA,"blue",0,30,0,1,285,"university level",3,1,1,1,1,3.25,3.25,3.25
"Flat","5ad93fa080491c000142d619","X2",1,9.243,"blue",0,27,1,1,341,"no training",4,1,1,1,1,3.25,3.25,3.25
"Flat","5ad93fa080491c000142d619","X3",1,5.91,"yellow",1,27,1,1,341,"no training",4,1,1,1,1,3.25,3.25,3.25
"Flat","5ad93fa080491c000142d619","X4",1,7.986,"yellow",1,27,1,1,341,"no training",4,1,1,1,1,3.25,3.25,3.25
"Flat","5cfade55cb76df0019f58d1f","X9",1,6.049,"blue",0,20,1,1,386,"no training",3,1,1,1,1,3.25,3.25,3.25
"Flat","5cfbcc1fa7f8940019cd8704","X1",1,7.421,"blue",0,19,0,1,376,"high-school level",5,1,1,1,1,3.25,3.25,3.25
"Flat","58dc21b27f59b30001457aba","X8",0,NA,"blue",0,30,0,1,285,"university level",3,1,1,1,1,3.25,3.25,3.25
"Flat","58dc21b27f59b30001457aba","X9",1,7.718,"blue",0,30,0,1,285,"university level",3,1,1,1,1,3.25,3.25,3.25
"Flat","5cfbcc1fa7f8940019cd8704","X3",1,7.763,"yellow",1,19,0,1,376,"high-school level",5,1,1,1,1,3.25,3.25,3.25
"Flat","5e9e6189bee0af238931e653","X6",1,7.634,"blue",0,25,1,1,541,"university level",4,1,1,1,1,3.25,3.25,3.25
"Flat","5dcf4d27b039ab08c04d2740","X6",1,4.894,"yellow",1,21,1,1,264,"university level",5,1,1,1,1,3.25,3.25,3.25
"Flat","5d54d3560c5b0400174b3c81","X5",1,8.462,"blue",0,31,1,1,601,"research level",2,1,1,1,1,3.25,3.25,3.25
"Flat","5d54d3560c5b0400174b3c81","X6",1,6.889,"blue",0,31,1,1,601,"research level",2,1,1,1,1,3.25,3.25,3.25
"Flat","5d54d3560c5b0400174b3c81","X7",1,10.191,"yellow",1,31,1,1,601,"research level",2,1,1,1,1,3.25,3.25,3.25
"Flat","5d54d3560c5b0400174b3c81","X9",1,6.453,"yellow",1,31,1,1,601,"research level",2,1,1,1,1,3.25,3.25,3.25
"Flat","5de982077cd7670b0a591d6b","X2",1,6.791,"yellow",1,21,1,1,302,"university level",5,1,1,1,1,3.25,3.25,3.25
"Flat","5e7995061a79d455837f95e1","X8",1,12.273,"blue",0,19,0,1,438,"no training",5,1,1,1,1,3.25,3.25,3.25
"Flat","5e7995061a79d455837f95e1","X9",1,7.897,"yellow",1,19,0,1,438,"no training",5,1,1,1,1,3.25,3.25,3.25
"Flat","5e9bd2230273320dc4b542ee","X4",1,12.79,"yellow",1,18,1,1,437,"no training",4,1,1,1,1,3.25,3.25,3.25
"Flat","5bfcb5e3aa5fa30001364404","X1",0,NA,"blue",0,21,1,1,183,"university level",4,1,2,0,1,3.25,3.25,3.25
"Flat","5bfcb5e3aa5fa30001364404","X10",0,NA,"yellow",1,21,1,1,183,"university level",4,1,2,0,1,3.25,3.25,3.25
"Flat","5e616b0a72248504495fe4ef","X2",1,12.625,"yellow",1,32,0,1,1422,"university level",5,1,1,1,1,3.25,3.25,3.25
"Flat","5e616b0a72248504495fe4ef","X3",1,7.229,"yellow",1,32,0,1,1422,"university level",5,1,1,1,1,3.25,3.25,3.25
"Flat","5e4bdb0a5f962e025484358c","X2",1,24.764,"yellow",0,20,1,0,504,"high-school level",3,1,2,0,1,3.25,3.25,3.25
"Flat","5e6ff5fb9cf1955c1d9bbb21","X4",1,7.946,"yellow",1,21,1,1,332,"high-school level",5,1,1,1,1,3.25,3.25,3.25
"Flat","5e8f4916b8bfe108653ccd81","X8",0,NA,"blue",1,19,0,1,318,"high-school level",5,1,1,1,1,3.25,3.25,3.25
"Flat","5cf478481aef150001318a67","X8",1,4.841,"blue",0,20,0,1,267,"university level",5,1,1,1,1,3.25,3.25,3.25
"Flat","5cf478481aef150001318a67","X9",1,5.279,"yellow",1,20,0,1,267,"university level",5,1,1,1,1,3.25,3.25,3.25
"Flat","5e79437d60e3c14ed20cc894","X1",1,4.597,"blue",0,26,0,1,334,"no training",5,1,1,1,1,3.25,3.25,3.25
"Flat","5ea1119c737ba611c77c0b77","X7",1,12.51,"blue",0,21,1,1,418,"high-school level",4,1,1,1,1,3.25,3.25,3.25
"Flat","5c17294778ee390001ab19e5","X4",1,13.49,"yellow",1,23,0,1,458,"high-school level",3,1,1,1,1,3.25,3.25,3.25
"Flat","5d6943fc90cade0016695e9b","X9",1,5.084,"blue",0,19,0,1,1319,"university level",4,1,1,1,1,3.25,3.25,3.25
"Flat","5e7b21d811bf5611a47f76ac","X8",0,NA,"yellow",1,26,1,1,548,"no training",3,1,1,1,1,3.25,3.25,3.25
"Flat","5c17294778ee390001ab19e5","X7",1,9.118,"yellow",1,23,0,1,458,"high-school level",3,1,1,1,1,3.25,3.25,3.25
"Flat","5dd7662482569a706cac6d34","X10",1,15.864,"blue",0,31,0,1,428,"university level",4,1,2,0,1,3.25,3.25,3.25
"Flat","5dcc9ee9b4cc7892cce47c45","X10",0,NA,"yellow",1,18,0,1,356,"no training",1,1,1,1,1,3.25,3.25,3.25
"Flat","5debce5335575a2bed69acc6","X2",0,NA,"blue",0,54,0,1,437,"no training",1,1,2,0,1,3.25,3.25,3.25
"Flat","5debce5335575a2bed69acc6","X3",0,NA,"blue",0,54,0,1,437,"no training",1,1,2,0,1,3.25,3.25,3.25
"Flat","5ea08738ba7e69065a69c3f8","X5",1,7.362,"yellow",1,26,1,1,576,"university level",3,1,1,1,1,3.25,3.25,3.25
"Flat","5ad93fa080491c000142d619","X1",1,6.449,"blue",0,27,1,1,341,"no training",4,1,1,1,1,3.25,3.25,3.25
"Flat","58dc21b27f59b30001457aba","X2",0,NA,"blue",0,30,0,1,285,"university level",3,1,1,1,1,3.25,3.25,3.25
"Flat","58dc21b27f59b30001457aba","X10",0,NA,"yellow",1,30,0,1,285,"university level",3,1,1,1,1,3.25,3.25,3.25
"Flat","5e9923fb0d2c3a15aea5f991","X8",1,9.191,"yellow",1,28,1,1,1153,"university level",5,1,2,0,1,3.25,3.25,3.25
"Flat","5e9923fb0d2c3a15aea5f991","X9",1,7.281,"yellow",1,28,1,1,1153,"university level",5,1,2,0,1,3.25,3.25,3.25
"Flat","5ad93fa080491c000142d619","X5",1,8.869,"yellow",1,27,1,1,341,"no training",4,1,1,1,1,3.25,3.25,3.25
"Flat","5ad93fa080491c000142d619","X6",1,8.484,"blue",0,27,1,1,341,"no training",4,1,1,1,1,3.25,3.25,3.25
"Flat","5ad93fa080491c000142d619","X7",1,12.527,"blue",0,27,1,1,341,"no training",4,1,1,1,1,3.25,3.25,3.25
"Flat","5e7d280b351b5c0d4a41d376","X1",1,7.673,"yellow",1,22,1,1,392,"no training",3,1,1,1,1,3.25,3.25,3.25
"Flat","59d6c6273e5ea00001e1cf4e","X1",1,7.583,"blue",0,30,1,1,517,"university level",5,1,1,1,1,3.25,3.25,3.25
"Flat","5e2bf2153a9311222d4892c6","X9",0,NA,"yellow",1,19,0,1,632,"high-school level",4,1,1,1,1,3.25,3.25,3.25
"Flat","5e8debd2ae7a80071f189793","X5",1,7.135,"blue",0,20,0,1,509,"high-school level",4,1,1,1,1,3.25,3.25,3.25
"Flat","5dcf4d27b039ab08c04d2740","X5",1,4.668,"yellow",1,21,1,1,264,"university level",5,1,1,1,1,3.25,3.25,3.25
"Flat","5e8b848f1ec9f5063d76857c","X4",0,NA,"yellow",0,28,0,1,379,"university level",3,1,1,1,1,3.25,3.25,3.25
"Flat","5dcf4d27b039ab08c04d2740","X8",1,5.644,"yellow",1,21,1,1,264,"university level",5,1,1,1,1,3.25,3.25,3.25
"Flat","5dcf4d27b039ab08c04d2740","X9",1,4.342,"yellow",1,21,1,1,264,"university level",5,1,1,1,1,3.25,3.25,3.25
"Flat","5e8b848f1ec9f5063d76857c","X8",1,20.876,"yellow",1,28,0,1,379,"university level",3,1,1,1,1,3.25,3.25,3.25
"Flat","5e8b848f1ec9f5063d76857c","X9",0,NA,"yellow",1,28,0,1,379,"university level",3,1,1,1,1,3.25,3.25,3.25
"Flat","5e8cec5e1a88ad0a14744f2d","X1",1,13.477,"blue",0,39,0,1,950,"university level",1,1,1,1,1,3.25,3.25,3.25
"Flat","5e8cec5e1a88ad0a14744f2d","X10",1,36.588,"yellow",1,39,0,1,950,"university level",1,1,1,1,1,3.25,3.25,3.25
"Flat","5ea755615ef67613aaaf62cd","X6",1,20.761,"blue",0,20,0,1,1006,"university level",4,1,2,0,1,3.25,3.25,3.25
"Flat","5e25f5b6895d6804ffe7aaea","X8",1,6.819,"yellow",1,22,0,1,594,"no training",3,1,1,1,1,3.25,3.25,3.25
"Flat","5db784034f550b000e3574b1","X6",1,11.634,"yellow",1,22,1,1,431,"high-school level",2,1,2,0,1,3.25,3.25,3.25
"Flat","5db784034f550b000e3574b1","X7",1,10.595,"yellow",1,22,1,1,431,"high-school level",2,1,2,0,1,3.25,3.25,3.25
"Flat","5d7d25f5e2ecbb0017c9f4cd","X7",0,NA,"blue",1,21,1,1,251,"university level",4,1,1,1,1,3.25,3.25,3.25
"Flat","5d7d25f5e2ecbb0017c9f4cd","X8",0,NA,"blue",0,21,1,1,251,"university level",4,1,1,1,1,3.25,3.25,3.25
"Flat","5d7d25f5e2ecbb0017c9f4cd","X9",0,NA,"yellow",1,21,1,1,251,"university level",4,1,1,1,1,3.25,3.25,3.25
"Flat","5c880a528085800016135d86","X8",1,6.318,"blue",1,20,0,0,400,"no training",5,1,1,1,1,3.25,3.25,3.25
"Flat","5c880a528085800016135d86","X9",1,6.657,"yellow",1,20,0,0,400,"no training",5,1,1,1,1,3.25,3.25,3.25
"Flat","5eab5556742dd91332dc610d","X6",1,10.095,"yellow",0,22,1,1,777,"no training",3,1,1,1,1,3.25,3.25,3.25
"Flat","5eab5556742dd91332dc610d","X7",1,11.654,"blue",0,22,1,1,777,"no training",3,1,1,1,1,3.25,3.25,3.25
"Flat","5e7b21d811bf5611a47f76ac","X3",1,8.783,"blue",0,26,1,1,548,"no training",3,1,1,1,1,3.25,3.25,3.25
"Flat","5c17294778ee390001ab19e5","X5",1,9.121,"yellow",1,23,0,1,458,"high-school level",3,1,1,1,1,3.25,3.25,3.25
"Flat","5c17294778ee390001ab19e5","X6",1,9.342,"yellow",1,23,0,1,458,"high-school level",3,1,1,1,1,3.25,3.25,3.25
"Flat","5e7b21d811bf5611a47f76ac","X6",0,NA,"yellow",0,26,1,1,548,"no training",3,1,1,1,1,3.25,3.25,3.25
"Flat","5debce5335575a2bed69acc6","X1",0,NA,"blue",0,54,0,1,437,"no training",1,1,2,0,1,3.25,3.25,3.25
"Flat","5e28ad9b6dbb5608131beb19","X4",1,6.332,"yellow",1,24,0,1,550,"university level",4,1,2,0,1,3.25,3.25,3.25
"Flat","5e668df31d7e1a4039d67b49","X5",0,NA,"blue",1,21,0,1,895,"university level",4,1,1,1,1,3.25,3.25,3.25
"Flat","5dd7662482569a706cac6d34","X2",1,13.63,"blue",0,31,0,1,428,"university level",4,1,2,0,1,3.25,3.25,3.25
"Flat","5cfade55cb76df0019f58d1f","X1",1,10.712,"yellow",1,20,1,1,386,"no training",3,1,1,1,1,3.25,3.25,3.25
"Flat","5cfade55cb76df0019f58d1f","X10",1,12.43,"yellow",1,20,1,1,386,"no training",3,1,1,1,1,3.25,3.25,3.25
"Flat","5ad93fa080491c000142d619","X10",1,9.573,"yellow",1,27,1,1,341,"no training",4,1,1,1,1,3.25,3.25,3.25
"Flat","5c32307c70d93a000123381d","X2",0,NA,"yellow",0,21,0,0,217,"high-school level",4,1,1,1,1,3.25,3.25,3.25
"Flat","5c32307c70d93a000123381d","X3",0,NA,"blue",0,21,0,0,217,"high-school level",4,1,1,1,1,3.25,3.25,3.25
"Flat","5c32307c70d93a000123381d","X4",0,NA,"yellow",0,21,0,0,217,"high-school level",4,1,1,1,1,3.25,3.25,3.25
"Flat","58dc21b27f59b30001457aba","X4",0,NA,"yellow",1,30,0,1,285,"university level",3,1,1,1,1,3.25,3.25,3.25
"Flat","58dc21b27f59b30001457aba","X5",0,NA,"blue",1,30,0,1,285,"university level",3,1,1,1,1,3.25,3.25,3.25
"Flat","58dc21b27f59b30001457aba","X6",0,NA,"blue",1,30,0,1,285,"university level",3,1,1,1,1,3.25,3.25,3.25
"Flat","58dc21b27f59b30001457aba","X7",1,6.813,"yellow",1,30,0,1,285,"university level",3,1,1,1,1,3.25,3.25,3.25
"Flat","5e7d280b351b5c0d4a41d376","X10",1,10.189,"yellow",1,22,1,1,392,"no training",3,1,1,1,1,3.25,3.25,3.25
"Flat","5d54d3560c5b0400174b3c81","X3",1,4.694,"blue",0,31,1,1,601,"research level",2,1,1,1,1,3.25,3.25,3.25
"Flat","5e45ebd018bf820d2cb9ebab","X9",0,NA,"blue",1,37,1,1,291,"no training",5,1,1,1,1,3.25,3.25,3.25
"Flat","5eaa192b4e2ab9197cec6eeb","X8",0,NA,"yellow",0,19,0,0,642,"high-school level",4,1,1,1,1,3.25,3.25,3.25
"Flat","5eaa192b4e2ab9197cec6eeb","X9",0,NA,"yellow",1,19,0,0,642,"high-school level",4,1,1,1,1,3.25,3.25,3.25
"Flat","5ebae4db41cc8b074438db70","X3",1,9.838,"blue",0,18,1,1,593,"university level",4,1,1,1,1,3.25,3.25,3.25
"Flat","5ebae4db41cc8b074438db70","X4",1,9.117,"yellow",1,18,1,1,593,"university level",4,1,1,1,1,3.25,3.25,3.25
"Flat","5e8debd2ae7a80071f189793","X8",0,NA,"blue",1,20,0,1,509,"high-school level",4,1,1,1,1,3.25,3.25,3.25
"Flat","5e8debd2ae7a80071f189793","X9",1,7.397,"yellow",1,20,0,1,509,"high-school level",4,1,1,1,1,3.25,3.25,3.25
"Flat","5dd9fb959dac7c9892492099","X2",1,12.523,"blue",0,19,0,1,428,"no training",5,1,1,1,1,3.25,3.25,3.25
"Flat","5dd9fb959dac7c9892492099","X3",1,6.111,"blue",0,19,0,1,428,"no training",5,1,1,1,1,3.25,3.25,3.25
"Flat","5dd9fb959dac7c9892492099","X4",1,10.753,"yellow",1,19,0,1,428,"no training",5,1,1,1,1,3.25,3.25,3.25
"Flat","5dd9fb959dac7c9892492099","X5",0,NA,"yellow",1,19,0,1,428,"no training",5,1,1,1,1,3.25,3.25,3.25
"Flat","5e25f5b6895d6804ffe7aaea","X9",1,6.299,"yellow",1,22,0,1,594,"no training",3,1,1,1,1,3.25,3.25,3.25
"Flat","5d7d25f5e2ecbb0017c9f4cd","X6",0,NA,"blue",1,21,1,1,251,"university level",4,1,1,1,1,3.25,3.25,3.25
"Flat","5d460ce9ba790b0001dd488c","X6",1,10.28,"yellow",1,34,1,1,277,"no training",4,1,2,0,1,3.25,3.25,3.25
"Flat","5d460ce9ba790b0001dd488c","X7",0,NA,"yellow",0,34,1,1,277,"no training",4,1,2,0,1,3.25,3.25,3.25
"Flat","5d460ce9ba790b0001dd488c","X8",0,NA,"yellow",0,34,1,1,277,"no training",4,1,2,0,1,3.25,3.25,3.25
"Flat","5d460ce9ba790b0001dd488c","X9",0,NA,"yellow",1,34,1,1,277,"no training",4,1,2,0,1,3.25,3.25,3.25
"Flat","5e7913d548988f0c5bd98567","X8",1,21.075,"yellow",1,18,0,1,317,"high-school level",4,1,3,0,1,3.25,3.25,3.25
"Flat","5eb2de44f2dbc90894711df3","X8",0,NA,"yellow",1,NA,0,1,350,"university level",4,1,1,1,1,3.25,3.25,3.25
"Flat","5eb2de44f2dbc90894711df3","X9",0,NA,"yellow",1,NA,0,1,350,"university level",4,1,1,1,1,3.25,3.25,3.25
"Flat","5eab5556742dd91332dc610d","X8",1,8.016,"blue",0,22,1,1,777,"no training",3,1,1,1,1,3.25,3.25,3.25
"Flat","5e7b21d811bf5611a47f76ac","X4",0,NA,"blue",0,26,1,1,548,"no training",3,1,1,1,1,3.25,3.25,3.25
"Flat","5e7b21d811bf5611a47f76ac","X5",0,NA,"blue",1,26,1,1,548,"no training",3,1,1,1,1,3.25,3.25,3.25
"Flat","5dd7662482569a706cac6d34","X1",0,NA,"blue",0,31,0,1,428,"university level",4,1,2,0,1,3.25,3.25,3.25
"Flat","5e668df31d7e1a4039d67b49","X3",1,17.934,"yellow",0,21,0,1,895,"university level",4,1,1,1,1,3.25,3.25,3.25
"Flat","5dcc9ee9b4cc7892cce47c45","X1",0,NA,"yellow",1,18,0,1,356,"no training",1,1,1,1,1,3.25,3.25,3.25
"Flat","5e79437d60e3c14ed20cc894","X7",1,7.319,"yellow",1,26,0,1,334,"no training",5,1,1,1,1,3.25,3.25,3.25
"Flat","5e79437d60e3c14ed20cc894","X8",1,6.228,"yellow",1,26,0,1,334,"no training",5,1,1,1,1,3.25,3.25,3.25
"Flat","5dd7662482569a706cac6d34","X3",1,7.244,"blue",0,31,0,1,428,"university level",4,1,2,0,1,3.25,3.25,3.25
"Flat","5dd7662482569a706cac6d34","X4",1,7.659,"blue",1,31,0,1,428,"university level",4,1,2,0,1,3.25,3.25,3.25
"Flat","5c32307c70d93a000123381d","X10",0,NA,"yellow",1,21,0,0,217,"high-school level",4,1,1,1,1,3.25,3.25,3.25
"Flat","58dc21b27f59b30001457aba","X1",0,NA,"yellow",1,30,0,1,285,"university level",3,1,1,1,1,3.25,3.25,3.25
"Flat","5da4f9a3bbbc120015e084a9","X6",0,NA,"yellow",1,20,1,1,179,"university level",4,1,1,1,1,3.25,3.25,3.25
"Flat","5da4f9a3bbbc120015e084a9","X7",0,NA,"blue",0,20,1,1,179,"university level",4,1,1,1,1,3.25,3.25,3.25
"Flat","5c32307c70d93a000123381d","X5",0,NA,"blue",1,21,0,0,217,"high-school level",4,1,1,1,1,3.25,3.25,3.25
"Flat","5c32307c70d93a000123381d","X6",1,7.53,"blue",0,21,0,0,217,"high-school level",4,1,1,1,1,3.25,3.25,3.25
"Flat","5c32307c70d93a000123381d","X7",0,NA,"yellow",1,21,0,0,217,"high-school level",4,1,1,1,1,3.25,3.25,3.25
"Flat","5c32307c70d93a000123381d","X8",0,NA,"blue",1,21,0,0,217,"high-school level",4,1,1,1,1,3.25,3.25,3.25
"Flat","5d54d3560c5b0400174b3c81","X2",1,9.091,"yellow",1,31,1,1,601,"research level",2,1,1,1,1,3.25,3.25,3.25
"Flat","5c54ee47d3cc6b0001d9842b","X1",1,5.817,"yellow",1,19,1,1,522,"university level",4,1,1,1,1,3.25,3.25,3.25
"Flat","5c54ee47d3cc6b0001d9842b","X10",1,20.148,"blue",0,19,1,1,522,"university level",4,1,1,1,1,3.25,3.25,3.25
"Flat","5e6e9703f4a83200098bf742","X1",1,7.416,"yellow",1,21,1,1,564,"university level",5,1,1,1,1,3.25,3.25,3.25
"Flat","5e6e9703f4a83200098bf742","X10",1,20.293,"yellow",1,21,1,1,564,"university level",5,1,1,1,1,3.25,3.25,3.25
"Flat","5e6e9703f4a83200098bf742","X2",1,7.822,"yellow",1,21,1,1,564,"university level",5,1,1,1,1,3.25,3.25,3.25
"Flat","5e6e9703f4a83200098bf742","X3",1,7.097,"yellow",0,21,1,1,564,"university level",5,1,1,1,1,3.25,3.25,3.25
"Flat","5e19c8d1477f3b24e0ac5efa","X2",1,8.654,"blue",0,20,1,1,802,"university level",4,1,1,1,1,3.25,3.25,3.25
"Flat","5e19c8d1477f3b24e0ac5efa","X3",1,13.857,"blue",0,20,1,1,802,"university level",4,1,1,1,1,3.25,3.25,3.25
"Flat","5e6e9703f4a83200098bf742","X6",1,12.259,"yellow",1,21,1,1,564,"university level",5,1,1,1,1,3.25,3.25,3.25
"Flat","5e6e9703f4a83200098bf742","X7",1,10.934,"yellow",1,21,1,1,564,"university level",5,1,1,1,1,3.25,3.25,3.25
"Flat","5de982077cd7670b0a591d6b","X4",1,6.357,"blue",0,21,1,1,302,"university level",5,1,1,1,1,3.25,3.25,3.25
"Flat","5de982077cd7670b0a591d6b","X5",1,5.532,"yellow",1,21,1,1,302,"university level",5,1,1,1,1,3.25,3.25,3.25
"Flat","5de982077cd7670b0a591d6b","X6",1,7.81,"blue",0,21,1,1,302,"university level",5,1,1,1,1,3.25,3.25,3.25
"Flat","5de982077cd7670b0a591d6b","X7",1,7.615,"yellow",1,21,1,1,302,"university level",5,1,1,1,1,3.25,3.25,3.25
"Flat","5de982077cd7670b0a591d6b","X8",1,6.127,"yellow",1,21,1,1,302,"university level",5,1,1,1,1,3.25,3.25,3.25
"Flat","5de982077cd7670b0a591d6b","X9",1,6.754,"yellow",1,21,1,1,302,"university level",5,1,1,1,1,3.25,3.25,3.25
"Flat","5e6ff5fb9cf1955c1d9bbb21","X3",1,8.164,"blue",0,21,1,1,332,"high-school level",5,1,1,1,1,3.25,3.25,3.25
"Flat","5e8f4916b8bfe108653ccd81","X7",1,13.92,"yellow",1,19,0,1,318,"high-school level",5,1,1,1,1,3.25,3.25,3.25
"Flat","5e8f4916b8bfe108653ccd81","X9",1,6.582,"blue",0,19,0,1,318,"high-school level",5,1,1,1,1,3.25,3.25,3.25
"Flat","5e6ff5fb9cf1955c1d9bbb21","X6",1,9.204,"blue",0,21,1,1,332,"high-school level",5,1,1,1,1,3.25,3.25,3.25
"Flat","5e6ff5fb9cf1955c1d9bbb21","X7",1,11.802,"yellow",1,21,1,1,332,"high-school level",5,1,1,1,1,3.25,3.25,3.25
"Flat","5e79437d60e3c14ed20cc894","X10",1,9.17,"yellow",1,26,0,1,334,"no training",5,1,1,1,1,3.25,3.25,3.25
"Flat","5eab5556742dd91332dc610d","X9",1,8.582,"yellow",1,22,1,1,777,"no training",3,1,1,1,1,3.25,3.25,3.25
"Flat","5e79437d60e3c14ed20cc894","X3",1,3.636,"blue",0,26,0,1,334,"no training",5,1,1,1,1,3.25,3.25,3.25
"Flat","5ea1119c737ba611c77c0b77","X8",1,10.474,"yellow",1,21,1,1,418,"high-school level",4,1,1,1,1,3.25,3.25,3.25
"Flat","5e668df31d7e1a4039d67b49","X2",1,115.02,"blue",0,21,0,1,895,"university level",4,1,1,1,1,3.25,3.25,3.25
"Flat","5e668df31d7e1a4039d67b49","X4",1,10.855,"yellow",0,21,0,1,895,"university level",4,1,1,1,1,3.25,3.25,3.25
"Flat","5debce5335575a2bed69acc6","X10",0,NA,"blue",1,54,0,1,437,"no training",1,1,2,0,1,3.25,3.25,3.25
"Flat","5e755903a504390ca964c846","X6",0,NA,"blue",0,22,0,1,363,"university level",4,1,2,0,1,3.25,3.25,3.25
"Flat","5e755903a504390ca964c846","X7",0,NA,"yellow",0,22,0,1,363,"university level",4,1,2,0,1,3.25,3.25,3.25
"Flat","5e8a79496a7800724c1df04b","X1",0,NA,"yellow",1,24,0,1,253,"high-school level",2,1,1,1,1,3.25,3.25,3.25
"Flat","5e28ad9b6dbb5608131beb19","X8",1,6.534,"yellow",1,24,0,1,550,"university level",4,1,2,0,1,3.25,3.25,3.25
"Flat","5debce5335575a2bed69acc6","X6",0,NA,"yellow",0,54,0,1,437,"no training",1,1,2,0,1,3.25,3.25,3.25
"Flat","5debce5335575a2bed69acc6","X7",0,NA,"yellow",1,54,0,1,437,"no training",1,1,2,0,1,3.25,3.25,3.25
"Flat","5cfade55cb76df0019f58d1f","X4",1,7.184,"blue",0,20,1,1,386,"no training",3,1,1,1,1,3.25,3.25,3.25
"Flat","5e45ebd018bf820d2cb9ebab","X2",0,NA,"blue",1,37,1,1,291,"no training",5,1,1,1,1,3.25,3.25,3.25
"Flat","5e45ebd018bf820d2cb9ebab","X3",0,NA,"blue",1,37,1,1,291,"no training",5,1,1,1,1,3.25,3.25,3.25
"Flat","5e45ebd018bf820d2cb9ebab","X4",0,NA,"blue",1,37,1,1,291,"no training",5,1,1,1,1,3.25,3.25,3.25
"Flat","5e45ebd018bf820d2cb9ebab","X5",0,NA,"blue",1,37,1,1,291,"no training",5,1,1,1,1,3.25,3.25,3.25
"Flat","5c32307c70d93a000123381d","X9",0,NA,"yellow",1,21,0,0,217,"high-school level",4,1,1,1,1,3.25,3.25,3.25
"Flat","5e45ebd018bf820d2cb9ebab","X7",0,NA,"yellow",1,37,1,1,291,"no training",5,1,1,1,1,3.25,3.25,3.25
"Flat","5e8debd2ae7a80071f189793","X4",0,NA,"yellow",1,20,0,1,509,"high-school level",4,1,1,1,1,3.25,3.25,3.25
"Flat","5e9e6189bee0af238931e653","X5",1,7.11,"yellow",1,25,1,1,541,"university level",4,1,1,1,1,3.25,3.25,3.25
"Flat","5e8b848f1ec9f5063d76857c","X2",0,NA,"yellow",0,28,0,1,379,"university level",3,1,1,1,1,3.25,3.25,3.25
"Flat","5e8b848f1ec9f5063d76857c","X3",0,NA,"yellow",0,28,0,1,379,"university level",3,1,1,1,1,3.25,3.25,3.25
"Flat","5e9e6189bee0af238931e653","X8",1,6.943,"yellow",1,25,1,1,541,"university level",4,1,1,1,1,3.25,3.25,3.25
"Flat","5e9e6189bee0af238931e653","X9",1,7.058,"yellow",1,25,1,1,541,"university level",4,1,1,1,1,3.25,3.25,3.25
"Flat","5e9fb6286841e91621c43246","X1",1,7.763,"blue",0,19,0,1,713,"no training",4,1,1,1,1,3.25,3.25,3.25
"Flat","5cfbcc1fa7f8940019cd8704","X8",1,13.172,"blue",1,19,0,1,376,"high-school level",5,1,1,1,1,3.25,3.25,3.25
"Flat","5cfbcc1fa7f8940019cd8704","X9",1,7.731,"yellow",1,19,0,1,376,"high-school level",5,1,1,1,1,3.25,3.25,3.25
"Flat","5e7d280b351b5c0d4a41d376","X9",0,NA,"yellow",0,22,1,1,392,"no training",3,1,1,1,1,3.25,3.25,3.25
"Flat","5e9fb6286841e91621c43246","X4",1,12.674,"yellow",1,19,0,1,713,"no training",4,1,1,1,1,3.25,3.25,3.25
"Flat","5ea755615ef67613aaaf62cd","X7",1,22.031,"blue",1,20,0,1,1006,"university level",4,1,2,0,1,3.25,3.25,3.25
"Flat","5e8cec5e1a88ad0a14744f2d","X4",1,8.845,"yellow",1,39,0,1,950,"university level",1,1,1,1,1,3.25,3.25,3.25
"Flat","5e8cec5e1a88ad0a14744f2d","X5",1,12.085,"yellow",1,39,0,1,950,"university level",1,1,1,1,1,3.25,3.25,3.25
"Flat","5e8cec5e1a88ad0a14744f2d","X6",1,10.629,"yellow",1,39,0,1,950,"university level",1,1,1,1,1,3.25,3.25,3.25
"Flat","5e8cec5e1a88ad0a14744f2d","X7",1,16.261,"yellow",1,39,0,1,950,"university level",1,1,1,1,1,3.25,3.25,3.25
"Flat","5e616b0a72248504495fe4ef","X4",1,16.789,"yellow",1,32,0,1,1422,"university level",5,1,1,1,1,3.25,3.25,3.25
"Flat","5e616b0a72248504495fe4ef","X5",1,7.544,"blue",0,32,0,1,1422,"university level",5,1,1,1,1,3.25,3.25,3.25
"Flat","5e616b0a72248504495fe4ef","X6",1,16.615,"yellow",1,32,0,1,1422,"university level",5,1,1,1,1,3.25,3.25,3.25
"Flat","5e616b0a72248504495fe4ef","X7",1,13.485,"blue",0,32,0,1,1422,"university level",5,1,1,1,1,3.25,3.25,3.25
"Flat","5e7b21d811bf5611a47f76ac","X1",0,NA,"yellow",0,26,1,1,548,"no training",3,1,1,1,1,3.25,3.25,3.25
"Flat","5e79437d60e3c14ed20cc894","X2",1,6.868,"blue",0,26,0,1,334,"no training",5,1,1,1,1,3.25,3.25,3.25
"Flat","5e8e0b2d3e52130b81900c4d","X2",1,12.491,"blue",0,27,0,1,455,"research level",5,1,1,1,1,3.25,3.25,3.25
"Flat","5e668df31d7e1a4039d67b49","X1",1,6.11,"blue",0,21,0,1,895,"university level",4,1,1,1,1,3.25,3.25,3.25
"Flat","5ea1119c737ba611c77c0b77","X9",1,5.654,"yellow",1,21,1,1,418,"high-school level",4,1,1,1,1,3.25,3.25,3.25
"Flat","5e755903a504390ca964c846","X4",0,NA,"blue",1,22,0,1,363,"university level",4,1,2,0,1,3.25,3.25,3.25
"Flat","5e755903a504390ca964c846","X5",1,12.037,"blue",0,22,0,1,363,"university level",4,1,2,0,1,3.25,3.25,3.25
"Flat","5e9923fb0d2c3a15aea5f991","X1",1,6.549,"blue",0,28,1,1,1153,"university level",5,1,2,0,1,3.25,3.25,3.25
"Flat","5e9923fb0d2c3a15aea5f991","X10",1,16.79,"yellow",1,28,1,1,1153,"university level",5,1,2,0,1,3.25,3.25,3.25
"Flat","5e755903a504390ca964c846","X8",0,NA,"blue",0,22,0,1,363,"university level",4,1,2,0,1,3.25,3.25,3.25
"Flat","5e8a79496a7800724c1df04b","X10",1,20.882,"yellow",1,24,0,1,253,"high-school level",2,1,1,1,1,3.25,3.25,3.25
"Flat","5dd7662482569a706cac6d34","X5",1,8.673,"yellow",1,31,0,1,428,"university level",4,1,2,0,1,3.25,3.25,3.25
"Flat","5e28ad9b6dbb5608131beb19","X9",1,7.419,"yellow",1,24,0,1,550,"university level",4,1,2,0,1,3.25,3.25,3.25
"Flat","5e2bf2153a9311222d4892c6","X1",1,24.766,"blue",0,19,0,1,632,"high-school level",4,1,1,1,1,3.25,3.25,3.25
"Flat","5cfade55cb76df0019f58d1f","X5",1,11.363,"blue",0,20,1,1,386,"no training",3,1,1,1,1,3.25,3.25,3.25
"Flat","5cfade55cb76df0019f58d1f","X6",1,11.559,"yellow",1,20,1,1,386,"no training",3,1,1,1,1,3.25,3.25,3.25
"Flat","5cfade55cb76df0019f58d1f","X7",1,7.425,"yellow",0,20,1,1,386,"no training",3,1,1,1,1,3.25,3.25,3.25
"Flat","5e9e6189bee0af238931e653","X10",1,10.88,"yellow",1,25,1,1,541,"university level",4,1,1,1,1,3.25,3.25,3.25
"Flat","5e45ebd018bf820d2cb9ebab","X6",0,NA,"blue",1,37,1,1,291,"no training",5,1,1,1,1,3.25,3.25,3.25
"Flat","5e9e6189bee0af238931e653","X3",1,5.196,"yellow",1,25,1,1,541,"university level",4,1,1,1,1,3.25,3.25,3.25
"Flat","5e45ebd018bf820d2cb9ebab","X8",0,NA,"yellow",1,37,1,1,291,"no training",5,1,1,1,1,3.25,3.25,3.25
"Flat","5e8debd2ae7a80071f189793","X3",1,6.31,"blue",0,20,0,1,509,"high-school level",4,1,1,1,1,3.25,3.25,3.25
"Flat","5eaa192b4e2ab9197cec6eeb","X7",0,NA,"yellow",1,19,0,0,642,"high-school level",4,1,1,1,1,3.25,3.25,3.25
"Flat","5ebae4db41cc8b074438db70","X2",0,NA,"blue",0,18,1,1,593,"university level",4,1,1,1,1,3.25,3.25,3.25
"Flat","5e7995061a79d455837f95e1","X3",1,5.524,"blue",0,19,0,1,438,"no training",5,1,1,1,1,3.25,3.25,3.25
"Flat","5e19c8d1477f3b24e0ac5efa","X1",1,5.92,"yellow",1,20,1,1,802,"university level",4,1,1,1,1,3.25,3.25,3.25
"Flat","5ebae4db41cc8b074438db70","X5",1,9.766,"yellow",1,18,1,1,593,"university level",4,1,1,1,1,3.25,3.25,3.25
"Flat","5eaa230cb27dc919e8590bae","X2",1,9.466,"blue",0,21,0,1,2484,"university level",4,1,1,1,1,3.25,3.25,3.25
"Flat","5eaa230cb27dc919e8590bae","X3",1,6.642,"blue",0,21,0,1,2484,"university level",4,1,1,1,1,3.25,3.25,3.25
"Flat","5eaa230cb27dc919e8590bae","X4",1,8.443,"yellow",1,21,0,1,2484,"university level",4,1,1,1,1,3.25,3.25,3.25
"Flat","5eaa230cb27dc919e8590bae","X5",1,6.933,"yellow",1,21,0,1,2484,"university level",4,1,1,1,1,3.25,3.25,3.25
"Flat","5d460ce9ba790b0001dd488c","X2",0,NA,"blue",1,34,1,1,277,"no training",4,1,2,0,1,3.25,3.25,3.25
"Flat","5d460ce9ba790b0001dd488c","X3",1,12.52,"yellow",1,34,1,1,277,"no training",4,1,2,0,1,3.25,3.25,3.25
"Flat","5d460ce9ba790b0001dd488c","X4",0,NA,"blue",1,34,1,1,277,"no training",4,1,2,0,1,3.25,3.25,3.25
"Flat","5d460ce9ba790b0001dd488c","X5",0,NA,"blue",1,34,1,1,277,"no training",4,1,2,0,1,3.25,3.25,3.25
"Flat","5e7913d548988f0c5bd98567","X4",1,5.892,"yellow",0,18,0,1,317,"high-school level",4,1,3,0,1,3.25,3.25,3.25
"Flat","5e7913d548988f0c5bd98567","X5",1,9.678,"blue",1,18,0,1,317,"high-school level",4,1,3,0,1,3.25,3.25,3.25
"Flat","5ea1119c737ba611c77c0b77","X2",1,19.401,"blue",0,21,1,1,418,"high-school level",4,1,1,1,1,3.25,3.25,3.25
"Flat","5ea1119c737ba611c77c0b77","X3",1,6.155,"blue",0,21,1,1,418,"high-school level",4,1,1,1,1,3.25,3.25,3.25
"Flat","5eb2de44f2dbc90894711df3","X7",0,NA,"yellow",1,NA,0,1,350,"university level",4,1,1,1,1,3.25,3.25,3.25
"Flat","5e8e0b2d3e52130b81900c4d","X10",1,11.366,"yellow",1,27,0,1,455,"research level",5,1,1,1,1,3.25,3.25,3.25
"Flat","5e7b21d811bf5611a47f76ac","X10",1,18.411,"yellow",1,26,1,1,548,"no training",3,1,1,1,1,3.25,3.25,3.25
"Flat","5e616b0a72248504495fe4ef","X8",1,15.051,"blue",0,32,0,1,1422,"university level",5,1,1,1,1,3.25,3.25,3.25
"Flat","5e616b0a72248504495fe4ef","X9",1,22.854,"blue",1,32,0,1,1422,"university level",5,1,1,1,1,3.25,3.25,3.25
"Flat","5e668df31d7e1a4039d67b49","X10",1,12.606,"yellow",1,21,0,1,895,"university level",4,1,1,1,1,3.25,3.25,3.25
"Flat","5e28ad9b6dbb5608131beb19","X1",1,7.092,"blue",0,24,0,1,550,"university level",4,1,2,0,1,3.25,3.25,3.25
"Flat","5e79437d60e3c14ed20cc894","X6",1,5.747,"yellow",1,26,0,1,334,"no training",5,1,1,1,1,3.25,3.25,3.25
"Flat","5e28ad9b6dbb5608131beb19","X2",1,10.387,"blue",0,24,0,1,550,"university level",4,1,2,0,1,3.25,3.25,3.25
"Flat","5e28ad9b6dbb5608131beb19","X3",1,7.023,"yellow",1,24,0,1,550,"university level",4,1,2,0,1,3.25,3.25,3.25
"Flat","5e79437d60e3c14ed20cc894","X9",1,4.094,"yellow",1,26,0,1,334,"no training",5,1,1,1,1,3.25,3.25,3.25
"Flat","5e755903a504390ca964c846","X9",0,NA,"yellow",1,22,0,1,363,"university level",4,1,2,0,1,3.25,3.25,3.25
"Flat","5e9923fb0d2c3a15aea5f991","X4",1,16.133,"blue",0,28,1,1,1153,"university level",5,1,2,0,1,3.25,3.25,3.25
"Flat","5e9923fb0d2c3a15aea5f991","X5",1,10.045,"yellow",1,28,1,1,1153,"university level",5,1,2,0,1,3.25,3.25,3.25
"Flat","5e9923fb0d2c3a15aea5f991","X6",1,10.96,"blue",0,28,1,1,1153,"university level",5,1,2,0,1,3.25,3.25,3.25
"Flat","5e9923fb0d2c3a15aea5f991","X7",1,9.297,"yellow",1,28,1,1,1153,"university level",5,1,2,0,1,3.25,3.25,3.25
"Flat","5eaec4a4851f4f5979bd0c46","X2",0,NA,"blue",0,22,0,1,231,"university level",4,1,1,1,1,3.25,3.25,3.25
"Flat","5eaec4a4851f4f5979bd0c46","X3",1,8.791,"yellow",1,22,0,1,231,"university level",4,1,1,1,1,3.25,3.25,3.25
"Flat","5eaec4a4851f4f5979bd0c46","X4",0,NA,"yellow",1,22,0,1,231,"university level",4,1,1,1,1,3.25,3.25,3.25
"Flat","5e9e6189bee0af238931e653","X2",1,19.517,"blue",0,25,1,1,541,"university level",4,1,1,1,1,3.25,3.25,3.25
"Flat","5d54d3560c5b0400174b3c81","X1",1,4.54,"blue",0,31,1,1,601,"research level",2,1,1,1,1,3.25,3.25,3.25
"Flat","5e9e6189bee0af238931e653","X4",1,7.656,"blue",0,25,1,1,541,"university level",4,1,1,1,1,3.25,3.25,3.25
"Flat","5e7995061a79d455837f95e1","X1",1,9.615,"blue",0,19,0,1,438,"no training",5,1,1,1,1,3.25,3.25,3.25
"Flat","5e7995061a79d455837f95e1","X10",0,NA,"yellow",1,19,0,1,438,"no training",5,1,1,1,1,3.25,3.25,3.25
"Flat","5e7995061a79d455837f95e1","X2",0,NA,"blue",1,19,0,1,438,"no training",5,1,1,1,1,3.25,3.25,3.25
"Flat","5ebae4db41cc8b074438db70","X10",0,NA,"yellow",1,18,1,1,593,"university level",4,1,1,1,1,3.25,3.25,3.25
"Flat","5e8b848f1ec9f5063d76857c","X5",0,NA,"blue",0,28,0,1,379,"university level",3,1,1,1,1,3.25,3.25,3.25
"Flat","5de982077cd7670b0a591d6b","X1",1,7.301,"blue",0,21,1,1,302,"university level",5,1,1,1,1,3.25,3.25,3.25
"Flat","5de982077cd7670b0a591d6b","X10",1,17.687,"yellow",1,21,1,1,302,"university level",5,1,1,1,1,3.25,3.25,3.25
"Flat","5e7995061a79d455837f95e1","X7",0,NA,"yellow",1,19,0,1,438,"no training",5,1,1,1,1,3.25,3.25,3.25
"Flat","5e9bd2230273320dc4b542ee","X2",0,NA,"blue",0,18,1,1,437,"no training",4,1,1,1,1,3.25,3.25,3.25
"Flat","5e9bd2230273320dc4b542ee","X3",1,6.354,"blue",0,18,1,1,437,"no training",4,1,1,1,1,3.25,3.25,3.25
"Flat","5db784034f550b000e3574b1","X3",1,8.063,"yellow",1,22,1,1,431,"high-school level",2,1,2,0,1,3.25,3.25,3.25
"Flat","5db784034f550b000e3574b1","X4",1,7.969,"yellow",1,22,1,1,431,"high-school level",2,1,2,0,1,3.25,3.25,3.25
"Flat","5e9bd2230273320dc4b542ee","X6",1,8.385,"blue",1,18,1,1,437,"no training",4,1,1,1,1,3.25,3.25,3.25
"Flat","5e9bd2230273320dc4b542ee","X7",1,19.443,"yellow",1,18,1,1,437,"no training",4,1,1,1,1,3.25,3.25,3.25
"Flat","5e4bdb0a5f962e025484358c","X10",1,23.101,"yellow",0,20,1,0,504,"high-school level",3,1,2,0,1,3.25,3.25,3.25
"Flat","5e8f4916b8bfe108653ccd81","X6",1,9.12,"yellow",1,19,0,1,318,"high-school level",5,1,1,1,1,3.25,3.25,3.25
"Flat","5eab5556742dd91332dc610d","X1",1,8.145,"yellow",1,22,1,1,777,"no training",3,1,1,1,1,3.25,3.25,3.25
"Flat","5eab5556742dd91332dc610d","X2",1,9.869,"yellow",1,22,1,1,777,"no training",3,1,1,1,1,3.25,3.25,3.25
"Flat","5eab5556742dd91332dc610d","X3",1,6.824,"yellow",0,22,1,1,777,"no training",3,1,1,1,1,3.25,3.25,3.25
"Flat","5eab5556742dd91332dc610d","X4",1,15.101,"yellow",1,22,1,1,777,"no training",3,1,1,1,1,3.25,3.25,3.25
"Flat","5eab10974f192c0ae43b5a82","X5",1,17.455,"blue",0,18,0,0,580,"no training",4,1,2,0,1,3.25,3.25,3.25
"Flat","5eac6e70e481222bfb2a8872","X5",1,5.917,"blue",0,19,0,1,505,"university level",2,1,1,1,1,3.25,3.25,3.25
"Flat","5e8d44819163b611f62d706c","X10",1,19.699,"yellow",1,28,1,1,987,"high-school level",3,1,2,0,1,3.25,3.25,3.25
"Flat","5e8e0b2d3e52130b81900c4d","X3",1,7.653,"blue",0,27,0,1,455,"research level",5,1,1,1,1,3.25,3.25,3.25
"Flat","5e8e0b2d3e52130b81900c4d","X4",1,9.799,"yellow",1,27,0,1,455,"research level",5,1,1,1,1,3.25,3.25,3.25
"Flat","5e28ad9b6dbb5608131beb19","X10",1,9.813,"yellow",1,24,0,1,550,"university level",4,1,2,0,1,3.25,3.25,3.25
"Flat","5e79437d60e3c14ed20cc894","X5",1,14.291,"blue",0,26,0,1,334,"no training",5,1,1,1,1,3.25,3.25,3.25
"Flat","5ddd6b49229f03000adf252a","X1",0,NA,"yellow",0,18,0,1,304,"no training",2,1,2,0,1,3.25,3.25,3.25
"Flat","5ea08738ba7e69065a69c3f8","X2",1,19.629,"blue",0,26,1,1,576,"university level",3,1,1,1,1,3.25,3.25,3.25
"Flat","5ea08738ba7e69065a69c3f8","X3",1,4.948,"yellow",1,26,1,1,576,"university level",3,1,1,1,1,3.25,3.25,3.25
"Flat","5debce5335575a2bed69acc6","X4",0,NA,"blue",1,54,0,1,437,"no training",1,1,2,0,1,3.25,3.25,3.25
"Flat","5dcc9ee9b4cc7892cce47c45","X4",0,NA,"blue",1,18,0,1,356,"no training",1,1,1,1,1,3.25,3.25,3.25
"Flat","5dcc9ee9b4cc7892cce47c45","X5",0,NA,"blue",1,18,0,1,356,"no training",1,1,1,1,1,3.25,3.25,3.25
"Flat","5dcc9ee9b4cc7892cce47c45","X6",0,NA,"yellow",1,18,0,1,356,"no training",1,1,1,1,1,3.25,3.25,3.25
"Flat","5dcc9ee9b4cc7892cce47c45","X7",0,NA,"blue",0,18,0,1,356,"no training",1,1,1,1,1,3.25,3.25,3.25
"Flat","5dcc9ee9b4cc7892cce47c45","X8",0,NA,"yellow",1,18,0,1,356,"no training",1,1,1,1,1,3.25,3.25,3.25
"Flat","5e9e6189bee0af238931e653","X1",1,5.397,"blue",0,25,1,1,541,"university level",4,1,1,1,1,3.25,3.25,3.25
"Flat","5eaec4a4851f4f5979bd0c46","X5",0,NA,"blue",0,22,0,1,231,"university level",4,1,1,1,1,3.25,3.25,3.25
"Flat","5dcf4d27b039ab08c04d2740","X10",1,12.236,"blue",0,21,1,1,264,"university level",5,1,1,1,1,3.25,3.25,3.25
"Flat","5d54d3560c5b0400174b3c81","X10",1,7.301,"blue",0,31,1,1,601,"research level",2,1,1,1,1,3.25,3.25,3.25
"Flat","5dcf4d27b039ab08c04d2740","X3",1,4.133,"blue",0,21,1,1,264,"university level",5,1,1,1,1,3.25,3.25,3.25
"Flat","5dcf4d27b039ab08c04d2740","X4",1,5.493,"blue",0,21,1,1,264,"university level",5,1,1,1,1,3.25,3.25,3.25
"Flat","5ebae4db41cc8b074438db70","X1",0,NA,"blue",0,18,1,1,593,"university level",4,1,1,1,1,3.25,3.25,3.25
"Flat","5eaec4a4851f4f5979bd0c46","X9",0,NA,"blue",1,22,0,1,231,"university level",4,1,1,1,1,3.25,3.25,3.25
"Flat","5ea00f8da4524200097d2254","X10",1,30.551,"yellow",1,21,0,1,1135,"vocational training",5,1,1,1,1,3.25,3.25,3.25
"Flat","5e8b848f1ec9f5063d76857c","X6",1,8.004,"yellow",1,28,0,1,379,"university level",3,1,1,1,1,3.25,3.25,3.25
"Flat","5e8b848f1ec9f5063d76857c","X7",0,NA,"blue",1,28,0,1,379,"university level",3,1,1,1,1,3.25,3.25,3.25
"Flat","5e9fb6286841e91621c43246","X10",1,8.53,"yellow",1,19,0,1,713,"no training",4,1,1,1,1,3.25,3.25,3.25
"Flat","5e7d280b351b5c0d4a41d376","X8",1,7.56,"blue",0,22,1,1,392,"no training",3,1,1,1,1,3.25,3.25,3.25
"Flat","5ea755615ef67613aaaf62cd","X4",1,13.745,"blue",0,20,0,1,1006,"university level",4,1,2,0,1,3.25,3.25,3.25
"Flat","5ea755615ef67613aaaf62cd","X5",1,11.086,"blue",0,20,0,1,1006,"university level",4,1,2,0,1,3.25,3.25,3.25
"Flat","5e9fb6286841e91621c43246","X5",1,10.515,"blue",0,19,0,1,713,"no training",4,1,1,1,1,3.25,3.25,3.25
"Flat","5e9fb6286841e91621c43246","X6",1,11.041,"yellow",1,19,0,1,713,"no training",4,1,1,1,1,3.25,3.25,3.25
"Flat","5e9fb6286841e91621c43246","X7",1,9.263,"yellow",0,19,0,1,713,"no training",4,1,1,1,1,3.25,3.25,3.25
"Flat","5e9fb6286841e91621c43246","X8",1,16.954,"yellow",1,19,0,1,713,"no training",4,1,1,1,1,3.25,3.25,3.25
"Flat","5e9fb6286841e91621c43246","X9",1,8.702,"yellow",1,19,0,1,713,"no training",4,1,1,1,1,3.25,3.25,3.25
"Flat","5ea00f8da4524200097d2254","X1",1,7.592,"blue",0,21,0,1,1135,"vocational training",5,1,1,1,1,3.25,3.25,3.25
"Flat","5e668df31d7e1a4039d67b49","X7",0,NA,"blue",1,21,0,1,895,"university level",4,1,1,1,1,3.25,3.25,3.25
"Flat","5ea00f8da4524200097d2254","X2",1,22.361,"blue",0,21,0,1,1135,"vocational training",5,1,1,1,1,3.25,3.25,3.25
"Flat","5ea00f8da4524200097d2254","X3",1,8.101,"yellow",0,21,0,1,1135,"vocational training",5,1,1,1,1,3.25,3.25,3.25
"Flat","5eab5556742dd91332dc610d","X5",1,8.094,"yellow",1,22,1,1,777,"no training",3,1,1,1,1,3.25,3.25,3.25
"Flat","5ea7c40f80fdc01ad1d14ddf","X2",1,19.486,"blue",0,21,1,1,417,"university level",4,1,1,1,1,3.25,3.25,3.25
"Flat","5ea7c40f80fdc01ad1d14ddf","X3",0,NA,"blue",0,21,1,1,417,"university level",4,1,1,1,1,3.25,3.25,3.25
"Flat","5e8d44819163b611f62d706c","X3",1,9.335,"blue",0,28,1,1,987,"high-school level",3,1,2,0,1,3.25,3.25,3.25
"Flat","5e8d44819163b611f62d706c","X4",1,10.382,"blue",0,28,1,1,987,"high-school level",3,1,2,0,1,3.25,3.25,3.25
"Flat","5e79437d60e3c14ed20cc894","X4",1,5.578,"yellow",1,26,0,1,334,"no training",5,1,1,1,1,3.25,3.25,3.25
"Flat","5e8d44819163b611f62d706c","X6",1,39.67,"yellow",1,28,1,1,987,"high-school level",3,1,2,0,1,3.25,3.25,3.25
"Flat","5e8d44819163b611f62d706c","X7",1,10.545,"yellow",1,28,1,1,987,"high-school level",3,1,2,0,1,3.25,3.25,3.25
"Flat","5da4f9a3bbbc120015e084a9","X1",0,NA,"yellow",0,20,1,1,179,"university level",4,1,1,1,1,3.25,3.25,3.25
"Flat","5e9923fb0d2c3a15aea5f991","X2",1,21.889,"blue",0,28,1,1,1153,"university level",5,1,2,0,1,3.25,3.25,3.25
"Flat","5eaa192b4e2ab9197cec6eeb","X5",0,NA,"blue",1,19,0,0,642,"high-school level",4,1,1,1,1,3.25,3.25,3.25
"Flat","5e668df31d7e1a4039d67b49","X8",1,8.302,"yellow",1,21,0,1,895,"university level",4,1,1,1,1,3.25,3.25,3.25
"Flat","5ea08738ba7e69065a69c3f8","X6",1,7.222,"blue",0,26,1,1,576,"university level",3,1,1,1,1,3.25,3.25,3.25
"Flat","5ea08738ba7e69065a69c3f8","X7",1,8.786,"blue",0,26,1,1,576,"university level",3,1,1,1,1,3.25,3.25,3.25
"Flat","5e2bf2153a9311222d4892c6","X10",1,39.477,"blue",0,19,0,1,632,"high-school level",4,1,1,1,1,3.25,3.25,3.25
"Flat","5e2bf2153a9311222d4892c6","X2",0,NA,"blue",0,19,0,1,632,"high-school level",4,1,1,1,1,3.25,3.25,3.25
"Flat","5e2bf2153a9311222d4892c6","X3",1,8.35,"yellow",1,19,0,1,632,"high-school level",4,1,1,1,1,3.25,3.25,3.25
"Flat","5dcf4d27b039ab08c04d2740","X1",1,4.17,"blue",0,21,1,1,264,"university level",5,1,1,1,1,3.25,3.25,3.25
"Flat","5e2bf2153a9311222d4892c6","X5",1,12.004,"yellow",1,19,0,1,632,"high-school level",4,1,1,1,1,3.25,3.25,3.25
"Flat","5dcf4d27b039ab08c04d2740","X2",1,9.095,"blue",0,21,1,1,264,"university level",5,1,1,1,1,3.25,3.25,3.25
"Flat","5e2bf2153a9311222d4892c6","X8",0,NA,"blue",0,19,0,1,632,"high-school level",4,1,1,1,1,3.25,3.25,3.25
"Flat","5e2bf2153a9311222d4892c6","X7",0,NA,"yellow",0,19,0,1,632,"high-school level",4,1,1,1,1,3.25,3.25,3.25
"Flat","5eaec4a4851f4f5979bd0c46","X8",0,NA,"blue",0,22,0,1,231,"university level",4,1,1,1,1,3.25,3.25,3.25
"Flat","5ea1119c737ba611c77c0b77","X1",1,4.649,"blue",0,21,1,1,418,"high-school level",4,1,1,1,1,3.25,3.25,3.25
"Flat","5e7913d548988f0c5bd98567","X6",1,8.281,"blue",1,18,0,1,317,"high-school level",4,1,3,0,1,3.25,3.25,3.25
"Flat","5eab4e0b67ba8f11a83e6494","X1",1,5.074,"blue",0,18,0,1,637,"no training",3,1,1,1,1,3.25,3.25,3.25
"Flat","5e19c8d1477f3b24e0ac5efa","X10",1,11.191,"blue",0,20,1,1,802,"university level",4,1,1,1,1,3.25,3.25,3.25
"Flat","5e7995061a79d455837f95e1","X6",1,29.46,"yellow",1,19,0,1,438,"no training",5,1,1,1,1,3.25,3.25,3.25
"Flat","5ebae4db41cc8b074438db70","X6",1,11.901,"yellow",1,18,1,1,593,"university level",4,1,1,1,1,3.25,3.25,3.25
"Flat","5ebae4db41cc8b074438db70","X7",1,14.569,"yellow",1,18,1,1,593,"university level",4,1,1,1,1,3.25,3.25,3.25
"Flat","5d460ce9ba790b0001dd488c","X1",0,NA,"blue",0,34,1,1,277,"no training",4,1,2,0,1,3.25,3.25,3.25
"Flat","5eaa230cb27dc919e8590bae","X6",1,9.635,"yellow",1,21,0,1,2484,"university level",4,1,1,1,1,3.25,3.25,3.25
"Flat","5eb2de44f2dbc90894711df3","X1",0,NA,"yellow",0,NA,0,1,350,"university level",4,1,1,1,1,3.25,3.25,3.25
"Flat","5eb2de44f2dbc90894711df3","X10",0,NA,"yellow",1,NA,0,1,350,"university level",4,1,1,1,1,3.25,3.25,3.25
"Flat","5eb2de44f2dbc90894711df3","X2",0,NA,"yellow",1,NA,0,1,350,"university level",4,1,1,1,1,3.25,3.25,3.25
"Flat","5eb2de44f2dbc90894711df3","X3",0,NA,"yellow",0,NA,0,1,350,"university level",4,1,1,1,1,3.25,3.25,3.25
"Flat","5e8d44819163b611f62d706c","X9",1,15.301,"blue",0,28,1,1,987,"high-school level",3,1,2,0,1,3.25,3.25,3.25
"Flat","5e9923fb0d2c3a15aea5f991","X3",1,6.121,"blue",0,28,1,1,1153,"university level",5,1,2,0,1,3.25,3.25,3.25
"Flat","5e7913d548988f0c5bd98567","X7",1,23.34,"blue",1,18,0,1,317,"high-school level",4,1,3,0,1,3.25,3.25,3.25
"Flat","5e8e0b2d3e52130b81900c4d","X1",1,7.647,"yellow",1,27,0,1,455,"research level",5,1,1,1,1,3.25,3.25,3.25
"Flat","5eab10974f192c0ae43b5a82","X4",1,15.875,"blue",0,18,0,0,580,"no training",4,1,2,0,1,3.25,3.25,3.25
"Flat","5eab10974f192c0ae43b5a82","X2",1,9.343,"blue",0,18,0,0,580,"no training",4,1,2,0,1,3.25,3.25,3.25
"Flat","5e45ebd018bf820d2cb9ebab","X10",0,NA,"yellow",1,37,1,1,291,"no training",5,1,1,1,1,3.25,3.25,3.25
"Flat","5e8d44819163b611f62d706c","X2",1,11.311,"blue",0,28,1,1,987,"high-school level",3,1,2,0,1,3.25,3.25,3.25
"Flat","5eab10974f192c0ae43b5a82","X6",1,18.602,"yellow",1,18,0,0,580,"no training",4,1,2,0,1,3.25,3.25,3.25
"Flat","5e8d44819163b611f62d706c","X5",1,10.144,"yellow",1,28,1,1,987,"high-school level",3,1,2,0,1,3.25,3.25,3.25
"Flat","5e8e0b2d3e52130b81900c4d","X5",1,7.537,"yellow",1,27,0,1,455,"research level",5,1,1,1,1,3.25,3.25,3.25
"Flat","5e8e0b2d3e52130b81900c4d","X6",1,9.23,"blue",0,27,0,1,455,"research level",5,1,1,1,1,3.25,3.25,3.25
"Flat","5e8d44819163b611f62d706c","X8",1,17.066,"yellow",1,28,1,1,987,"high-school level",3,1,2,0,1,3.25,3.25,3.25
"Flat","5e8b848f1ec9f5063d76857c","X10",0,NA,"yellow",1,28,0,1,379,"university level",3,1,1,1,1,3.25,3.25,3.25
"Flat","5eab4e0b67ba8f11a83e6494","X9",1,7.889,"yellow",1,18,0,1,637,"no training",3,1,1,1,1,3.25,3.25,3.25
"Flat","5da4f9a3bbbc120015e084a9","X3",0,NA,"blue",1,20,1,1,179,"university level",4,1,1,1,1,3.25,3.25,3.25
"Flat","5da4f9a3bbbc120015e084a9","X4",0,NA,"blue",1,20,1,1,179,"university level",4,1,1,1,1,3.25,3.25,3.25
"Flat","5da4f9a3bbbc120015e084a9","X5",0,NA,"blue",0,20,1,1,179,"university level",4,1,1,1,1,3.25,3.25,3.25
"Flat","5e45ebd018bf820d2cb9ebab","X1",0,NA,"yellow",0,37,1,1,291,"no training",5,1,1,1,1,3.25,3.25,3.25
"Flat","5db784034f550b000e3574b1","X1",1,7.66,"blue",0,22,1,1,431,"high-school level",2,1,2,0,1,3.25,3.25,3.25
"Flat","5eb32b8adc8fc511560fca82","X4",1,8.872,"blue",0,19,0,1,407,"no training",4,1,1,1,1,3.25,3.25,3.25
"Flat","5eb32b8adc8fc511560fca82","X5",1,9.379,"blue",0,19,0,1,407,"no training",4,1,1,1,1,3.25,3.25,3.25
"Flat","5eb32b8adc8fc511560fca82","X6",1,7.805,"yellow",1,19,0,1,407,"no training",4,1,1,1,1,3.25,3.25,3.25
"Flat","5eb32b8adc8fc511560fca82","X7",1,8.709,"yellow",1,19,0,1,407,"no training",4,1,1,1,1,3.25,3.25,3.25
"Flat","5eb32b8adc8fc511560fca82","X8",1,7.308,"blue",0,19,0,1,407,"no training",4,1,1,1,1,3.25,3.25,3.25
"Flat","5eb32b8adc8fc511560fca82","X9",1,7.182,"blue",0,19,0,1,407,"no training",4,1,1,1,1,3.25,3.25,3.25
"Flat","5e6ff5fb9cf1955c1d9bbb21","X2",1,9.919,"blue",0,21,1,1,332,"high-school level",5,1,1,1,1,3.25,3.25,3.25
"Flat","5ddd6b49229f03000adf252a","X10",0,NA,"yellow",0,18,0,1,304,"no training",2,1,2,0,1,3.25,3.25,3.25
"Flat","5ea7c40f80fdc01ad1d14ddf","X10",0,NA,"blue",1,21,1,1,417,"university level",4,1,1,1,1,3.25,3.25,3.25
"Flat","5eab5556742dd91332dc610d","X10",1,25.159,"yellow",1,22,1,1,777,"no training",3,1,1,1,1,3.25,3.25,3.25
"Flat","5e8cec5e1a88ad0a14744f2d","X9",1,14.242,"yellow",1,39,0,1,950,"university level",1,1,1,1,1,3.25,3.25,3.25
"Flat","5ea755615ef67613aaaf62cd","X1",1,14.086,"yellow",1,20,0,1,1006,"university level",4,1,2,0,1,3.25,3.25,3.25
"Flat","5e8a79496a7800724c1df04b","X3",0,NA,"yellow",0,24,0,1,253,"high-school level",2,1,1,1,1,3.25,3.25,3.25
"Flat","5db784034f550b000e3574b1","X10",1,34.448,"blue",0,22,1,1,431,"high-school level",2,1,2,0,1,3.25,3.25,3.25
"Flat","5db784034f550b000e3574b1","X2",1,9.696,"blue",0,22,1,1,431,"high-school level",2,1,2,0,1,3.25,3.25,3.25
"Flat","5e6e9703f4a83200098bf742","X8",1,7.328,"yellow",1,21,1,1,564,"university level",5,1,1,1,1,3.25,3.25,3.25
"Flat","5e6e9703f4a83200098bf742","X9",1,8.797,"yellow",1,21,1,1,564,"university level",5,1,1,1,1,3.25,3.25,3.25
"Flat","5db784034f550b000e3574b1","X5",1,9.952,"blue",0,22,1,1,431,"high-school level",2,1,2,0,1,3.25,3.25,3.25
"Flat","5e4bdb0a5f962e025484358c","X1",1,9.501,"yellow",1,20,1,0,504,"high-school level",3,1,2,0,1,3.25,3.25,3.25
"Flat","5e8e0b2d3e52130b81900c4d","X7",1,10.272,"blue",0,27,0,1,455,"research level",5,1,1,1,1,3.25,3.25,3.25
"Flat","5eaa192b4e2ab9197cec6eeb","X6",0,NA,"blue",0,19,0,0,642,"high-school level",4,1,1,1,1,3.25,3.25,3.25
"Flat","5e668df31d7e1a4039d67b49","X6",1,23.364,"blue",0,21,0,1,895,"university level",4,1,1,1,1,3.25,3.25,3.25
"Flat","5eacb9950c7a9532645a3dca","X6",0,NA,"yellow",1,20,0,1,368,"high-school level",5,1,1,1,1,3.25,3.25,3.25
"Flat","5debce5335575a2bed69acc6","X5",0,NA,"blue",1,54,0,1,437,"no training",1,1,2,0,1,3.25,3.25,3.25
"Flat","5e8d44819163b611f62d706c","X1",1,8.629,"yellow",1,28,1,1,987,"high-school level",3,1,2,0,1,3.25,3.25,3.25
"Flat","5eab4e0b67ba8f11a83e6494","X10",1,9.232,"yellow",1,18,0,1,637,"no training",3,1,1,1,1,3.25,3.25,3.25
"Flat","5debce5335575a2bed69acc6","X8",0,NA,"yellow",1,54,0,1,437,"no training",1,1,2,0,1,3.25,3.25,3.25
"Flat","5ea7c40f80fdc01ad1d14ddf","X4",1,8.021,"yellow",1,21,1,1,417,"university level",4,1,1,1,1,3.25,3.25,3.25
"Flat","5e755903a504390ca964c846","X1",1,20.844,"blue",0,22,0,1,363,"university level",4,1,2,0,1,3.25,3.25,3.25
"Flat","5eab10974f192c0ae43b5a82","X7",1,16.143,"blue",0,18,0,0,580,"no training",4,1,2,0,1,3.25,3.25,3.25
"Flat","5e755903a504390ca964c846","X2",0,NA,"blue",1,22,0,1,363,"university level",4,1,2,0,1,3.25,3.25,3.25
"Flat","5e755903a504390ca964c846","X3",0,NA,"blue",0,22,0,1,363,"university level",4,1,2,0,1,3.25,3.25,3.25
"Flat","5e8b848f1ec9f5063d76857c","X1",0,NA,"yellow",0,28,0,1,379,"university level",3,1,1,1,1,3.25,3.25,3.25
"Flat","5ea755615ef67613aaaf62cd","X9",1,17.191,"yellow",1,20,0,1,1006,"university level",4,1,2,0,1,3.25,3.25,3.25
"Flat","5ea7c40f80fdc01ad1d14ddf","X1",1,6.74,"blue",0,21,1,1,417,"university level",4,1,1,1,1,3.25,3.25,3.25
"Flat","5dd9fb959dac7c9892492099","X9",0,NA,"yellow",1,19,0,1,428,"no training",5,1,1,1,1,3.25,3.25,3.25
"Flat","5e8cec5e1a88ad0a14744f2d","X8",1,9.651,"yellow",1,39,0,1,950,"university level",1,1,1,1,1,3.25,3.25,3.25
"Flat","5e8a79496a7800724c1df04b","X2",0,NA,"blue",0,24,0,1,253,"high-school level",2,1,1,1,1,3.25,3.25,3.25
"Flat","5eab10974f192c0ae43b5a82","X3",1,6.593,"yellow",1,18,0,0,580,"no training",4,1,2,0,1,3.25,3.25,3.25
"Flat","5ea755615ef67613aaaf62cd","X2",1,32.214,"blue",0,20,0,1,1006,"university level",4,1,2,0,1,3.25,3.25,3.25
"Flat","5debce5335575a2bed69acc6","X9",1,19.813,"yellow",1,54,0,1,437,"no training",1,1,2,0,1,3.25,3.25,3.25
"Flat","5dcc9ee9b4cc7892cce47c45","X9",0,NA,"yellow",1,18,0,1,356,"no training",1,1,1,1,1,3.25,3.25,3.25
"Flat","5e8a79496a7800724c1df04b","X7",0,NA,"yellow",0,24,0,1,253,"high-school level",2,1,1,1,1,3.25,3.25,3.25
"Flat","5e8a79496a7800724c1df04b","X8",0,NA,"yellow",1,24,0,1,253,"high-school level",2,1,1,1,1,3.25,3.25,3.25
"Flat","5e8a79496a7800724c1df04b","X9",0,NA,"blue",1,24,0,1,253,"high-school level",2,1,1,1,1,3.25,3.25,3.25
"Flat","5ea755615ef67613aaaf62cd","X8",1,21.87,"yellow",1,20,0,1,1006,"university level",4,1,2,0,1,3.25,3.25,3.25
"Flat","5eacb9950c7a9532645a3dca","X2",0,NA,"blue",1,20,0,1,368,"high-school level",5,1,1,1,1,3.25,3.25,3.25
"Flat","5eacb9950c7a9532645a3dca","X3",0,NA,"yellow",1,20,0,1,368,"high-school level",5,1,1,1,1,3.25,3.25,3.25
"Flat","5da4f9a3bbbc120015e084a9","X10",0,NA,"blue",0,20,1,1,179,"university level",4,1,1,1,1,3.25,3.25,3.25
"Flat","5da4f9a3bbbc120015e084a9","X2",0,NA,"yellow",1,20,1,1,179,"university level",4,1,1,1,1,3.25,3.25,3.25
"Flat","5eb2de44f2dbc90894711df3","X6",0,NA,"blue",1,NA,0,1,350,"university level",4,1,1,1,1,3.25,3.25,3.25
"Flat","5e668df31d7e1a4039d67b49","X9",0,NA,"yellow",1,21,0,1,895,"university level",4,1,1,1,1,3.25,3.25,3.25
"Flat","5dd7662482569a706cac6d34","X6",1,10.296,"blue",0,31,0,1,428,"university level",4,1,2,0,1,3.25,3.25,3.25
"Flat","5ea755615ef67613aaaf62cd","X3",1,14.938,"blue",0,20,0,1,1006,"university level",4,1,2,0,1,3.25,3.25,3.25
"Flat","5e9fb6286841e91621c43246","X2",1,10.215,"blue",0,19,0,1,713,"no training",4,1,1,1,1,3.25,3.25,3.25
"Flat","5e9fb6286841e91621c43246","X3",1,7.705,"yellow",1,19,0,1,713,"no training",4,1,1,1,1,3.25,3.25,3.25
"Flat","5d460ce9ba790b0001dd488c","X10",0,NA,"yellow",0,34,1,1,277,"no training",4,1,2,0,1,3.25,3.25,3.25
"Flat","5eaa230cb27dc919e8590bae","X7",1,8.822,"yellow",1,21,0,1,2484,"university level",4,1,1,1,1,3.25,3.25,3.25
"Flat","5eab10974f192c0ae43b5a82","X8",1,17.162,"yellow",1,18,0,0,580,"no training",4,1,2,0,1,3.25,3.25,3.25
"Flat","5e8debd2ae7a80071f189793","X2",0,NA,"blue",0,20,0,1,509,"high-school level",4,1,1,1,1,3.25,3.25,3.25
"Flat","5eaec4a4851f4f5979bd0c46","X7",0,NA,"yellow",1,22,0,1,231,"university level",4,1,1,1,1,3.25,3.25,3.25
"Flat","5dd9fb959dac7c9892492099","X8",1,10.096,"yellow",1,19,0,1,428,"no training",5,1,1,1,1,3.25,3.25,3.25
"Flat","5eac6e70e481222bfb2a8872","X10",1,6.197,"yellow",1,19,0,1,505,"university level",2,1,1,1,1,3.25,3.25,3.25
"Flat","5eacb9950c7a9532645a3dca","X7",0,NA,"yellow",0,20,0,1,368,"high-school level",5,1,1,1,1,3.25,3.25,3.25
"Flat","5eac6e70e481222bfb2a8872","X3",1,4.26,"yellow",1,19,0,1,505,"university level",2,1,1,1,1,3.25,3.25,3.25
"Flat","5eac6e70e481222bfb2a8872","X4",1,5.29,"blue",0,19,0,1,505,"university level",2,1,1,1,1,3.25,3.25,3.25
"Flat","5ea08738ba7e69065a69c3f8","X8",1,7.415,"blue",0,26,1,1,576,"university level",3,1,1,1,1,3.25,3.25,3.25
"Flat","5ea08738ba7e69065a69c3f8","X9",1,8.766,"yellow",1,26,1,1,576,"university level",3,1,1,1,1,3.25,3.25,3.25
"Flat","5ea00f8da4524200097d2254","X4",1,10.944,"yellow",1,21,0,1,1135,"vocational training",5,1,1,1,1,3.25,3.25,3.25
"Flat","5e755903a504390ca964c846","X10",0,NA,"blue",1,22,0,1,363,"university level",4,1,2,0,1,3.25,3.25,3.25
"Flat","5ea00f8da4524200097d2254","X6",1,39.678,"blue",0,21,0,1,1135,"vocational training",5,1,1,1,1,3.25,3.25,3.25
"Flat","5e8debd2ae7a80071f189793","X10",1,11.103,"yellow",1,20,0,1,509,"high-school level",4,1,1,1,1,3.25,3.25,3.25
"Flat","5dd9fb959dac7c9892492099","X6",1,10.156,"yellow",1,19,0,1,428,"no training",5,1,1,1,1,3.25,3.25,3.25
"Flat","5dd9fb959dac7c9892492099","X7",1,13.534,"blue",0,19,0,1,428,"no training",5,1,1,1,1,3.25,3.25,3.25
"Flat","5eab120dde58220b71cf6599","X1",1,6.555,"yellow",1,18,1,1,347,"no training",4,1,1,1,1,3.25,3.25,3.25
"Flat","5eacb9950c7a9532645a3dca","X4",1,8.293,"blue",0,20,0,1,368,"high-school level",5,1,1,1,1,3.25,3.25,3.25
"Flat","5ea1119c737ba611c77c0b77","X10",1,6.317,"blue",0,21,1,1,418,"high-school level",4,1,1,1,1,3.25,3.25,3.25
"Flat","5ddd6b49229f03000adf252a","X4",1,7.835,"yellow",1,18,0,1,304,"no training",2,1,2,0,1,3.25,3.25,3.25
"Flat","5ddd6b49229f03000adf252a","X5",1,8.371,"blue",0,18,0,1,304,"no training",2,1,2,0,1,3.25,3.25,3.25
"Flat","5e6e9703f4a83200098bf742","X4",1,10.85,"yellow",1,21,1,1,564,"university level",5,1,1,1,1,3.25,3.25,3.25
"Flat","5e6e9703f4a83200098bf742","X5",1,8.445,"blue",0,21,1,1,564,"university level",5,1,1,1,1,3.25,3.25,3.25
"Flat","5dd7662482569a706cac6d34","X9",1,25.877,"blue",1,31,0,1,428,"university level",4,1,2,0,1,3.25,3.25,3.25
"Flat","5e2bf2153a9311222d4892c6","X4",1,65.48,"blue",0,19,0,1,632,"high-school level",4,1,1,1,1,3.25,3.25,3.25
"Flat","5e8debd2ae7a80071f189793","X1",1,12.846,"blue",0,20,0,1,509,"high-school level",4,1,1,1,1,3.25,3.25,3.25
"Flat","5e8f4916b8bfe108653ccd81","X2",0,NA,"yellow",0,19,0,1,318,"high-school level",5,1,1,1,1,3.25,3.25,3.25
"Flat","5ea00f8da4524200097d2254","X7",1,12.526,"blue",0,21,0,1,1135,"vocational training",5,1,1,1,1,3.25,3.25,3.25
"Flat","5eab10974f192c0ae43b5a82","X9",1,7.758,"yellow",1,18,0,0,580,"no training",4,1,2,0,1,3.25,3.25,3.25
"Flat","5e2bf2153a9311222d4892c6","X6",1,19.769,"yellow",1,19,0,1,632,"high-school level",4,1,1,1,1,3.25,3.25,3.25
"Flat","5e8f4916b8bfe108653ccd81","X5",1,6.66,"blue",0,19,0,1,318,"high-school level",5,1,1,1,1,3.25,3.25,3.25
"Flat","5eacb9950c7a9532645a3dca","X5",1,9.423,"blue",1,20,0,1,368,"high-school level",5,1,1,1,1,3.25,3.25,3.25
"Flat","5eac6e70e481222bfb2a8872","X2",1,6.289,"blue",0,19,0,1,505,"university level",2,1,1,1,1,3.25,3.25,3.25
"Flat","5eb2de44f2dbc90894711df3","X4",0,NA,"yellow",1,NA,0,1,350,"university level",4,1,1,1,1,3.25,3.25,3.25
"Flat","5ddd6b49229f03000adf252a","X6",0,NA,"yellow",1,18,0,1,304,"no training",2,1,2,0,1,3.25,3.25,3.25
"Flat","5ddd6b49229f03000adf252a","X7",1,11.936,"yellow",1,18,0,1,304,"no training",2,1,2,0,1,3.25,3.25,3.25
"Flat","5e8f4916b8bfe108653ccd81","X1",1,4.963,"blue",0,19,0,1,318,"high-school level",5,1,1,1,1,3.25,3.25,3.25
"Flat","5ebae4db41cc8b074438db70","X8",1,10.526,"blue",0,18,1,1,593,"university level",4,1,1,1,1,3.25,3.25,3.25
"Flat","5eab4e0b67ba8f11a83e6494","X5",1,8.302,"blue",0,18,0,1,637,"no training",3,1,1,1,1,3.25,3.25,3.25
"Flat","5ea7c40f80fdc01ad1d14ddf","X6",1,9.545,"yellow",1,21,1,1,417,"university level",4,1,1,1,1,3.25,3.25,3.25
"Flat","5eaa192b4e2ab9197cec6eeb","X3",0,NA,"yellow",1,19,0,0,642,"high-school level",4,1,1,1,1,3.25,3.25,3.25
"Flat","5eaec4a4851f4f5979bd0c46","X6",0,NA,"yellow",0,22,0,1,231,"university level",4,1,1,1,1,3.25,3.25,3.25
"Flat","5e6ff5fb9cf1955c1d9bbb21","X10",0,NA,"blue",1,21,1,1,332,"high-school level",5,1,1,1,1,3.25,3.25,3.25
"Flat","5ea00f8da4524200097d2254","X9",1,11.402,"yellow",1,21,0,1,1135,"vocational training",5,1,1,1,1,3.25,3.25,3.25
"Flat","5e7913d548988f0c5bd98567","X3",1,6.78,"blue",0,18,0,1,317,"high-school level",4,1,3,0,1,3.25,3.25,3.25
"Flat","5e8e0b2d3e52130b81900c4d","X9",1,12.054,"blue",0,27,0,1,455,"research level",5,1,1,1,1,3.25,3.25,3.25
"Flat","5ddd6b49229f03000adf252a","X2",0,NA,"yellow",0,18,0,1,304,"no training",2,1,2,0,1,3.25,3.25,3.25
"Flat","5eb2de44f2dbc90894711df3","X5",0,NA,"blue",1,NA,0,1,350,"university level",4,1,1,1,1,3.25,3.25,3.25
"Flat","5e7995061a79d455837f95e1","X4",1,8.386,"blue",0,19,0,1,438,"no training",5,1,1,1,1,3.25,3.25,3.25
"Flat","5ddd6b49229f03000adf252a","X8",1,9.41,"blue",0,18,0,1,304,"no training",2,1,2,0,1,3.25,3.25,3.25
"Flat","5ddd6b49229f03000adf252a","X9",0,NA,"yellow",1,18,0,1,304,"no training",2,1,2,0,1,3.25,3.25,3.25
"Flat","5ea00f8da4524200097d2254","X5",1,13.271,"blue",0,21,0,1,1135,"vocational training",5,1,1,1,1,3.25,3.25,3.25
"Flat","5eaa192b4e2ab9197cec6eeb","X2",0,NA,"blue",0,19,0,0,642,"high-school level",4,1,1,1,1,3.25,3.25,3.25
"Flat","5ebae4db41cc8b074438db70","X9",1,8.667,"yellow",1,18,1,1,593,"university level",4,1,1,1,1,3.25,3.25,3.25
"Flat","5e6ff5fb9cf1955c1d9bbb21","X1",1,8.949,"blue",0,21,1,1,332,"high-school level",5,1,1,1,1,3.25,3.25,3.25
"Flat","5ea00f8da4524200097d2254","X8",1,14.646,"yellow",1,21,0,1,1135,"vocational training",5,1,1,1,1,3.25,3.25,3.25
"Flat","5e7913d548988f0c5bd98567","X10",1,10.176,"blue",1,18,0,1,317,"high-school level",4,1,3,0,1,3.25,3.25,3.25
"Flat","5e8e0b2d3e52130b81900c4d","X8",1,15.853,"yellow",1,27,0,1,455,"research level",5,1,1,1,1,3.25,3.25,3.25
"Flat","5eab4e0b67ba8f11a83e6494","X8",1,14.27,"yellow",1,18,0,1,637,"no training",3,1,1,1,1,3.25,3.25,3.25
"Flat","5eab10974f192c0ae43b5a82","X1",1,6.835,"yellow",1,18,0,0,580,"no training",4,1,2,0,1,3.25,3.25,3.25
"Flat","5ddd6b49229f03000adf252a","X3",1,7.36,"yellow",1,18,0,1,304,"no training",2,1,2,0,1,3.25,3.25,3.25
"Flat","5eacb9950c7a9532645a3dca","X8",1,18.496,"blue",0,20,0,1,368,"high-school level",5,1,1,1,1,3.25,3.25,3.25
"Flat","5ea755615ef67613aaaf62cd","X10",1,25.596,"blue",0,20,0,1,1006,"university level",4,1,2,0,1,3.25,3.25,3.25
"Flat","5e9bd2230273320dc4b542ee","X1",1,8.158,"blue",0,18,1,1,437,"no training",4,1,1,1,1,3.25,3.25,3.25
"Flat","5e8a79496a7800724c1df04b","X6",0,NA,"blue",0,24,0,1,253,"high-school level",2,1,1,1,1,3.25,3.25,3.25
"Flat","5eab4e0b67ba8f11a83e6494","X4",1,9.258,"yellow",1,18,0,1,637,"no training",3,1,1,1,1,3.25,3.25,3.25
"Flat","5eac6e70e481222bfb2a8872","X6",1,9.372,"blue",0,19,0,1,505,"university level",2,1,1,1,1,3.25,3.25,3.25
"Flat","5ea7c40f80fdc01ad1d14ddf","X7",1,9.381,"blue",0,21,1,1,417,"university level",4,1,1,1,1,3.25,3.25,3.25
"Flat","5eaa192b4e2ab9197cec6eeb","X4",0,NA,"blue",0,19,0,0,642,"high-school level",4,1,1,1,1,3.25,3.25,3.25
"Flat","5ea7c40f80fdc01ad1d14ddf","X8",0,NA,"yellow",1,21,1,1,417,"university level",4,1,1,1,1,3.25,3.25,3.25
"Flat","5eac6e70e481222bfb2a8872","X1",1,12.088,"blue",0,19,0,1,505,"university level",2,1,1,1,1,3.25,3.25,3.25
"Flat","5ea08738ba7e69065a69c3f8","X1",1,6.991,"yellow",1,26,1,1,576,"university level",3,1,1,1,1,3.25,3.25,3.25
"Flat","5ea08738ba7e69065a69c3f8","X10",1,9.629,"blue",0,26,1,1,576,"university level",3,1,1,1,1,3.25,3.25,3.25
"Flat","5eab120dde58220b71cf6599","X2",1,9.393,"blue",0,18,1,1,347,"no training",4,1,1,1,1,3.25,3.25,3.25
"Flat","5eab10974f192c0ae43b5a82","X10",1,14.035,"blue",0,18,0,0,580,"no training",4,1,2,0,1,3.25,3.25,3.25
"Flat","5eacb9950c7a9532645a3dca","X9",0,NA,"blue",0,20,0,1,368,"high-school level",5,1,1,1,1,3.25,3.25,3.25
"Flat","5e8a79496a7800724c1df04b","X4",0,NA,"yellow",1,24,0,1,253,"high-school level",2,1,1,1,1,3.25,3.25,3.25
"Flat","5e8f4916b8bfe108653ccd81","X10",1,21.153,"blue",0,19,0,1,318,"high-school level",5,1,1,1,1,3.25,3.25,3.25
"Flat","5ea7c40f80fdc01ad1d14ddf","X5",1,8.05,"blue",0,21,1,1,417,"university level",4,1,1,1,1,3.25,3.25,3.25
"Flat","5eab120dde58220b71cf6599","X9",1,9.129,"yellow",1,18,1,1,347,"no training",4,1,1,1,1,3.25,3.25,3.25
"Flat","5eaa192b4e2ab9197cec6eeb","X10",0,NA,"yellow",1,19,0,0,642,"high-school level",4,1,1,1,1,3.25,3.25,3.25
"Flat","5e7913d548988f0c5bd98567","X1",1,5.784,"blue",0,18,0,1,317,"high-school level",4,1,3,0,1,3.25,3.25,3.25
"Flat","5eaa230cb27dc919e8590bae","X9",1,6.768,"yellow",1,21,0,1,2484,"university level",4,1,1,1,1,3.25,3.25,3.25
"Flat","5ea7c40f80fdc01ad1d14ddf","X9",0,NA,"yellow",0,21,1,1,417,"university level",4,1,1,1,1,3.25,3.25,3.25
"Flat","5e7913d548988f0c5bd98567","X2",1,10.105,"blue",1,18,0,1,317,"high-school level",4,1,3,0,1,3.25,3.25,3.25
"Flat","5eaa230cb27dc919e8590bae","X8",1,8.082,"yellow",1,21,0,1,2484,"university level",4,1,1,1,1,3.25,3.25,3.25
"Flat","5e8a79496a7800724c1df04b","X5",0,NA,"yellow",1,24,0,1,253,"high-school level",2,1,1,1,1,3.25,3.25,3.25
"Flat","5eab120dde58220b71cf6599","X3",1,6.401,"blue",0,18,1,1,347,"no training",4,1,1,1,1,3.25,3.25,3.25
"Flat","5eab120dde58220b71cf6599","X6",1,8.842,"yellow",1,18,1,1,347,"no training",4,1,1,1,1,3.25,3.25,3.25
"Flat","5e7995061a79d455837f95e1","X5",0,NA,"blue",0,19,0,1,438,"no training",5,1,1,1,1,3.25,3.25,3.25
"Flat","5eac6e70e481222bfb2a8872","X7",1,6.496,"blue",0,19,0,1,505,"university level",2,1,1,1,1,3.25,3.25,3.25
"Flat","5eaa192b4e2ab9197cec6eeb","X1",0,NA,"blue",0,19,0,0,642,"high-school level",4,1,1,1,1,3.25,3.25,3.25
"Flat","5eab4e0b67ba8f11a83e6494","X3",1,4.684,"blue",0,18,0,1,637,"no training",3,1,1,1,1,3.25,3.25,3.25
"Flat","5eb32b8adc8fc511560fca82","X2",1,40.442,"blue",0,19,0,1,407,"no training",4,1,1,1,1,3.25,3.25,3.25
"Flat","5eacb9950c7a9532645a3dca","X10",0,NA,"yellow",1,20,0,1,368,"high-school level",5,1,1,1,1,3.25,3.25,3.25
"Flat","5eab120dde58220b71cf6599","X10",1,11.183,"yellow",1,18,1,1,347,"no training",4,1,1,1,1,3.25,3.25,3.25
"Flat","5e8f4916b8bfe108653ccd81","X3",1,4.932,"blue",0,19,0,1,318,"high-school level",5,1,1,1,1,3.25,3.25,3.25
"Flat","5eac6e70e481222bfb2a8872","X9",1,7.601,"blue",0,19,0,1,505,"university level",2,1,1,1,1,3.25,3.25,3.25
"Flat","5eb32b8adc8fc511560fca82","X1",1,8.259,"yellow",1,19,0,1,407,"no training",4,1,1,1,1,3.25,3.25,3.25
"Flat","5dd7662482569a706cac6d34","X7",1,19.711,"yellow",1,31,0,1,428,"university level",4,1,2,0,1,3.25,3.25,3.25
"Flat","5e9bd2230273320dc4b542ee","X10",1,18.079,"yellow",0,18,1,1,437,"no training",4,1,1,1,1,3.25,3.25,3.25
"Flat","5eb32b8adc8fc511560fca82","X3",1,5.671,"blue",0,19,0,1,407,"no training",4,1,1,1,1,3.25,3.25,3.25
"Flat","5eb32b8adc8fc511560fca82","X10",1,10.495,"yellow",1,19,0,1,407,"no training",4,1,1,1,1,3.25,3.25,3.25
"Flat","5eab120dde58220b71cf6599","X8",1,6.919,"yellow",1,18,1,1,347,"no training",4,1,1,1,1,3.25,3.25,3.25
"Flat","5eab4e0b67ba8f11a83e6494","X7",1,15.491,"yellow",1,18,0,1,637,"no training",3,1,1,1,1,3.25,3.25,3.25
"Flat","5eac6e70e481222bfb2a8872","X8",1,4.635,"blue",0,19,0,1,505,"university level",2,1,1,1,1,3.25,3.25,3.25
"Flat","5eab4e0b67ba8f11a83e6494","X2",1,10.142,"blue",0,18,0,1,637,"no training",3,1,1,1,1,3.25,3.25,3.25
"Flat","5e8f4916b8bfe108653ccd81","X4",1,10.469,"yellow",1,19,0,1,318,"high-school level",5,1,1,1,1,3.25,3.25,3.25
"Flat","5eab120dde58220b71cf6599","X5",1,9.974,"yellow",1,18,1,1,347,"no training",4,1,1,1,1,3.25,3.25,3.25
"Flat","5dd7662482569a706cac6d34","X8",0,NA,"yellow",1,31,0,1,428,"university level",4,1,2,0,1,3.25,3.25,3.25
"Flat","5eaec4a4851f4f5979bd0c46","X1",0,NA,"blue",0,22,0,1,231,"university level",4,1,1,1,1,3.25,3.25,3.25
"Flat","5eab120dde58220b71cf6599","X4",1,9.478,"blue",0,18,1,1,347,"no training",4,1,1,1,1,3.25,3.25,3.25
"Flat","5eab120dde58220b71cf6599","X7",1,9.625,"yellow",1,18,1,1,347,"no training",4,1,1,1,1,3.25,3.25,3.25
"Flat","5eacb9950c7a9532645a3dca","X1",0,NA,"blue",0,20,0,1,368,"high-school level",5,1,1,1,1,3.25,3.25,3.25
"Flat","5eab4e0b67ba8f11a83e6494","X6",1,8.168,"blue",0,18,0,1,637,"no training",3,1,1,1,1,3.25,3.25,3.25
"Flat","5eaec4a4851f4f5979bd0c46","X10",1,22.928,"yellow",1,22,0,1,231,"university level",4,1,1,1,1,3.25,3.25,3.25
"PPM","5cf5a8b77ce3400001c0bbf3","X5",1,6.587,"blue",0,18,0,1,399,"university level",5,3,3,1,1,2.6543478261,3.34223602484,3.9355072464
"PPM","5ab16619c42b630001cd37d5","X10",0,NA,"yellow",0,20,0,1,337,"university level",3,3,3,1,1,2.6543478261,3.34223602484,3.9355072464
"PPM","5d965bd40bc1550018bf4b11","X9",1,5.154,"yellow",0,22,0,0,417,"no training",3,3,3,1,1,2.6543478261,3.34223602484,3.9355072464
"PPM","5e72cb561b6e9c21954bd7da","X3",1,12.97,"yellow",1,22,1,1,565,"no training",5,3,3,1,1,2.6543478261,3.34223602484,3.9355072464
"PPM","5ba85df9c38467000173d11a","X3",1,9.835,"yellow",1,21,0,1,376,"university level",4,3,3,1,1,2.6543478261,3.34223602484,3.9355072464
"PPM","5d9e9a41890596001b6e68e6","X5",1,7.279,"yellow",1,27,1,1,557,"research level",3,3,3,1,1,2.6543478261,3.34223602484,3.9355072464
"PPM","5dc6c59a302a184c4821c422","X8",1,16.315,"blue",0,27,0,0,568,"no training",3,3,3,1,1,2.6543478261,3.34223602484,3.9355072464
"PPM","5e89e88f80d35267eb33830c","X4",0,NA,"yellow",1,22,0,1,474,"university level",4,3,2,0,1,2.6543478261,3.34223602484,3.9355072464
"PPM","5d965bd40bc1550018bf4b11","X8",1,6.102,"blue",0,22,0,0,417,"no training",3,3,3,1,1,2.6543478261,3.34223602484,3.9355072464
"PPM","5ba85df9c38467000173d11a","X2",1,9.872,"blue",0,21,0,1,376,"university level",4,3,3,1,1,2.6543478261,3.34223602484,3.9355072464
"PPM","5e8a76b3939b3072dc76fb5c","X2",1,8.26,"blue",0,22,0,1,432,"no training",4,3,3,1,1,2.6543478261,3.34223602484,3.9355072464
"PPM","5dc6c59a302a184c4821c422","X7",1,11.343,"yellow",1,27,0,0,568,"no training",3,3,3,1,1,2.6543478261,3.34223602484,3.9355072464
"PPM","5cf5a8b77ce3400001c0bbf3","X4",1,6.255,"yellow",1,18,0,1,399,"university level",5,3,3,1,1,2.6543478261,3.34223602484,3.9355072464
"PPM","5ab16619c42b630001cd37d5","X2",0,NA,"blue",0,20,0,1,337,"university level",3,3,3,1,1,2.6543478261,3.34223602484,3.9355072464
"PPM","5e72cb561b6e9c21954bd7da","X4",1,16.102,"yellow",1,22,1,1,565,"no training",5,3,3,1,1,2.6543478261,3.34223602484,3.9355072464
"PPM","5e35f7825aa7005b5c3da260","X3",1,6.708,"blue",1,22,1,1,499,"university level",4,3,3,1,1,2.6543478261,3.34223602484,3.9355072464
"PPM","5dc6c59a302a184c4821c422","X9",1,7.335,"yellow",1,27,0,0,568,"no training",3,3,3,1,1,2.6543478261,3.34223602484,3.9355072464
"PPM","5e72cb561b6e9c21954bd7da","X2",1,16.136,"yellow",1,22,1,1,565,"no training",5,3,3,1,1,2.6543478261,3.34223602484,3.9355072464
"PPM","5d9e9a41890596001b6e68e6","X4",1,6.458,"blue",0,27,1,1,557,"research level",3,3,3,1,1,2.6543478261,3.34223602484,3.9355072464
"PPM","5e35f7825aa7005b5c3da260","X1",1,8.663,"blue",0,22,1,1,499,"university level",4,3,3,1,1,2.6543478261,3.34223602484,3.9355072464
"PPM","5dedebd38b2932497a59e663","X9",0,NA,"blue",1,19,0,1,219,"no training",4,3,2,0,1,2.6543478261,3.34223602484,3.9355072464
"PPM","5dc6c59a302a184c4821c422","X6",1,7.853,"yellow",1,27,0,0,568,"no training",3,3,3,1,1,2.6543478261,3.34223602484,3.9355072464
"PPM","5dedebd38b2932497a59e663","X8",0,NA,"yellow",1,19,0,1,219,"no training",4,3,2,0,1,2.6543478261,3.34223602484,3.9355072464
"PPM","5e9178f2f3d82149fb87f6e8","X7",1,21.927,"yellow",1,19,1,1,966,"no training",4,3,3,1,1,2.6543478261,3.34223602484,3.9355072464
"PPM","5e35f7825aa7005b5c3da260","X10",1,12.149,"blue",0,22,1,1,499,"university level",4,3,3,1,1,2.6543478261,3.34223602484,3.9355072464
"PPM","5e8a76b3939b3072dc76fb5c","X3",1,8.853,"blue",0,22,0,1,432,"no training",4,3,3,1,1,2.6543478261,3.34223602484,3.9355072464
"PPM","5ba85df9c38467000173d11a","X8",1,6.525,"yellow",1,21,0,1,376,"university level",4,3,3,1,1,2.6543478261,3.34223602484,3.9355072464
"PPM","5ba85df9c38467000173d11a","X5",1,6.859,"blue",0,21,0,1,376,"university level",4,3,3,1,1,2.6543478261,3.34223602484,3.9355072464
"PPM","5dc6c59a302a184c4821c422","X4",1,6.944,"yellow",1,27,0,0,568,"no training",3,3,3,1,1,2.6543478261,3.34223602484,3.9355072464
"PPM","5dcfa1ee86411b0c83bbb15b","X5",1,19.55,"yellow",1,22,1,1,695,"high-school level",4,3,3,1,1,2.6543478261,3.34223602484,3.9355072464
"PPM","5dedebd38b2932497a59e663","X7",0,NA,"blue",0,19,0,1,219,"no training",4,3,2,0,1,2.6543478261,3.34223602484,3.9355072464
"PPM","5dedebd38b2932497a59e663","X4",0,NA,"yellow",0,19,0,1,219,"no training",4,3,2,0,1,2.6543478261,3.34223602484,3.9355072464
"PPM","5e89e88f80d35267eb33830c","X3",1,7.862,"blue",0,22,0,1,474,"university level",4,3,2,0,1,2.6543478261,3.34223602484,3.9355072464
"PPM","5cf130097dd762001553cbe4","X3",0,NA,"blue",1,21,0,1,333,"university level",3,3,3,1,1,2.6543478261,3.34223602484,3.9355072464
"PPM","5ba85df9c38467000173d11a","X6",1,8.13,"yellow",1,21,0,1,376,"university level",4,3,3,1,1,2.6543478261,3.34223602484,3.9355072464
"PPM","5ab16619c42b630001cd37d5","X1",0,NA,"yellow",1,20,0,1,337,"university level",3,3,3,1,1,2.6543478261,3.34223602484,3.9355072464
"PPM","5d3f6c700bd40e001cf67d98","X4",1,6.108,"yellow",1,21,0,1,355,"university level",4,3,3,1,1,2.6543478261,3.34223602484,3.9355072464
"PPM","5d3f6c700bd40e001cf67d98","X5",1,7.224,"blue",0,21,0,1,355,"university level",4,3,3,1,1,2.6543478261,3.34223602484,3.9355072464
"PPM","5d4c7aa8f05d320001760340","X2",1,24.566,"yellow",1,26,1,1,556,"research level",5,3,3,1,1,2.6543478261,3.34223602484,3.9355072464
"PPM","5d4c7aa8f05d320001760340","X3",1,11.713,"blue",0,26,1,1,556,"research level",5,3,3,1,1,2.6543478261,3.34223602484,3.9355072464
"PPM","5e8a76b3939b3072dc76fb5c","X4",1,15.512,"yellow",1,22,0,1,432,"no training",4,3,3,1,1,2.6543478261,3.34223602484,3.9355072464
"PPM","5d965bd40bc1550018bf4b11","X7",1,6.487,"yellow",0,22,0,0,417,"no training",3,3,3,1,1,2.6543478261,3.34223602484,3.9355072464
"PPM","5ab16619c42b630001cd37d5","X6",1,7.202,"yellow",1,20,0,1,337,"university level",3,3,3,1,1,2.6543478261,3.34223602484,3.9355072464
"PPM","5cf031f5135ea3000126aaaa","X8",1,3.497,"blue",0,22,0,1,371,"university level",5,3,3,1,1,2.6543478261,3.34223602484,3.9355072464
"PPM","5d045502bdeaa5000165e935","X2",1,10.638,"yellow",1,24,1,1,567,"university level",3,3,3,1,1,2.6543478261,3.34223602484,3.9355072464
"PPM","5e89e88f80d35267eb33830c","X2",1,7.775,"blue",1,22,0,1,474,"university level",4,3,2,0,1,2.6543478261,3.34223602484,3.9355072464
"PPM","5ae21dfffef71c0001be9caf","X1",1,7.97,"yellow",0,30,1,1,516,"no training",5,3,2,0,1,2.6543478261,3.34223602484,3.9355072464
"PPM","5e89e88f80d35267eb33830c","X5",0,NA,"yellow",0,22,0,1,474,"university level",4,3,2,0,1,2.6543478261,3.34223602484,3.9355072464
"PPM","5dc6c59a302a184c4821c422","X5",1,20.445,"blue",0,27,0,0,568,"no training",3,3,3,1,1,2.6543478261,3.34223602484,3.9355072464
"PPM","5dc6c59a302a184c4821c422","X10",1,26.339,"blue",0,27,0,0,568,"no training",3,3,3,1,1,2.6543478261,3.34223602484,3.9355072464
"PPM","5dc6c59a302a184c4821c422","X3",1,13.115,"blue",0,27,0,0,568,"no training",3,3,3,1,1,2.6543478261,3.34223602484,3.9355072464
"PPM","5e72cb561b6e9c21954bd7da","X5",1,17.574,"yellow",1,22,1,1,565,"no training",5,3,3,1,1,2.6543478261,3.34223602484,3.9355072464
"PPM","5ba85df9c38467000173d11a","X7",1,7.32,"yellow",1,21,0,1,376,"university level",4,3,3,1,1,2.6543478261,3.34223602484,3.9355072464
"PPM","5e72cb561b6e9c21954bd7da","X6",1,16.036,"blue",0,22,1,1,565,"no training",5,3,3,1,1,2.6543478261,3.34223602484,3.9355072464
"PPM","5ba85df9c38467000173d11a","X4",1,7.02,"yellow",1,21,0,1,376,"university level",4,3,3,1,1,2.6543478261,3.34223602484,3.9355072464
"PPM","5cf031f5135ea3000126aaaa","X7",1,4.512,"yellow",1,22,0,1,371,"university level",5,3,3,1,1,2.6543478261,3.34223602484,3.9355072464
"PPM","5e72cb561b6e9c21954bd7da","X9",1,12.908,"yellow",1,22,1,1,565,"no training",5,3,3,1,1,2.6543478261,3.34223602484,3.9355072464
"PPM","5ab16619c42b630001cd37d5","X7",0,NA,"yellow",0,20,0,1,337,"university level",3,3,3,1,1,2.6543478261,3.34223602484,3.9355072464
"PPM","5dedebd38b2932497a59e663","X5",0,NA,"blue",1,19,0,1,219,"no training",4,3,2,0,1,2.6543478261,3.34223602484,3.9355072464
"PPM","5dedebd38b2932497a59e663","X6",1,13.741,"yellow",1,19,0,1,219,"no training",4,3,2,0,1,2.6543478261,3.34223602484,3.9355072464
"PPM","5ae21dfffef71c0001be9caf","X10",1,14.557,"yellow",1,30,1,1,516,"no training",5,3,2,0,1,2.6543478261,3.34223602484,3.9355072464
"PPM","5e35f7825aa7005b5c3da260","X2",1,7.758,"yellow",1,22,1,1,499,"university level",4,3,3,1,1,2.6543478261,3.34223602484,3.9355072464
"PPM","5d6d95547481f10019db1f28","X2",1,7.452,"yellow",1,20,1,1,741,"university level",3,3,3,1,1,2.6543478261,3.34223602484,3.9355072464
"PPM","5d6d95547481f10019db1f28","X3",1,7.741,"yellow",1,20,1,1,741,"university level",3,3,3,1,1,2.6543478261,3.34223602484,3.9355072464
"PPM","5d4c7aa8f05d320001760340","X10",1,12.833,"blue",0,26,1,1,556,"research level",5,3,3,1,1,2.6543478261,3.34223602484,3.9355072464
"PPM","5e8a76b3939b3072dc76fb5c","X10",1,12.048,"blue",0,22,0,1,432,"no training",4,3,3,1,1,2.6543478261,3.34223602484,3.9355072464
"PPM","5cf5a8b77ce3400001c0bbf3","X10",1,8.144,"blue",0,18,0,1,399,"university level",5,3,3,1,1,2.6543478261,3.34223602484,3.9355072464
"PPM","5ab16619c42b630001cd37d5","X3",0,NA,"blue",1,20,0,1,337,"university level",3,3,3,1,1,2.6543478261,3.34223602484,3.9355072464
"PPM","5dcfa1ee86411b0c83bbb15b","X4",1,15.989,"yellow",0,22,1,1,695,"high-school level",4,3,3,1,1,2.6543478261,3.34223602484,3.9355072464
"PPM","5ab16619c42b630001cd37d5","X4",0,NA,"yellow",1,20,0,1,337,"university level",3,3,3,1,1,2.6543478261,3.34223602484,3.9355072464
"PPM","5dedebd38b2932497a59e663","X3",0,NA,"blue",0,19,0,1,219,"no training",4,3,2,0,1,2.6543478261,3.34223602484,3.9355072464
"PPM","5d4dc0d7b881130016424acf","X9",1,6.759,"yellow",1,19,1,1,505,"university level",4,3,3,1,1,2.6543478261,3.34223602484,3.9355072464
"PPM","5cf031f5135ea3000126aaaa","X9",1,6.227,"yellow",1,22,0,1,371,"university level",5,3,3,1,1,2.6543478261,3.34223602484,3.9355072464
"PPM","5ba85df9c38467000173d11a","X10",1,10.474,"yellow",1,21,0,1,376,"university level",4,3,3,1,1,2.6543478261,3.34223602484,3.9355072464
"PPM","5e9178f2f3d82149fb87f6e8","X6",1,12.85,"blue",0,19,1,1,966,"no training",4,3,3,1,1,2.6543478261,3.34223602484,3.9355072464
"PPM","5cf130097dd762001553cbe4","X2",0,NA,"yellow",1,21,0,1,333,"university level",3,3,3,1,1,2.6543478261,3.34223602484,3.9355072464
"PPM","5e160795265c80bf44a4cd83","X8",1,44.206,"blue",0,35,1,1,1286,"university level",4,1,3,1,0,2.6543478261,3.34223602484,3.9355072464
"PPM","5e160795265c80bf44a4cd83","X9",1,11.826,"yellow",1,35,1,1,1286,"university level",4,1,3,1,0,2.6543478261,3.34223602484,3.9355072464
"PPM","5d3f6c700bd40e001cf67d98","X6",1,6.328,"blue",0,21,0,1,355,"university level",4,3,3,1,1,2.6543478261,3.34223602484,3.9355072464
"PPM","5d3f6c700bd40e001cf67d98","X7",1,9.104,"yellow",1,21,0,1,355,"university level",4,3,3,1,1,2.6543478261,3.34223602484,3.9355072464
"PPM","5cf5a8b77ce3400001c0bbf3","X2",1,7.734,"blue",0,18,0,1,399,"university level",5,3,3,1,1,2.6543478261,3.34223602484,3.9355072464
"PPM","5e8a76b3939b3072dc76fb5c","X5",1,9.556,"blue",0,22,0,1,432,"no training",4,3,3,1,1,2.6543478261,3.34223602484,3.9355072464
"PPM","5dedebd38b2932497a59e663","X2",0,NA,"yellow",0,19,0,1,219,"no training",4,3,2,0,1,2.6543478261,3.34223602484,3.9355072464
"PPM","5d5eeb06d8bcde00162d73f1","X2",1,17.679,"blue",0,21,0,1,507,"university level",4,3,3,1,1,2.6543478261,3.34223602484,3.9355072464
"PPM","5d5eeb06d8bcde00162d73f1","X3",1,10.342,"blue",0,21,0,1,507,"university level",4,3,3,1,1,2.6543478261,3.34223602484,3.9355072464
"PPM","5d045502bdeaa5000165e935","X3",1,8.177,"yellow",0,24,1,1,567,"university level",3,3,3,1,1,2.6543478261,3.34223602484,3.9355072464
"PPM","5ba85df9c38467000173d11a","X1",1,5.544,"blue",0,21,0,1,376,"university level",4,3,3,1,1,2.6543478261,3.34223602484,3.9355072464
"PPM","5dc6c59a302a184c4821c422","X2",1,9.418,"yellow",1,27,0,0,568,"no training",3,3,3,1,1,2.6543478261,3.34223602484,3.9355072464
"PPM","5dc6c59a302a184c4821c422","X1",1,5.729,"blue",0,27,0,0,568,"no training",3,3,3,1,1,2.6543478261,3.34223602484,3.9355072464
"PPM","5e1f7b2a4c9b832b34e7c9d3","X2",0,NA,"blue",0,28,0,1,228,"no training",4,3,3,1,1,2.6543478261,3.34223602484,3.9355072464
"PPM","5e1f7b2a4c9b832b34e7c9d3","X4",0,NA,"blue",0,28,0,1,228,"no training",4,3,3,1,1,2.6543478261,3.34223602484,3.9355072464
"PPM","5e1f7b2a4c9b832b34e7c9d3","X5",0,NA,"blue",1,28,0,1,228,"no training",4,3,3,1,1,2.6543478261,3.34223602484,3.9355072464
"PPM","5d9e9a41890596001b6e68e6","X2",1,7.18,"yellow",1,27,1,1,557,"research level",3,3,3,1,1,2.6543478261,3.34223602484,3.9355072464
"PPM","5e35f7825aa7005b5c3da260","X4",1,5.88,"blue",0,22,1,1,499,"university level",4,3,3,1,1,2.6543478261,3.34223602484,3.9355072464
"PPM","5d045502bdeaa5000165e935","X1",1,5.786,"blue",0,24,1,1,567,"university level",3,3,3,1,1,2.6543478261,3.34223602484,3.9355072464
"PPM","5d045502bdeaa5000165e935","X10",1,9.557,"yellow",1,24,1,1,567,"university level",3,3,3,1,1,2.6543478261,3.34223602484,3.9355072464
"PPM","5e8a76b3939b3072dc76fb5c","X6",1,10.584,"yellow",1,22,0,1,432,"no training",4,3,3,1,1,2.6543478261,3.34223602484,3.9355072464
"PPM","5ab16619c42b630001cd37d5","X5",1,4.452,"blue",0,20,0,1,337,"university level",3,3,3,1,1,2.6543478261,3.34223602484,3.9355072464
"PPM","5d6d95547481f10019db1f28","X1",1,5.629,"yellow",1,20,1,1,741,"university level",3,3,3,1,1,2.6543478261,3.34223602484,3.9355072464
"PPM","5ab16619c42b630001cd37d5","X8",1,6.041,"yellow",0,20,0,1,337,"university level",3,3,3,1,1,2.6543478261,3.34223602484,3.9355072464
"PPM","5d965bd40bc1550018bf4b11","X6",1,7.227,"yellow",1,22,0,0,417,"no training",3,3,3,1,1,2.6543478261,3.34223602484,3.9355072464
"PPM","5ab16619c42b630001cd37d5","X9",1,6.441,"yellow",1,20,0,1,337,"university level",3,3,3,1,1,2.6543478261,3.34223602484,3.9355072464
"PPM","5d8c46cc53b833001a4bf916","X2",1,13.975,"blue",0,19,1,1,471,"no training",4,3,3,1,1,2.6543478261,3.34223602484,3.9355072464
"PPM","5d8c46cc53b833001a4bf916","X3",1,8.529,"blue",0,19,1,1,471,"no training",4,3,3,1,1,2.6543478261,3.34223602484,3.9355072464
"PPM","5d6d95547481f10019db1f28","X4",1,10.526,"blue",0,20,1,1,741,"university level",3,3,3,1,1,2.6543478261,3.34223602484,3.9355072464
"PPM","5d6d95547481f10019db1f28","X5",1,6.666,"blue",0,20,1,1,741,"university level",3,3,3,1,1,2.6543478261,3.34223602484,3.9355072464
"PPM","5d9e9a41890596001b6e68e6","X3",1,4.753,"yellow",1,27,1,1,557,"research level",3,3,3,1,1,2.6543478261,3.34223602484,3.9355072464
"PPM","5e3b0059e8f21231ec2f26d3","X8",1,5.931,"yellow",1,21,1,1,327,"university level",5,3,3,1,1,2.6543478261,3.34223602484,3.9355072464
"PPM","5cf5a8b77ce3400001c0bbf3","X3",1,4.596,"blue",0,18,0,1,399,"university level",5,3,3,1,1,2.6543478261,3.34223602484,3.9355072464
"PPM","5d4dc0d7b881130016424acf","X7",1,8.252,"yellow",1,19,1,1,505,"university level",4,3,3,1,1,2.6543478261,3.34223602484,3.9355072464
"PPM","5d4dc0d7b881130016424acf","X8",1,7.078,"blue",0,19,1,1,505,"university level",4,3,3,1,1,2.6543478261,3.34223602484,3.9355072464
"PPM","5e70f95a7b8fa90009292b14","X6",1,8.532,"yellow",1,25,1,1,455,"high-school level",5,3,3,1,1,2.6543478261,3.34223602484,3.9355072464
"PPM","5e70f95a7b8fa90009292b14","X7",1,8.76,"yellow",1,25,1,1,455,"high-school level",5,3,3,1,1,2.6543478261,3.34223602484,3.9355072464
"PPM","5cf130097dd762001553cbe4","X10",1,11.366,"blue",0,21,0,1,333,"university level",3,3,3,1,1,2.6543478261,3.34223602484,3.9355072464
"PPM","5e70f95a7b8fa90009292b14","X9",1,7.409,"yellow",1,25,1,1,455,"high-school level",5,3,3,1,1,2.6543478261,3.34223602484,3.9355072464
"PPM","5e72cb561b6e9c21954bd7da","X1",1,11.31,"blue",0,22,1,1,565,"no training",5,3,3,1,1,2.6543478261,3.34223602484,3.9355072464
"PPM","5e72cb561b6e9c21954bd7da","X10",1,18.473,"blue",0,22,1,1,565,"no training",5,3,3,1,1,2.6543478261,3.34223602484,3.9355072464
"PPM","5d76bc8e529c4b00197aa4f2","X5",1,32.056,"blue",0,21,1,1,515,"university level",4,3,3,1,1,2.6543478261,3.34223602484,3.9355072464
"PPM","5ae21dfffef71c0001be9caf","X2",1,15,"blue",0,30,1,1,516,"no training",5,3,2,0,1,2.6543478261,3.34223602484,3.9355072464
"PPM","5e9178f2f3d82149fb87f6e8","X8",1,8.417,"yellow",1,19,1,1,966,"no training",4,3,3,1,1,2.6543478261,3.34223602484,3.9355072464
"PPM","5e9178f2f3d82149fb87f6e8","X9",1,9.625,"yellow",1,19,1,1,966,"no training",4,3,3,1,1,2.6543478261,3.34223602484,3.9355072464
"PPM","5e35f7825aa7005b5c3da260","X5",1,11.171,"blue",0,22,1,1,499,"university level",4,3,3,1,1,2.6543478261,3.34223602484,3.9355072464
"PPM","5ba85df9c38467000173d11a","X9",1,14.192,"yellow",1,21,0,1,376,"university level",4,3,3,1,1,2.6543478261,3.34223602484,3.9355072464
"PPM","5e72cb561b6e9c21954bd7da","X8",1,15.34,"yellow",1,22,1,1,565,"no training",5,3,3,1,1,2.6543478261,3.34223602484,3.9355072464
"PPM","5ae21dfffef71c0001be9caf","X8",1,9.318,"yellow",1,30,1,1,516,"no training",5,3,2,0,1,2.6543478261,3.34223602484,3.9355072464
"PPM","5ae21dfffef71c0001be9caf","X9",1,13.425,"yellow",1,30,1,1,516,"no training",5,3,2,0,1,2.6543478261,3.34223602484,3.9355072464
"PPM","5cf130097dd762001553cbe4","X1",0,NA,"blue",1,21,0,1,333,"university level",3,3,3,1,1,2.6543478261,3.34223602484,3.9355072464
"PPM","5d5eeb06d8bcde00162d73f1","X9",1,10.8,"yellow",1,21,0,1,507,"university level",4,3,3,1,1,2.6543478261,3.34223602484,3.9355072464
"PPM","5d5eeb06d8bcde00162d73f1","X7",1,22.65,"yellow",1,21,0,1,507,"university level",4,3,3,1,1,2.6543478261,3.34223602484,3.9355072464
"PPM","5b0ca34130d562000155582e","X3",1,5.335,"blue",0,22,0,1,468,"university level",4,3,3,1,1,2.6543478261,3.34223602484,3.9355072464
"PPM","5e1f7b2a4c9b832b34e7c9d3","X3",0,NA,"blue",0,28,0,1,228,"no training",4,3,3,1,1,2.6543478261,3.34223602484,3.9355072464
"PPM","5d4c7aa8f05d320001760340","X1",1,10.769,"blue",0,26,1,1,556,"research level",5,3,3,1,1,2.6543478261,3.34223602484,3.9355072464
"PPM","5e8a76b3939b3072dc76fb5c","X1",1,16.885,"blue",0,22,0,1,432,"no training",4,3,3,1,1,2.6543478261,3.34223602484,3.9355072464
"PPM","5cf5a8b77ce3400001c0bbf3","X1",1,4.565,"blue",0,18,0,1,399,"university level",5,3,3,1,1,2.6543478261,3.34223602484,3.9355072464
"PPM","5e1f7b2a4c9b832b34e7c9d3","X6",0,NA,"yellow",0,28,0,1,228,"no training",4,3,3,1,1,2.6543478261,3.34223602484,3.9355072464
"PPM","5d4c7aa8f05d320001760340","X4",1,7.865,"yellow",1,26,1,1,556,"research level",5,3,3,1,1,2.6543478261,3.34223602484,3.9355072464
"PPM","5deb1fc973f2e923afb6891e","X8",1,9.101,"yellow",1,26,0,1,1388,"university level",5,3,3,1,1,2.6543478261,3.34223602484,3.9355072464
"PPM","5e8a76b3939b3072dc76fb5c","X7",1,13.294,"yellow",1,22,0,1,432,"no training",4,3,3,1,1,2.6543478261,3.34223602484,3.9355072464
"PPM","5e8a76b3939b3072dc76fb5c","X8",1,14.91,"blue",0,22,0,1,432,"no training",4,3,3,1,1,2.6543478261,3.34223602484,3.9355072464
"PPM","5e8a76b3939b3072dc76fb5c","X9",1,10.672,"yellow",1,22,0,1,432,"no training",4,3,3,1,1,2.6543478261,3.34223602484,3.9355072464
"PPM","5d6d95547481f10019db1f28","X10",1,8.832,"yellow",1,20,1,1,741,"university level",3,3,3,1,1,2.6543478261,3.34223602484,3.9355072464
"PPM","5cf5a8b77ce3400001c0bbf3","X9",1,8.348,"blue",0,18,0,1,399,"university level",5,3,3,1,1,2.6543478261,3.34223602484,3.9355072464
"PPM","5e227637d9563755139daaac","X4",1,8.161,"blue",0,31,1,1,650,"university level",3,3,3,1,1,2.6543478261,3.34223602484,3.9355072464
"PPM","5e227637d9563755139daaac","X5",1,8.126,"yellow",1,31,1,1,650,"university level",3,3,3,1,1,2.6543478261,3.34223602484,3.9355072464
"PPM","5e227637d9563755139daaac","X6",1,8.924,"yellow",1,31,1,1,650,"university level",3,3,3,1,1,2.6543478261,3.34223602484,3.9355072464
"PPM","5e70f95a7b8fa90009292b14","X1",1,7.126,"blue",0,25,1,1,455,"high-school level",5,3,3,1,1,2.6543478261,3.34223602484,3.9355072464
"PPM","5e70f95a7b8fa90009292b14","X10",1,13.48,"blue",0,25,1,1,455,"high-school level",5,3,3,1,1,2.6543478261,3.34223602484,3.9355072464
"PPM","5d6d95547481f10019db1f28","X6",1,7.588,"yellow",1,20,1,1,741,"university level",3,3,3,1,1,2.6543478261,3.34223602484,3.9355072464
"PPM","5cf031f5135ea3000126aaaa","X6",1,4.03,"blue",0,22,0,1,371,"university level",5,3,3,1,1,2.6543478261,3.34223602484,3.9355072464
"PPM","5dedebd38b2932497a59e663","X1",0,NA,"blue",1,19,0,1,219,"no training",4,3,2,0,1,2.6543478261,3.34223602484,3.9355072464
"PPM","5dedebd38b2932497a59e663","X10",0,NA,"yellow",0,19,0,1,219,"no training",4,3,2,0,1,2.6543478261,3.34223602484,3.9355072464
"PPM","5d965bd40bc1550018bf4b11","X1",1,5.381,"blue",0,22,0,0,417,"no training",3,3,3,1,1,2.6543478261,3.34223602484,3.9355072464
"PPM","5d965bd40bc1550018bf4b11","X10",1,8.645,"yellow",1,22,0,0,417,"no training",3,3,3,1,1,2.6543478261,3.34223602484,3.9355072464
"PPM","5e70f95a7b8fa90009292b14","X8",1,7.049,"yellow",1,25,1,1,455,"high-school level",5,3,3,1,1,2.6543478261,3.34223602484,3.9355072464
"PPM","5d965bd40bc1550018bf4b11","X2",1,6.743,"blue",1,22,0,0,417,"no training",3,3,3,1,1,2.6543478261,3.34223602484,3.9355072464
"PPM","5d965bd40bc1550018bf4b11","X4",1,6.245,"blue",0,22,0,0,417,"no training",3,3,3,1,1,2.6543478261,3.34223602484,3.9355072464
"PPM","5d965bd40bc1550018bf4b11","X5",1,8.205,"yellow",1,22,0,0,417,"no training",3,3,3,1,1,2.6543478261,3.34223602484,3.9355072464
"PPM","5ea08f6e39035b0616076934","X7",0,NA,"yellow",0,21,0,1,416,"high-school level",2,3,1,0,1,2.6543478261,3.34223602484,3.9355072464
"PPM","5ea08f6e39035b0616076934","X8",0,NA,"yellow",1,21,0,1,416,"high-school level",2,3,1,0,1,2.6543478261,3.34223602484,3.9355072464
"PPM","5ea08f6e39035b0616076934","X9",0,NA,"yellow",1,21,0,1,416,"high-school level",2,3,1,0,1,2.6543478261,3.34223602484,3.9355072464
"PPM","5ea0be946ee66d0bc472a0d6","X1",1,6.39,"blue",0,18,1,1,422,"high-school level",4,3,3,1,1,2.6543478261,3.34223602484,3.9355072464
"PPM","5ae21dfffef71c0001be9caf","X5",1,9.356,"yellow",0,30,1,1,516,"no training",5,3,2,0,1,2.6543478261,3.34223602484,3.9355072464
"PPM","5e72cb561b6e9c21954bd7da","X7",1,15.776,"yellow",1,22,1,1,565,"no training",5,3,3,1,1,2.6543478261,3.34223602484,3.9355072464
"PPM","5e35f7825aa7005b5c3da260","X6",1,8.111,"blue",1,22,1,1,499,"university level",4,3,3,1,1,2.6543478261,3.34223602484,3.9355072464
"PPM","5e35f7825aa7005b5c3da260","X7",1,12.412,"yellow",1,22,1,1,499,"university level",4,3,3,1,1,2.6543478261,3.34223602484,3.9355072464
"PPM","5ea0be946ee66d0bc472a0d6","X5",1,5.266,"yellow",1,18,1,1,422,"high-school level",4,3,3,1,1,2.6543478261,3.34223602484,3.9355072464
"PPM","5b0ca34130d562000155582e","X1",0,NA,"yellow",0,22,0,1,468,"university level",4,3,3,1,1,2.6543478261,3.34223602484,3.9355072464
"PPM","5d5eeb06d8bcde00162d73f1","X8",1,12.035,"yellow",1,21,0,1,507,"university level",4,3,3,1,1,2.6543478261,3.34223602484,3.9355072464
"PPM","5b0ca34130d562000155582e","X2",1,17.95,"blue",0,22,0,1,468,"university level",4,3,3,1,1,2.6543478261,3.34223602484,3.9355072464
"PPM","5e0ad04c2e472534c6b6e2c7","X1",1,7.811,"yellow",1,19,0,1,711,"high-school level",4,3,3,1,1,2.6543478261,3.34223602484,3.9355072464
"PPM","5b0ca34130d562000155582e","X4",1,7.217,"blue",0,22,0,1,468,"university level",4,3,3,1,1,2.6543478261,3.34223602484,3.9355072464
"PPM","5e8a481d0a340d6f239a2fb8","X9",1,9.594,"yellow",1,18,0,0,487,"no training",5,3,2,0,1,2.6543478261,3.34223602484,3.9355072464
"PPM","5e0ad04c2e472534c6b6e2c7","X3",1,9.258,"blue",0,19,0,1,711,"high-school level",4,3,3,1,1,2.6543478261,3.34223602484,3.9355072464
"PPM","5e0ad04c2e472534c6b6e2c7","X4",1,9.843,"blue",0,19,0,1,711,"high-school level",4,3,3,1,1,2.6543478261,3.34223602484,3.9355072464
"PPM","5e0ad04c2e472534c6b6e2c7","X5",1,8.952,"yellow",1,19,0,1,711,"high-school level",4,3,3,1,1,2.6543478261,3.34223602484,3.9355072464
"PPM","5e1f7b2a4c9b832b34e7c9d3","X7",0,NA,"yellow",1,28,0,1,228,"no training",4,3,3,1,1,2.6543478261,3.34223602484,3.9355072464
"PPM","5d4c7aa8f05d320001760340","X5",0,NA,"blue",0,26,1,1,556,"research level",5,3,3,1,1,2.6543478261,3.34223602484,3.9355072464
"PPM","5deb1fc973f2e923afb6891e","X9",1,7.261,"yellow",1,26,0,1,1388,"university level",5,3,3,1,1,2.6543478261,3.34223602484,3.9355072464
"PPM","5cf5a8b77ce3400001c0bbf3","X6",1,8.022,"blue",0,18,0,1,399,"university level",5,3,3,1,1,2.6543478261,3.34223602484,3.9355072464
"PPM","5cf5a8b77ce3400001c0bbf3","X7",1,5.903,"blue",0,18,0,1,399,"university level",5,3,3,1,1,2.6543478261,3.34223602484,3.9355072464
"PPM","5cf5a8b77ce3400001c0bbf3","X8",1,6.198,"blue",0,18,0,1,399,"university level",5,3,3,1,1,2.6543478261,3.34223602484,3.9355072464
"PPM","5e227637d9563755139daaac","X3",1,12.869,"blue",0,31,1,1,650,"university level",3,3,3,1,1,2.6543478261,3.34223602484,3.9355072464
"PPM","5d8c46cc53b833001a4bf916","X1",0,NA,"blue",0,19,1,1,471,"no training",4,3,3,1,1,2.6543478261,3.34223602484,3.9355072464
"PPM","5d8c46cc53b833001a4bf916","X10",0,NA,"yellow",1,19,1,1,471,"no training",4,3,3,1,1,2.6543478261,3.34223602484,3.9355072464
"PPM","5e8259d8726b2a9826c29af7","X1",1,4.771,"yellow",1,24,1,1,331,"no training",4,3,2,0,1,2.6543478261,3.34223602484,3.9355072464
"PPM","5e8259d8726b2a9826c29af7","X10",1,8.953,"blue",0,24,1,1,331,"no training",4,3,2,0,1,2.6543478261,3.34223602484,3.9355072464
"PPM","5d8c46cc53b833001a4bf916","X4",1,11.027,"blue",0,19,1,1,471,"no training",4,3,3,1,1,2.6543478261,3.34223602484,3.9355072464
"PPM","5d8c46cc53b833001a4bf916","X5",1,7.461,"blue",1,19,1,1,471,"no training",4,3,3,1,1,2.6543478261,3.34223602484,3.9355072464
"PPM","5d6d95547481f10019db1f28","X7",1,6.923,"yellow",1,20,1,1,741,"university level",3,3,3,1,1,2.6543478261,3.34223602484,3.9355072464
"PPM","5d8c46cc53b833001a4bf916","X8",1,5.243,"blue",0,19,1,1,471,"no training",4,3,3,1,1,2.6543478261,3.34223602484,3.9355072464
"PPM","5e89ad187ad752640e558c8a","X6",0,NA,"yellow",0,22,0,1,445,"no training",5,3,3,1,1,2.6543478261,3.34223602484,3.9355072464
"PPM","5e89ad187ad752640e558c8a","X7",1,29.722,"yellow",1,22,0,1,445,"no training",5,3,3,1,1,2.6543478261,3.34223602484,3.9355072464
"PPM","5e89ad187ad752640e558c8a","X8",1,33.685,"blue",0,22,0,1,445,"no training",5,3,3,1,1,2.6543478261,3.34223602484,3.9355072464
"PPM","5e89ad187ad752640e558c8a","X9",0,NA,"yellow",1,22,0,1,445,"no training",5,3,3,1,1,2.6543478261,3.34223602484,3.9355072464
"PPM","5e89e88f80d35267eb33830c","X1",1,4.966,"yellow",1,22,0,1,474,"university level",4,3,2,0,1,2.6543478261,3.34223602484,3.9355072464
"PPM","5e89e88f80d35267eb33830c","X10",1,6.601,"blue",0,22,0,1,474,"university level",4,3,2,0,1,2.6543478261,3.34223602484,3.9355072464
"PPM","5ea2108f9b5ea6120aa37230","X6",1,20.417,"blue",0,20,0,1,433,"university level",3,3,3,1,1,2.6543478261,3.34223602484,3.9355072464
"PPM","5ea2108f9b5ea6120aa37230","X7",1,7,"yellow",1,20,0,1,433,"university level",3,3,3,1,1,2.6543478261,3.34223602484,3.9355072464
"PPM","5ea2108f9b5ea6120aa37230","X8",1,7.788,"blue",0,20,0,1,433,"university level",3,3,3,1,1,2.6543478261,3.34223602484,3.9355072464
"PPM","5ea2108f9b5ea6120aa37230","X9",1,11.314,"blue",0,20,0,1,433,"university level",3,3,3,1,1,2.6543478261,3.34223602484,3.9355072464
"PPM","5e89e88f80d35267eb33830c","X6",1,8.325,"blue",0,22,0,1,474,"university level",4,3,2,0,1,2.6543478261,3.34223602484,3.9355072464
"PPM","5d3f6c700bd40e001cf67d98","X8",1,5.639,"blue",0,21,0,1,355,"university level",4,3,3,1,1,2.6543478261,3.34223602484,3.9355072464
"PPM","5d3f6c700bd40e001cf67d98","X9",1,4.9,"yellow",1,21,0,1,355,"university level",4,3,3,1,1,2.6543478261,3.34223602484,3.9355072464
"PPM","5d5eeb06d8bcde00162d73f1","X1",1,25.389,"blue",0,21,0,1,507,"university level",4,3,3,1,1,2.6543478261,3.34223602484,3.9355072464
"PPM","5d5eeb06d8bcde00162d73f1","X10",1,16.249,"blue",0,21,0,1,507,"university level",4,3,3,1,1,2.6543478261,3.34223602484,3.9355072464
"PPM","5e7a3d4ecbf3760137f77a5b","X1",1,9.442,"blue",0,28,1,1,580,"no training",4,3,2,0,1,2.6543478261,3.34223602484,3.9355072464
"PPM","5e35f7825aa7005b5c3da260","X8",1,9.103,"blue",0,22,1,1,499,"university level",4,3,3,1,1,2.6543478261,3.34223602484,3.9355072464
"PPM","5b0ca34130d562000155582e","X10",0,NA,"yellow",1,22,0,1,468,"university level",4,3,3,1,1,2.6543478261,3.34223602484,3.9355072464
"PPM","5d5eeb06d8bcde00162d73f1","X6",1,37.885,"yellow",1,21,0,1,507,"university level",4,3,3,1,1,2.6543478261,3.34223602484,3.9355072464
"PPM","5e8a481d0a340d6f239a2fb8","X6",1,8.793,"yellow",1,18,0,0,487,"no training",5,3,2,0,1,2.6543478261,3.34223602484,3.9355072464
"PPM","5e8a481d0a340d6f239a2fb8","X7",1,11.894,"yellow",1,18,0,0,487,"no training",5,3,2,0,1,2.6543478261,3.34223602484,3.9355072464
"PPM","5e8a481d0a340d6f239a2fb8","X8",1,46.7,"blue",0,18,0,0,487,"no training",5,3,2,0,1,2.6543478261,3.34223602484,3.9355072464
"PPM","5e7a3d4ecbf3760137f77a5b","X7",1,16.566,"blue",1,28,1,1,580,"no training",4,3,2,0,1,2.6543478261,3.34223602484,3.9355072464
"PPM","5e7a3d4ecbf3760137f77a5b","X8",1,11.027,"yellow",1,28,1,1,580,"no training",4,3,2,0,1,2.6543478261,3.34223602484,3.9355072464
"PPM","5e7a3d4ecbf3760137f77a5b","X9",1,11.51,"yellow",1,28,1,1,580,"no training",4,3,2,0,1,2.6543478261,3.34223602484,3.9355072464
"PPM","5e0ad04c2e472534c6b6e2c7","X6",1,8.975,"yellow",1,19,0,1,711,"high-school level",4,3,3,1,1,2.6543478261,3.34223602484,3.9355072464
"PPM","5e1f7b2a4c9b832b34e7c9d3","X8",0,NA,"yellow",0,28,0,1,228,"no training",4,3,3,1,1,2.6543478261,3.34223602484,3.9355072464
"PPM","5e1f7b2a4c9b832b34e7c9d3","X9",0,NA,"yellow",1,28,0,1,228,"no training",4,3,3,1,1,2.6543478261,3.34223602484,3.9355072464
"PPM","5e227637d9563755139daaac","X1",1,6.45,"yellow",0,31,1,1,650,"university level",3,3,3,1,1,2.6543478261,3.34223602484,3.9355072464
"PPM","5e227637d9563755139daaac","X10",1,11.3,"blue",1,31,1,1,650,"university level",3,3,3,1,1,2.6543478261,3.34223602484,3.9355072464
"PPM","5e227637d9563755139daaac","X2",1,8.88,"yellow",0,31,1,1,650,"university level",3,3,3,1,1,2.6543478261,3.34223602484,3.9355072464
"PPM","5ea6a0131b8dc301238698bd","X10",1,6.907,"blue",0,21,0,1,366,"university level",4,3,3,1,1,2.6543478261,3.34223602484,3.9355072464
"PPM","5ea6a0131b8dc301238698bd","X2",1,6.69,"yellow",1,21,0,1,366,"university level",4,3,3,1,1,2.6543478261,3.34223602484,3.9355072464
"PPM","5ea6a0131b8dc301238698bd","X3",1,5.67,"blue",0,21,0,1,366,"university level",4,3,3,1,1,2.6543478261,3.34223602484,3.9355072464
"PPM","5ea6a0131b8dc301238698bd","X4",1,8.625,"yellow",1,21,0,1,366,"university level",4,3,3,1,1,2.6543478261,3.34223602484,3.9355072464
"PPM","5ea6a0131b8dc301238698bd","X5",1,4.457,"blue",1,21,0,1,366,"university level",4,3,3,1,1,2.6543478261,3.34223602484,3.9355072464
"PPM","5e227637d9563755139daaac","X7",1,15.824,"yellow",1,31,1,1,650,"university level",3,3,3,1,1,2.6543478261,3.34223602484,3.9355072464
"PPM","5e227637d9563755139daaac","X8",1,10.018,"yellow",1,31,1,1,650,"university level",3,3,3,1,1,2.6543478261,3.34223602484,3.9355072464
"PPM","5d8c46cc53b833001a4bf916","X6",1,13.44,"blue",0,19,1,1,471,"no training",4,3,3,1,1,2.6543478261,3.34223602484,3.9355072464
"PPM","5d4dc0d7b881130016424acf","X6",1,8.017,"blue",0,19,1,1,505,"university level",4,3,3,1,1,2.6543478261,3.34223602484,3.9355072464
"PPM","5e2504acb510aa77adb31478","X10",1,9.873,"yellow",1,41,0,1,399,"university level",3,3,3,1,1,2.6543478261,3.34223602484,3.9355072464
"PPM","5d6d95547481f10019db1f28","X8",1,7.027,"blue",0,20,1,1,741,"university level",3,3,3,1,1,2.6543478261,3.34223602484,3.9355072464
"PPM","5d6d95547481f10019db1f28","X9",1,20.004,"blue",0,20,1,1,741,"university level",3,3,3,1,1,2.6543478261,3.34223602484,3.9355072464
"PPM","5d76bc8e529c4b00197aa4f2","X1",1,5.312,"blue",0,21,1,1,515,"university level",4,3,3,1,1,2.6543478261,3.34223602484,3.9355072464
"PPM","5d76bc8e529c4b00197aa4f2","X10",1,14.41,"yellow",1,21,1,1,515,"university level",4,3,3,1,1,2.6543478261,3.34223602484,3.9355072464
"PPM","5d76bc8e529c4b00197aa4f2","X2",1,12.564,"blue",0,21,1,1,515,"university level",4,3,3,1,1,2.6543478261,3.34223602484,3.9355072464
"PPM","5d76bc8e529c4b00197aa4f2","X3",1,4.66,"yellow",1,21,1,1,515,"university level",4,3,3,1,1,2.6543478261,3.34223602484,3.9355072464
"PPM","5d76bc8e529c4b00197aa4f2","X4",1,5.156,"yellow",0,21,1,1,515,"university level",4,3,3,1,1,2.6543478261,3.34223602484,3.9355072464
"PPM","5e52a82ecd4f3b000c197841","X1",1,5.303,"blue",0,21,0,1,354,"high-school level",4,3,2,0,1,2.6543478261,3.34223602484,3.9355072464
"PPM","5e52a82ecd4f3b000c197841","X10",1,8.53,"yellow",1,21,0,1,354,"high-school level",4,3,2,0,1,2.6543478261,3.34223602484,3.9355072464
"PPM","5ae21dfffef71c0001be9caf","X3",1,90.954,"yellow",1,30,1,1,516,"no training",5,3,2,0,1,2.6543478261,3.34223602484,3.9355072464
"PPM","5ae21dfffef71c0001be9caf","X4",1,9.266,"yellow",0,30,1,1,516,"no training",5,3,2,0,1,2.6543478261,3.34223602484,3.9355072464
"PPM","5dcfa1ee86411b0c83bbb15b","X1",1,10.478,"blue",0,22,1,1,695,"high-school level",4,3,3,1,1,2.6543478261,3.34223602484,3.9355072464
"PPM","5dcfa1ee86411b0c83bbb15b","X10",1,26.35,"yellow",1,22,1,1,695,"high-school level",4,3,3,1,1,2.6543478261,3.34223602484,3.9355072464
"PPM","5dcfa1ee86411b0c83bbb15b","X2",1,16.661,"blue",0,22,1,1,695,"high-school level",4,3,3,1,1,2.6543478261,3.34223602484,3.9355072464
"PPM","5dcfa1ee86411b0c83bbb15b","X3",1,7.51,"yellow",1,22,1,1,695,"high-school level",4,3,3,1,1,2.6543478261,3.34223602484,3.9355072464
"PPM","5e52a82ecd4f3b000c197841","X8",1,7.044,"yellow",1,21,0,1,354,"high-school level",4,3,2,0,1,2.6543478261,3.34223602484,3.9355072464
"PPM","5e52a82ecd4f3b000c197841","X9",1,6.467,"yellow",1,21,0,1,354,"high-school level",4,3,2,0,1,2.6543478261,3.34223602484,3.9355072464
"PPM","5dcfa1ee86411b0c83bbb15b","X6",1,23.055,"blue",0,22,1,1,695,"high-school level",4,3,3,1,1,2.6543478261,3.34223602484,3.9355072464
"PPM","5dcfa1ee86411b0c83bbb15b","X7",1,12.095,"yellow",1,22,1,1,695,"high-school level",4,3,3,1,1,2.6543478261,3.34223602484,3.9355072464
"PPM","5dcfa1ee86411b0c83bbb15b","X8",1,10.78,"blue",0,22,1,1,695,"high-school level",4,3,3,1,1,2.6543478261,3.34223602484,3.9355072464
"PPM","5dcfa1ee86411b0c83bbb15b","X9",1,11.897,"yellow",1,22,1,1,695,"high-school level",4,3,3,1,1,2.6543478261,3.34223602484,3.9355072464
"PPM","5b0ca34130d562000155582e","X5",0,NA,"yellow",0,22,0,1,468,"university level",4,3,3,1,1,2.6543478261,3.34223602484,3.9355072464
"PPM","5b0ca34130d562000155582e","X6",0,NA,"yellow",0,22,0,1,468,"university level",4,3,3,1,1,2.6543478261,3.34223602484,3.9355072464
"PPM","5b0ca34130d562000155582e","X7",0,NA,"blue",1,22,0,1,468,"university level",4,3,3,1,1,2.6543478261,3.34223602484,3.9355072464
"PPM","5ea5cf7a485d2e5c73bf2503","X5",1,7.239,"yellow",0,20,1,1,506,"university level",4,2,2,0,0,2.6543478261,3.34223602484,3.9355072464
"PPM","5e3b0059e8f21231ec2f26d3","X9",1,8.503,"yellow",1,21,1,1,327,"university level",5,3,3,1,1,2.6543478261,3.34223602484,3.9355072464
"PPM","5d9e9a41890596001b6e68e6","X6",1,6.116,"yellow",1,27,1,1,557,"research level",3,3,3,1,1,2.6543478261,3.34223602484,3.9355072464
"PPM","5d9e9a41890596001b6e68e6","X7",1,10.348,"blue",0,27,1,1,557,"research level",3,3,3,1,1,2.6543478261,3.34223602484,3.9355072464
"PPM","5d9e9a41890596001b6e68e6","X8",1,6.068,"yellow",1,27,1,1,557,"research level",3,3,3,1,1,2.6543478261,3.34223602484,3.9355072464
"PPM","5d9e9a41890596001b6e68e6","X9",1,6.41,"yellow",1,27,1,1,557,"research level",3,3,3,1,1,2.6543478261,3.34223602484,3.9355072464
"PPM","5c88510b973d930001652c23","X5",0,NA,"blue",1,20,1,1,363,"no training",5,3,3,1,1,2.6543478261,3.34223602484,3.9355072464
"PPM","5c88510b973d930001652c23","X6",0,NA,"yellow",1,20,1,1,363,"no training",5,3,3,1,1,2.6543478261,3.34223602484,3.9355072464
"PPM","5c88510b973d930001652c23","X7",0,NA,"blue",0,20,1,1,363,"no training",5,3,3,1,1,2.6543478261,3.34223602484,3.9355072464
"PPM","5c88510b973d930001652c23","X8",0,NA,"yellow",1,20,1,1,363,"no training",5,3,3,1,1,2.6543478261,3.34223602484,3.9355072464
"PPM","5c88510b973d930001652c23","X9",0,NA,"blue",1,20,1,1,363,"no training",5,3,3,1,1,2.6543478261,3.34223602484,3.9355072464
"PPM","5ea940037ff60b000be92af0","X6",1,5.558,"blue",0,40,0,1,348,"no training",3,3,3,1,1,2.6543478261,3.34223602484,3.9355072464
"PPM","5ea940037ff60b000be92af0","X7",1,6.157,"blue",0,40,0,1,348,"no training",3,3,3,1,1,2.6543478261,3.34223602484,3.9355072464
"PPM","5e227637d9563755139daaac","X9",1,8.029,"yellow",1,31,1,1,650,"university level",3,3,3,1,1,2.6543478261,3.34223602484,3.9355072464
"PPM","5e2504acb510aa77adb31478","X1",1,6.081,"yellow",1,41,0,1,399,"university level",3,3,3,1,1,2.6543478261,3.34223602484,3.9355072464
"PPM","5d8c46cc53b833001a4bf916","X7",1,4.804,"blue",1,19,1,1,471,"no training",4,3,3,1,1,2.6543478261,3.34223602484,3.9355072464
"PPM","5d8c46cc53b833001a4bf916","X9",1,4.966,"yellow",1,19,1,1,471,"no training",4,3,3,1,1,2.6543478261,3.34223602484,3.9355072464
"PPM","5e8259d8726b2a9826c29af7","X7",1,7.942,"yellow",1,24,1,1,331,"no training",4,3,2,0,1,2.6543478261,3.34223602484,3.9355072464
"PPM","5e8259d8726b2a9826c29af7","X8",1,6.467,"blue",0,24,1,1,331,"no training",4,3,2,0,1,2.6543478261,3.34223602484,3.9355072464
"PPM","5e8259d8726b2a9826c29af7","X9",1,5.726,"yellow",1,24,1,1,331,"no training",4,3,2,0,1,2.6543478261,3.34223602484,3.9355072464
"PPM","5dd9f4ed16d10c96e079f1f4","X3",1,16.379,"yellow",1,25,1,1,1078,"no training",4,3,3,1,1,2.6543478261,3.34223602484,3.9355072464
"PPM","5d965bd40bc1550018bf4b11","X3",1,4.685,"yellow",1,22,0,0,417,"no training",3,3,3,1,1,2.6543478261,3.34223602484,3.9355072464
"PPM","5ea08f6e39035b0616076934","X6",0,NA,"yellow",0,21,0,1,416,"high-school level",2,3,1,0,1,2.6543478261,3.34223602484,3.9355072464
"PPM","5dd9f4ed16d10c96e079f1f4","X6",1,21.595,"yellow",1,25,1,1,1078,"no training",4,3,3,1,1,2.6543478261,3.34223602484,3.9355072464
"PPM","5dd9f4ed16d10c96e079f1f4","X7",1,14.749,"yellow",1,25,1,1,1078,"no training",4,3,3,1,1,2.6543478261,3.34223602484,3.9355072464
"PPM","5dd9f4ed16d10c96e079f1f4","X8",1,12.29,"blue",0,25,1,1,1078,"no training",4,3,3,1,1,2.6543478261,3.34223602484,3.9355072464
"PPM","5dd9f4ed16d10c96e079f1f4","X9",1,15.541,"yellow",1,25,1,1,1078,"no training",4,3,3,1,1,2.6543478261,3.34223602484,3.9355072464
"PPM","5ea0be946ee66d0bc472a0d6","X10",1,5.92,"blue",0,18,1,1,422,"high-school level",4,3,3,1,1,2.6543478261,3.34223602484,3.9355072464
"PPM","5ea0be946ee66d0bc472a0d6","X2",1,11.87,"blue",0,18,1,1,422,"high-school level",4,3,3,1,1,2.6543478261,3.34223602484,3.9355072464
"PPM","5ea0be946ee66d0bc472a0d6","X3",1,4.134,"blue",0,18,1,1,422,"high-school level",4,3,3,1,1,2.6543478261,3.34223602484,3.9355072464
"PPM","5ea0be946ee66d0bc472a0d6","X4",1,7.509,"yellow",1,18,1,1,422,"high-school level",4,3,3,1,1,2.6543478261,3.34223602484,3.9355072464
"PPM","5e6855fa0d86991013cbcb04","X8",1,6.622,"blue",0,19,1,1,311,"high-school level",5,3,3,1,1,2.6543478261,3.34223602484,3.9355072464
"PPM","5e6855fa0d86991013cbcb04","X9",1,5.972,"blue",0,19,1,1,311,"high-school level",5,3,3,1,1,2.6543478261,3.34223602484,3.9355072464
"PPM","5e35f7825aa7005b5c3da260","X9",1,10.024,"yellow",0,22,1,1,499,"university level",4,3,3,1,1,2.6543478261,3.34223602484,3.9355072464
"PPM","5e3b0059e8f21231ec2f26d3","X1",1,4.85,"yellow",1,21,1,1,327,"university level",5,3,3,1,1,2.6543478261,3.34223602484,3.9355072464
"PPM","5e3b0059e8f21231ec2f26d3","X10",1,7.641,"yellow",1,21,1,1,327,"university level",5,3,3,1,1,2.6543478261,3.34223602484,3.9355072464
"PPM","5e0ad04c2e472534c6b6e2c7","X10",1,18.902,"yellow",1,19,0,1,711,"high-school level",4,3,3,1,1,2.6543478261,3.34223602484,3.9355072464
"PPM","5e0ad04c2e472534c6b6e2c7","X2",1,37.631,"blue",0,19,0,1,711,"high-school level",4,3,3,1,1,2.6543478261,3.34223602484,3.9355072464
"PPM","5d9e9a41890596001b6e68e6","X1",1,4.593,"blue",0,27,1,1,557,"research level",3,3,3,1,1,2.6543478261,3.34223602484,3.9355072464
"PPM","5d9e9a41890596001b6e68e6","X10",1,11.971,"blue",0,27,1,1,557,"research level",3,3,3,1,1,2.6543478261,3.34223602484,3.9355072464
"PPM","5e3b0059e8f21231ec2f26d3","X6",1,7.111,"yellow",1,21,1,1,327,"university level",5,3,3,1,1,2.6543478261,3.34223602484,3.9355072464
"PPM","5ea5cf7a485d2e5c73bf2503","X6",1,10.169,"yellow",1,20,1,1,506,"university level",4,2,2,0,0,2.6543478261,3.34223602484,3.9355072464
"PPM","5ea5cf7a485d2e5c73bf2503","X7",1,10.603,"yellow",1,20,1,1,506,"university level",4,2,2,0,0,2.6543478261,3.34223602484,3.9355072464
"PPM","5ea5cf7a485d2e5c73bf2503","X8",1,6.601,"blue",0,20,1,1,506,"university level",4,2,2,0,0,2.6543478261,3.34223602484,3.9355072464
"PPM","5ea5cf7a485d2e5c73bf2503","X9",1,8.001,"yellow",0,20,1,1,506,"university level",4,2,2,0,0,2.6543478261,3.34223602484,3.9355072464
"PPM","5ea6a0131b8dc301238698bd","X1",1,4.116,"yellow",1,21,0,1,366,"university level",4,3,3,1,1,2.6543478261,3.34223602484,3.9355072464
"PPM","5d4c7aa8f05d320001760340","X7",1,7.78,"blue",0,26,1,1,556,"research level",5,3,3,1,1,2.6543478261,3.34223602484,3.9355072464
"PPM","5d4c7aa8f05d320001760340","X8",1,8.476,"yellow",1,26,1,1,556,"research level",5,3,3,1,1,2.6543478261,3.34223602484,3.9355072464
"PPM","5d4c7aa8f05d320001760340","X9",1,8.585,"yellow",1,26,1,1,556,"research level",5,3,3,1,1,2.6543478261,3.34223602484,3.9355072464
"PPM","5d4dc0d7b881130016424acf","X1",1,6.72,"blue",0,19,1,1,505,"university level",4,3,3,1,1,2.6543478261,3.34223602484,3.9355072464
"PPM","5d4dc0d7b881130016424acf","X10",1,10.335,"yellow",1,19,1,1,505,"university level",4,3,3,1,1,2.6543478261,3.34223602484,3.9355072464
"PPM","5d4dc0d7b881130016424acf","X2",1,17.509,"blue",0,19,1,1,505,"university level",4,3,3,1,1,2.6543478261,3.34223602484,3.9355072464
"PPM","5d4dc0d7b881130016424acf","X3",1,5.766,"blue",0,19,1,1,505,"university level",4,3,3,1,1,2.6543478261,3.34223602484,3.9355072464
"PPM","5ea940037ff60b000be92af0","X8",1,5.95,"blue",0,40,0,1,348,"no training",3,3,3,1,1,2.6543478261,3.34223602484,3.9355072464
"PPM","5ea940037ff60b000be92af0","X9",0,NA,"yellow",1,40,0,1,348,"no training",3,3,3,1,1,2.6543478261,3.34223602484,3.9355072464
"PPM","5cf031f5135ea3000126aaaa","X4",1,4.212,"yellow",1,22,0,1,371,"university level",5,3,3,1,1,2.6543478261,3.34223602484,3.9355072464
"PPM","5cf031f5135ea3000126aaaa","X5",1,5.781,"yellow",1,22,0,1,371,"university level",5,3,3,1,1,2.6543478261,3.34223602484,3.9355072464
"PPM","5ddddb0659b1b0d3e08cb77d","X1",1,7.554,"yellow",0,24,1,1,548,"high-school level",4,1,3,1,0,2.6543478261,3.34223602484,3.9355072464
"PPM","5ddddb0659b1b0d3e08cb77d","X10",1,14.479,"yellow",1,24,1,1,548,"high-school level",4,1,3,1,0,2.6543478261,3.34223602484,3.9355072464
"PPM","5ddddb0659b1b0d3e08cb77d","X2",1,22.341,"blue",0,24,1,1,548,"high-school level",4,1,3,1,0,2.6543478261,3.34223602484,3.9355072464
"PPM","5ddddb0659b1b0d3e08cb77d","X3",1,4.817,"blue",0,24,1,1,548,"high-school level",4,1,3,1,0,2.6543478261,3.34223602484,3.9355072464
"PPM","5ddddb0659b1b0d3e08cb77d","X4",1,12.879,"blue",0,24,1,1,548,"high-school level",4,1,3,1,0,2.6543478261,3.34223602484,3.9355072464
"PPM","5ddddb0659b1b0d3e08cb77d","X5",1,9.066,"yellow",0,24,1,1,548,"high-school level",4,1,3,1,0,2.6543478261,3.34223602484,3.9355072464
"PPM","5ddddb0659b1b0d3e08cb77d","X6",1,9.185,"yellow",1,24,1,1,548,"high-school level",4,1,3,1,0,2.6543478261,3.34223602484,3.9355072464
"PPM","5ddddb0659b1b0d3e08cb77d","X7",1,11.152,"yellow",1,24,1,1,548,"high-school level",4,1,3,1,0,2.6543478261,3.34223602484,3.9355072464
"PPM","5cf130097dd762001553cbe4","X4",0,NA,"yellow",1,21,0,1,333,"university level",3,3,3,1,1,2.6543478261,3.34223602484,3.9355072464
"PPM","5cf130097dd762001553cbe4","X5",0,NA,"yellow",0,21,0,1,333,"university level",3,3,3,1,1,2.6543478261,3.34223602484,3.9355072464
"PPM","5e89e88f80d35267eb33830c","X7",1,6.395,"yellow",0,22,0,1,474,"university level",4,3,2,0,1,2.6543478261,3.34223602484,3.9355072464
"PPM","5e89e88f80d35267eb33830c","X8",1,6.923,"blue",0,22,0,1,474,"university level",4,3,2,0,1,2.6543478261,3.34223602484,3.9355072464
"PPM","5e89e88f80d35267eb33830c","X9",1,6.885,"yellow",0,22,0,1,474,"university level",4,3,2,0,1,2.6543478261,3.34223602484,3.9355072464
"PPM","5e8a481d0a340d6f239a2fb8","X1",1,8.995,"blue",0,18,0,0,487,"no training",5,3,2,0,1,2.6543478261,3.34223602484,3.9355072464
"PPM","5e8a481d0a340d6f239a2fb8","X10",1,10.484,"yellow",1,18,0,0,487,"no training",5,3,2,0,1,2.6543478261,3.34223602484,3.9355072464
"PPM","5e7a3d4ecbf3760137f77a5b","X10",1,14.108,"yellow",1,28,1,1,580,"no training",4,3,2,0,1,2.6543478261,3.34223602484,3.9355072464
"PPM","5d5eeb06d8bcde00162d73f1","X4",1,11.473,"yellow",1,21,0,1,507,"university level",4,3,3,1,1,2.6543478261,3.34223602484,3.9355072464
"PPM","5d5eeb06d8bcde00162d73f1","X5",1,10.978,"blue",0,21,0,1,507,"university level",4,3,3,1,1,2.6543478261,3.34223602484,3.9355072464
"PPM","5e1f7b2a4c9b832b34e7c9d3","X1",0,NA,"yellow",1,28,0,1,228,"no training",4,3,3,1,1,2.6543478261,3.34223602484,3.9355072464
"PPM","5e1f7b2a4c9b832b34e7c9d3","X10",0,NA,"blue",0,28,0,1,228,"no training",4,3,3,1,1,2.6543478261,3.34223602484,3.9355072464
"PPM","5e7a3d4ecbf3760137f77a5b","X6",1,12.753,"yellow",1,28,1,1,580,"no training",4,3,2,0,1,2.6543478261,3.34223602484,3.9355072464
"PPM","5ea5cf7a485d2e5c73bf2503","X2",1,9.502,"blue",0,20,1,1,506,"university level",4,2,2,0,0,2.6543478261,3.34223602484,3.9355072464
"PPM","5ea5cf7a485d2e5c73bf2503","X3",1,4.101,"blue",0,20,1,1,506,"university level",4,2,2,0,0,2.6543478261,3.34223602484,3.9355072464
"PPM","5ea5cf7a485d2e5c73bf2503","X4",1,7.377,"blue",0,20,1,1,506,"university level",4,2,2,0,0,2.6543478261,3.34223602484,3.9355072464
"PPM","5e3b0059e8f21231ec2f26d3","X7",1,6.286,"yellow",1,21,1,1,327,"university level",5,3,3,1,1,2.6543478261,3.34223602484,3.9355072464
"PPM","5e0ad04c2e472534c6b6e2c7","X7",1,9.99,"yellow",1,19,0,1,711,"high-school level",4,3,3,1,1,2.6543478261,3.34223602484,3.9355072464
"PPM","5e0ad04c2e472534c6b6e2c7","X8",1,8.485,"blue",0,19,0,1,711,"high-school level",4,3,3,1,1,2.6543478261,3.34223602484,3.9355072464
"PPM","5e0ad04c2e472534c6b6e2c7","X9",1,7.827,"yellow",1,19,0,1,711,"high-school level",4,3,3,1,1,2.6543478261,3.34223602484,3.9355072464
"PPM","5d4c7aa8f05d320001760340","X6",0,NA,"blue",1,26,1,1,556,"research level",5,3,3,1,1,2.6543478261,3.34223602484,3.9355072464
"PPM","5eab81a183d00517ecc69645","X10",1,17.451,"yellow",1,18,0,0,659,"high-school level",4,1,2,0,0,2.6543478261,3.34223602484,3.9355072464
"PPM","5eab81a183d00517ecc69645","X2",1,8.897,"blue",0,18,0,0,659,"high-school level",4,1,2,0,0,2.6543478261,3.34223602484,3.9355072464
"PPM","5eab81a183d00517ecc69645","X3",1,7.708,"blue",0,18,0,0,659,"high-school level",4,1,2,0,0,2.6543478261,3.34223602484,3.9355072464
"PPM","5eab81a183d00517ecc69645","X4",1,16.434,"blue",0,18,0,0,659,"high-school level",4,1,2,0,0,2.6543478261,3.34223602484,3.9355072464
"PPM","5eab81a183d00517ecc69645","X5",1,5.663,"yellow",1,18,0,0,659,"high-school level",4,1,2,0,0,2.6543478261,3.34223602484,3.9355072464
"PPM","5eab81a183d00517ecc69645","X6",1,7.458,"blue",0,18,0,0,659,"high-school level",4,1,2,0,0,2.6543478261,3.34223602484,3.9355072464
"PPM","5eab81a183d00517ecc69645","X7",1,10.013,"yellow",1,18,0,0,659,"high-school level",4,1,2,0,0,2.6543478261,3.34223602484,3.9355072464
"PPM","5eab81a183d00517ecc69645","X8",1,14.996,"blue",0,18,0,0,659,"high-school level",4,1,2,0,0,2.6543478261,3.34223602484,3.9355072464
"PPM","5eab81a183d00517ecc69645","X9",1,7.926,"blue",1,18,0,0,659,"high-school level",4,1,2,0,0,2.6543478261,3.34223602484,3.9355072464
"PPM","5e70f95a7b8fa90009292b14","X2",1,8.862,"yellow",1,25,1,1,455,"high-school level",5,3,3,1,1,2.6543478261,3.34223602484,3.9355072464
"PPM","5e70f95a7b8fa90009292b14","X3",1,5.506,"blue",0,25,1,1,455,"high-school level",5,3,3,1,1,2.6543478261,3.34223602484,3.9355072464
"PPM","5e70f95a7b8fa90009292b14","X4",1,7.107,"blue",0,25,1,1,455,"high-school level",5,3,3,1,1,2.6543478261,3.34223602484,3.9355072464
"PPM","5e70f95a7b8fa90009292b14","X5",1,7.077,"blue",0,25,1,1,455,"high-school level",5,3,3,1,1,2.6543478261,3.34223602484,3.9355072464
"PPM","5e9178f2f3d82149fb87f6e8","X1",1,6.115,"yellow",1,19,1,1,966,"no training",4,3,3,1,1,2.6543478261,3.34223602484,3.9355072464
"PPM","5e9178f2f3d82149fb87f6e8","X10",1,9.727,"yellow",1,19,1,1,966,"no training",4,3,3,1,1,2.6543478261,3.34223602484,3.9355072464
"PPM","5e9178f2f3d82149fb87f6e8","X2",1,9.432,"blue",0,19,1,1,966,"no training",4,3,3,1,1,2.6543478261,3.34223602484,3.9355072464
"PPM","5e9178f2f3d82149fb87f6e8","X3",1,6.349,"blue",0,19,1,1,966,"no training",4,3,3,1,1,2.6543478261,3.34223602484,3.9355072464
"PPM","5e9178f2f3d82149fb87f6e8","X4",1,6.107,"blue",0,19,1,1,966,"no training",4,3,3,1,1,2.6543478261,3.34223602484,3.9355072464
"PPM","5e9178f2f3d82149fb87f6e8","X5",1,7.593,"blue",0,19,1,1,966,"no training",4,3,3,1,1,2.6543478261,3.34223602484,3.9355072464
"PPM","5eac4d104476b027d56dab0f","X1",1,14.876,"yellow",1,19,1,1,906,"no training",3,3,3,1,1,2.6543478261,3.34223602484,3.9355072464
"PPM","5eac4d104476b027d56dab0f","X10",1,16.661,"yellow",1,19,1,1,906,"no training",3,3,3,1,1,2.6543478261,3.34223602484,3.9355072464
"PPM","5eac4d104476b027d56dab0f","X2",1,9.15,"blue",0,19,1,1,906,"no training",3,3,3,1,1,2.6543478261,3.34223602484,3.9355072464
"PPM","5eac4d104476b027d56dab0f","X3",1,21.113,"blue",0,19,1,1,906,"no training",3,3,3,1,1,2.6543478261,3.34223602484,3.9355072464
"PPM","5eac4d104476b027d56dab0f","X4",0,NA,"blue",0,19,1,1,906,"no training",3,3,3,1,1,2.6543478261,3.34223602484,3.9355072464
"PPM","5eac4d104476b027d56dab0f","X5",1,15.884,"yellow",0,19,1,1,906,"no training",3,3,3,1,1,2.6543478261,3.34223602484,3.9355072464
"PPM","5eac4d104476b027d56dab0f","X6",1,128.735,"yellow",1,19,1,1,906,"no training",3,3,3,1,1,2.6543478261,3.34223602484,3.9355072464
"PPM","5eac4d104476b027d56dab0f","X7",0,NA,"yellow",0,19,1,1,906,"no training",3,3,3,1,1,2.6543478261,3.34223602484,3.9355072464
"PPM","5eac4d104476b027d56dab0f","X8",0,NA,"blue",0,19,1,1,906,"no training",3,3,3,1,1,2.6543478261,3.34223602484,3.9355072464
"PPM","5eac4d104476b027d56dab0f","X9",1,9.945,"blue",0,19,1,1,906,"no training",3,3,3,1,1,2.6543478261,3.34223602484,3.9355072464
"PPM","5d045502bdeaa5000165e935","X4",1,6.744,"yellow",1,24,1,1,567,"university level",3,3,3,1,1,2.6543478261,3.34223602484,3.9355072464
"PPM","5d045502bdeaa5000165e935","X5",1,7.44,"blue",0,24,1,1,567,"university level",3,3,3,1,1,2.6543478261,3.34223602484,3.9355072464
"PPM","5d045502bdeaa5000165e935","X6",1,7.722,"blue",1,24,1,1,567,"university level",3,3,3,1,1,2.6543478261,3.34223602484,3.9355072464
"PPM","5d045502bdeaa5000165e935","X7",1,8.768,"blue",0,24,1,1,567,"university level",3,3,3,1,1,2.6543478261,3.34223602484,3.9355072464
"PPM","5d045502bdeaa5000165e935","X8",1,7.34,"yellow",1,24,1,1,567,"university level",3,3,3,1,1,2.6543478261,3.34223602484,3.9355072464
"PPM","5d045502bdeaa5000165e935","X9",1,6.689,"yellow",0,24,1,1,567,"university level",3,3,3,1,1,2.6543478261,3.34223602484,3.9355072464
"PPM","5deb1fc973f2e923afb6891e","X4",1,10.014,"yellow",1,26,0,1,1388,"university level",5,3,3,1,1,2.6543478261,3.34223602484,3.9355072464
"PPM","5deb1fc973f2e923afb6891e","X5",1,14.403,"blue",0,26,0,1,1388,"university level",5,3,3,1,1,2.6543478261,3.34223602484,3.9355072464
"PPM","5deb1fc973f2e923afb6891e","X6",1,11.067,"yellow",1,26,0,1,1388,"university level",5,3,3,1,1,2.6543478261,3.34223602484,3.9355072464
"PPM","5deb1fc973f2e923afb6891e","X7",1,20.879,"yellow",1,26,0,1,1388,"university level",5,3,3,1,1,2.6543478261,3.34223602484,3.9355072464
"PPM","5eab81a183d00517ecc69645","X1",1,9.069,"yellow",1,18,0,0,659,"high-school level",4,1,2,0,0,2.6543478261,3.34223602484,3.9355072464
"PPM","5c88510b973d930001652c23","X4",0,NA,"yellow",1,20,1,1,363,"no training",5,3,3,1,1,2.6543478261,3.34223602484,3.9355072464
"PPM","5df18b726f6c630ae1fbcf0b","X1",1,16.006,"yellow",1,31,0,1,575,"research level",3,3,3,1,1,2.6543478261,3.34223602484,3.9355072464
"PPM","5df18b726f6c630ae1fbcf0b","X10",0,NA,"blue",1,31,0,1,575,"research level",3,3,3,1,1,2.6543478261,3.34223602484,3.9355072464
"PPM","5df18b726f6c630ae1fbcf0b","X2",1,11.306,"blue",0,31,0,1,575,"research level",3,3,3,1,1,2.6543478261,3.34223602484,3.9355072464
"PPM","5df18b726f6c630ae1fbcf0b","X3",1,6.144,"yellow",0,31,0,1,575,"research level",3,3,3,1,1,2.6543478261,3.34223602484,3.9355072464
"PPM","5df18b726f6c630ae1fbcf0b","X4",1,9.01,"yellow",1,31,0,1,575,"research level",3,3,3,1,1,2.6543478261,3.34223602484,3.9355072464
"PPM","5df18b726f6c630ae1fbcf0b","X5",1,5.72,"blue",0,31,0,1,575,"research level",3,3,3,1,1,2.6543478261,3.34223602484,3.9355072464
"PPM","5df18b726f6c630ae1fbcf0b","X6",0,NA,"yellow",1,31,0,1,575,"research level",3,3,3,1,1,2.6543478261,3.34223602484,3.9355072464
"PPM","5df18b726f6c630ae1fbcf0b","X7",1,17.619,"yellow",1,31,0,1,575,"research level",3,3,3,1,1,2.6543478261,3.34223602484,3.9355072464
"PPM","5df18b726f6c630ae1fbcf0b","X8",1,7.483,"blue",0,31,0,1,575,"research level",3,3,3,1,1,2.6543478261,3.34223602484,3.9355072464
"PPM","5df18b726f6c630ae1fbcf0b","X9",1,6.396,"blue",1,31,0,1,575,"research level",3,3,3,1,1,2.6543478261,3.34223602484,3.9355072464
"PPM","5e8259d8726b2a9826c29af7","X6",1,10.386,"blue",0,24,1,1,331,"no training",4,3,2,0,1,2.6543478261,3.34223602484,3.9355072464
"PPM","5dd9f4ed16d10c96e079f1f4","X1",1,8.612,"yellow",1,25,1,1,1078,"no training",4,3,3,1,1,2.6543478261,3.34223602484,3.9355072464
"PPM","5dd9f4ed16d10c96e079f1f4","X10",1,31.591,"yellow",1,25,1,1,1078,"no training",4,3,3,1,1,2.6543478261,3.34223602484,3.9355072464
"PPM","5dd9f4ed16d10c96e079f1f4","X2",1,21.386,"blue",0,25,1,1,1078,"no training",4,3,3,1,1,2.6543478261,3.34223602484,3.9355072464
"PPM","5d3f6c700bd40e001cf67d98","X1",1,3.908,"blue",0,21,0,1,355,"university level",4,3,3,1,1,2.6543478261,3.34223602484,3.9355072464
"PPM","5d3f6c700bd40e001cf67d98","X10",1,21.094,"blue",0,21,0,1,355,"university level",4,3,3,1,1,2.6543478261,3.34223602484,3.9355072464
"PPM","5d3f6c700bd40e001cf67d98","X2",1,15.098,"blue",0,21,0,1,355,"university level",4,3,3,1,1,2.6543478261,3.34223602484,3.9355072464
"PPM","5d3f6c700bd40e001cf67d98","X3",1,4.93,"yellow",1,21,0,1,355,"university level",4,3,3,1,1,2.6543478261,3.34223602484,3.9355072464
"PPM","5ead8de54309424234377266","X1",1,5.797,"yellow",1,29,1,1,291,"high-school level",3,3,3,1,1,2.6543478261,3.34223602484,3.9355072464
"PPM","5ead8de54309424234377266","X10",1,8.313,"yellow",1,29,1,1,291,"high-school level",3,3,3,1,1,2.6543478261,3.34223602484,3.9355072464
"PPM","5ead8de54309424234377266","X2",1,7.78,"yellow",1,29,1,1,291,"high-school level",3,3,3,1,1,2.6543478261,3.34223602484,3.9355072464
"PPM","5ead8de54309424234377266","X3",1,4.531,"blue",0,29,1,1,291,"high-school level",3,3,3,1,1,2.6543478261,3.34223602484,3.9355072464
"PPM","5ead8de54309424234377266","X4",1,6.588,"blue",0,29,1,1,291,"high-school level",3,3,3,1,1,2.6543478261,3.34223602484,3.9355072464
"PPM","5ead8de54309424234377266","X5",1,5.431,"blue",0,29,1,1,291,"high-school level",3,3,3,1,1,2.6543478261,3.34223602484,3.9355072464
"PPM","5ead8de54309424234377266","X6",1,7.407,"yellow",1,29,1,1,291,"high-school level",3,3,3,1,1,2.6543478261,3.34223602484,3.9355072464
"PPM","5ead8de54309424234377266","X7",1,7.899,"blue",0,29,1,1,291,"high-school level",3,3,3,1,1,2.6543478261,3.34223602484,3.9355072464
"PPM","5ead8de54309424234377266","X8",1,7.373,"blue",0,29,1,1,291,"high-school level",3,3,3,1,1,2.6543478261,3.34223602484,3.9355072464
"PPM","5ead8de54309424234377266","X9",1,6.986,"yellow",1,29,1,1,291,"high-school level",3,3,3,1,1,2.6543478261,3.34223602484,3.9355072464
"PPM","5eadfcaa0051740ff581544a","X1",1,6.172,"blue",1,19,1,1,298,"high-school level",2,3,2,0,1,2.6543478261,3.34223602484,3.9355072464
"PPM","5eadfcaa0051740ff581544a","X10",1,9.561,"blue",0,19,1,1,298,"high-school level",2,3,2,0,1,2.6543478261,3.34223602484,3.9355072464
"PPM","5eadfcaa0051740ff581544a","X2",1,8.313,"yellow",0,19,1,1,298,"high-school level",2,3,2,0,1,2.6543478261,3.34223602484,3.9355072464
"PPM","5eadfcaa0051740ff581544a","X3",1,7.41,"yellow",1,19,1,1,298,"high-school level",2,3,2,0,1,2.6543478261,3.34223602484,3.9355072464
"PPM","5eadfcaa0051740ff581544a","X4",1,7.576,"yellow",0,19,1,1,298,"high-school level",2,3,2,0,1,2.6543478261,3.34223602484,3.9355072464
"PPM","5eadfcaa0051740ff581544a","X5",1,8.634,"yellow",1,19,1,1,298,"high-school level",2,3,2,0,1,2.6543478261,3.34223602484,3.9355072464
"PPM","5eadfcaa0051740ff581544a","X6",1,21.97,"blue",0,19,1,1,298,"high-school level",2,3,2,0,1,2.6543478261,3.34223602484,3.9355072464
"PPM","5eadfcaa0051740ff581544a","X7",1,8.182,"yellow",0,19,1,1,298,"high-school level",2,3,2,0,1,2.6543478261,3.34223602484,3.9355072464
"PPM","5e891499ecf1c05abf1ed7b4","X2",1,18.101,"yellow",1,18,0,1,548,"no training",5,3,3,1,1,2.6543478261,3.34223602484,3.9355072464
"PPM","5e891499ecf1c05abf1ed7b4","X3",1,5.273,"blue",0,18,0,1,548,"no training",5,3,3,1,1,2.6543478261,3.34223602484,3.9355072464
"PPM","5e891499ecf1c05abf1ed7b4","X4",1,12.188,"yellow",1,18,0,1,548,"no training",5,3,3,1,1,2.6543478261,3.34223602484,3.9355072464
"PPM","5e891499ecf1c05abf1ed7b4","X5",1,6.429,"blue",0,18,0,1,548,"no training",5,3,3,1,1,2.6543478261,3.34223602484,3.9355072464
"PPM","5e891499ecf1c05abf1ed7b4","X6",1,19.348,"yellow",1,18,0,1,548,"no training",5,3,3,1,1,2.6543478261,3.34223602484,3.9355072464
"PPM","5e891499ecf1c05abf1ed7b4","X7",1,7.5,"yellow",1,18,0,1,548,"no training",5,3,3,1,1,2.6543478261,3.34223602484,3.9355072464
"PPM","5e891499ecf1c05abf1ed7b4","X8",1,5.89,"yellow",1,18,0,1,548,"no training",5,3,3,1,1,2.6543478261,3.34223602484,3.9355072464
"PPM","5e891499ecf1c05abf1ed7b4","X9",1,5.329,"yellow",1,18,0,1,548,"no training",5,3,3,1,1,2.6543478261,3.34223602484,3.9355072464
"PPM","5e89ad187ad752640e558c8a","X1",0,NA,"blue",0,22,0,1,445,"no training",5,3,3,1,1,2.6543478261,3.34223602484,3.9355072464
"PPM","5e89ad187ad752640e558c8a","X10",0,NA,"yellow",1,22,0,1,445,"no training",5,3,3,1,1,2.6543478261,3.34223602484,3.9355072464
"PPM","5eae55b5ea7260520315f02b","X8",1,24.878,"blue",0,19,0,1,771,"university level",4,3,3,1,1,2.6543478261,3.34223602484,3.9355072464
"PPM","5eae55b5ea7260520315f02b","X9",1,9.1,"yellow",1,19,0,1,771,"university level",4,3,3,1,1,2.6543478261,3.34223602484,3.9355072464
"PPM","5d4dc0d7b881130016424acf","X4",1,9.144,"yellow",1,19,1,1,505,"university level",4,3,3,1,1,2.6543478261,3.34223602484,3.9355072464
"PPM","5d4dc0d7b881130016424acf","X5",1,10.685,"yellow",1,19,1,1,505,"university level",4,3,3,1,1,2.6543478261,3.34223602484,3.9355072464
"PPM","5e160795265c80bf44a4cd83","X1",1,14.748,"blue",1,35,1,1,1286,"university level",4,1,3,1,0,2.6543478261,3.34223602484,3.9355072464
"PPM","5e160795265c80bf44a4cd83","X10",1,15.221,"yellow",0,35,1,1,1286,"university level",4,1,3,1,0,2.6543478261,3.34223602484,3.9355072464
"PPM","5e160795265c80bf44a4cd83","X2",1,10.941,"blue",0,35,1,1,1286,"university level",4,1,3,1,0,2.6543478261,3.34223602484,3.9355072464
"PPM","5e160795265c80bf44a4cd83","X3",1,11.597,"blue",1,35,1,1,1286,"university level",4,1,3,1,0,2.6543478261,3.34223602484,3.9355072464
"PPM","5e160795265c80bf44a4cd83","X4",1,56.381,"yellow",1,35,1,1,1286,"university level",4,1,3,1,0,2.6543478261,3.34223602484,3.9355072464
"PPM","5e160795265c80bf44a4cd83","X5",1,13.218,"yellow",0,35,1,1,1286,"university level",4,1,3,1,0,2.6543478261,3.34223602484,3.9355072464
"PPM","5e160795265c80bf44a4cd83","X6",1,12.474,"yellow",0,35,1,1,1286,"university level",4,1,3,1,0,2.6543478261,3.34223602484,3.9355072464
"PPM","5e160795265c80bf44a4cd83","X7",1,22.881,"yellow",1,35,1,1,1286,"university level",4,1,3,1,0,2.6543478261,3.34223602484,3.9355072464
"PPM","5eaf4d36b5205265123a102e","X1",1,8.105,"blue",0,20,1,1,670,"university level",4,3,3,1,1,2.6543478261,3.34223602484,3.9355072464
"PPM","5eaf4d36b5205265123a102e","X10",1,18.194,"blue",0,20,1,1,670,"university level",4,3,3,1,1,2.6543478261,3.34223602484,3.9355072464
"PPM","5eaf4d36b5205265123a102e","X2",1,15.499,"yellow",1,20,1,1,670,"university level",4,3,3,1,1,2.6543478261,3.34223602484,3.9355072464
"PPM","5eaf4d36b5205265123a102e","X3",1,9.419,"yellow",1,20,1,1,670,"university level",4,3,3,1,1,2.6543478261,3.34223602484,3.9355072464
"PPM","5eaf4d36b5205265123a102e","X4",1,9.588,"blue",1,20,1,1,670,"university level",4,3,3,1,1,2.6543478261,3.34223602484,3.9355072464
"PPM","5eaf4d36b5205265123a102e","X5",1,10.449,"yellow",1,20,1,1,670,"university level",4,3,3,1,1,2.6543478261,3.34223602484,3.9355072464
"PPM","5eaf4d36b5205265123a102e","X6",1,16.927,"blue",0,20,1,1,670,"university level",4,3,3,1,1,2.6543478261,3.34223602484,3.9355072464
"PPM","5eaf4d36b5205265123a102e","X7",1,9.765,"yellow",1,20,1,1,670,"university level",4,3,3,1,1,2.6543478261,3.34223602484,3.9355072464
"PPM","5e8a481d0a340d6f239a2fb8","X2",1,8.656,"yellow",1,18,0,0,487,"no training",5,3,2,0,1,2.6543478261,3.34223602484,3.9355072464
"PPM","5e8a481d0a340d6f239a2fb8","X3",1,7.074,"yellow",1,18,0,0,487,"no training",5,3,2,0,1,2.6543478261,3.34223602484,3.9355072464
"PPM","5e8a481d0a340d6f239a2fb8","X4",1,6.469,"yellow",1,18,0,0,487,"no training",5,3,2,0,1,2.6543478261,3.34223602484,3.9355072464
"PPM","5e8a481d0a340d6f239a2fb8","X5",1,6.843,"blue",0,18,0,0,487,"no training",5,3,2,0,1,2.6543478261,3.34223602484,3.9355072464
"PPM","5ea5cf7a485d2e5c73bf2503","X1",1,8.201,"yellow",1,20,1,1,506,"university level",4,2,2,0,0,2.6543478261,3.34223602484,3.9355072464
"PPM","5ea5cf7a485d2e5c73bf2503","X10",1,9.393,"yellow",1,20,1,1,506,"university level",4,2,2,0,0,2.6543478261,3.34223602484,3.9355072464
"PPM","5e9bd31ca746bc0e8d13c674","X1",1,6.03,"blue",0,22,0,1,474,"university level",5,3,3,1,1,2.6543478261,3.34223602484,3.9355072464
"PPM","5e9bd31ca746bc0e8d13c674","X10",1,9.667,"blue",1,22,0,1,474,"university level",5,3,3,1,1,2.6543478261,3.34223602484,3.9355072464
"PPM","5e9bd31ca746bc0e8d13c674","X2",1,9.449,"yellow",0,22,0,1,474,"university level",5,3,3,1,1,2.6543478261,3.34223602484,3.9355072464
"PPM","5e9bd31ca746bc0e8d13c674","X3",1,5.648,"blue",0,22,0,1,474,"university level",5,3,3,1,1,2.6543478261,3.34223602484,3.9355072464
"PPM","5e9bd31ca746bc0e8d13c674","X4",1,8.445,"yellow",1,22,0,1,474,"university level",5,3,3,1,1,2.6543478261,3.34223602484,3.9355072464
"PPM","5e9bd31ca746bc0e8d13c674","X5",1,5.752,"blue",0,22,0,1,474,"university level",5,3,3,1,1,2.6543478261,3.34223602484,3.9355072464
"PPM","5e9bd31ca746bc0e8d13c674","X6",1,8.363,"blue",1,22,0,1,474,"university level",5,3,3,1,1,2.6543478261,3.34223602484,3.9355072464
"PPM","5e9bd31ca746bc0e8d13c674","X7",1,9.63,"blue",0,22,0,1,474,"university level",5,3,3,1,1,2.6543478261,3.34223602484,3.9355072464
"PPM","5e9bd31ca746bc0e8d13c674","X8",1,12.985,"yellow",1,22,0,1,474,"university level",5,3,3,1,1,2.6543478261,3.34223602484,3.9355072464
"PPM","5e9bd31ca746bc0e8d13c674","X9",1,8.273,"yellow",1,22,0,1,474,"university level",5,3,3,1,1,2.6543478261,3.34223602484,3.9355072464
"PPM","5e9d549e36f025000a0ddc25","X1",1,5.907,"blue",0,21,1,1,858,"no training",4,3,3,1,1,2.6543478261,3.34223602484,3.9355072464
"PPM","5e9d549e36f025000a0ddc25","X10",1,25.649,"yellow",1,21,1,1,858,"no training",4,3,3,1,1,2.6543478261,3.34223602484,3.9355072464
"PPM","5e9d549e36f025000a0ddc25","X2",1,7.889,"yellow",1,21,1,1,858,"no training",4,3,3,1,1,2.6543478261,3.34223602484,3.9355072464
"PPM","5e9d549e36f025000a0ddc25","X3",1,5.887,"blue",0,21,1,1,858,"no training",4,3,3,1,1,2.6543478261,3.34223602484,3.9355072464
"PPM","5e9d549e36f025000a0ddc25","X4",1,11.826,"yellow",1,21,1,1,858,"no training",4,3,3,1,1,2.6543478261,3.34223602484,3.9355072464
"PPM","5e9d549e36f025000a0ddc25","X5",1,7.361,"blue",0,21,1,1,858,"no training",4,3,3,1,1,2.6543478261,3.34223602484,3.9355072464
"PPM","5e9d549e36f025000a0ddc25","X6",1,8.281,"blue",0,21,1,1,858,"no training",4,3,3,1,1,2.6543478261,3.34223602484,3.9355072464
"PPM","5e9d549e36f025000a0ddc25","X7",1,7.556,"yellow",1,21,1,1,858,"no training",4,3,3,1,1,2.6543478261,3.34223602484,3.9355072464
"PPM","5e9d549e36f025000a0ddc25","X8",1,6.527,"yellow",1,21,1,1,858,"no training",4,3,3,1,1,2.6543478261,3.34223602484,3.9355072464
"PPM","5e9d549e36f025000a0ddc25","X9",1,6.866,"yellow",1,21,1,1,858,"no training",4,3,3,1,1,2.6543478261,3.34223602484,3.9355072464
"PPM","5e2504acb510aa77adb31478","X2",1,8.695,"blue",0,41,0,1,399,"university level",3,3,3,1,1,2.6543478261,3.34223602484,3.9355072464
"PPM","5e2504acb510aa77adb31478","X3",1,3.884,"yellow",1,41,0,1,399,"university level",3,3,3,1,1,2.6543478261,3.34223602484,3.9355072464
"PPM","5e2504acb510aa77adb31478","X4",1,7.201,"yellow",1,41,0,1,399,"university level",3,3,3,1,1,2.6543478261,3.34223602484,3.9355072464
"PPM","5e2504acb510aa77adb31478","X5",1,9.563,"yellow",1,41,0,1,399,"university level",3,3,3,1,1,2.6543478261,3.34223602484,3.9355072464
"PPM","5e2504acb510aa77adb31478","X6",1,7.101,"yellow",1,41,0,1,399,"university level",3,3,3,1,1,2.6543478261,3.34223602484,3.9355072464
"PPM","5e2504acb510aa77adb31478","X7",1,6.716,"blue",0,41,0,1,399,"university level",3,3,3,1,1,2.6543478261,3.34223602484,3.9355072464
"PPM","5e2504acb510aa77adb31478","X8",1,6.543,"yellow",1,41,0,1,399,"university level",3,3,3,1,1,2.6543478261,3.34223602484,3.9355072464
"PPM","5e2504acb510aa77adb31478","X9",1,6.048,"blue",0,41,0,1,399,"university level",3,3,3,1,1,2.6543478261,3.34223602484,3.9355072464
"PPM","5d76bc8e529c4b00197aa4f2","X6",1,7.406,"blue",0,21,1,1,515,"university level",4,3,3,1,1,2.6543478261,3.34223602484,3.9355072464
"PPM","5d76bc8e529c4b00197aa4f2","X7",1,5.818,"yellow",1,21,1,1,515,"university level",4,3,3,1,1,2.6543478261,3.34223602484,3.9355072464
"PPM","5d76bc8e529c4b00197aa4f2","X8",1,16.376,"yellow",1,21,1,1,515,"university level",4,3,3,1,1,2.6543478261,3.34223602484,3.9355072464
"PPM","5d76bc8e529c4b00197aa4f2","X9",1,14.064,"yellow",1,21,1,1,515,"university level",4,3,3,1,1,2.6543478261,3.34223602484,3.9355072464
"PPM","5ae21dfffef71c0001be9caf","X6",1,14.824,"blue",0,30,1,1,516,"no training",5,3,2,0,1,2.6543478261,3.34223602484,3.9355072464
"PPM","5ae21dfffef71c0001be9caf","X7",1,10.124,"blue",0,30,1,1,516,"no training",5,3,2,0,1,2.6543478261,3.34223602484,3.9355072464
"PPM","5e7e4927e654af0a6b5864b1","X1",1,16.639,"yellow",1,18,0,1,608,"no training",5,3,3,1,1,2.6543478261,3.34223602484,3.9355072464
"PPM","5e7e4927e654af0a6b5864b1","X10",1,20.253,"yellow",0,18,0,1,608,"no training",5,3,3,1,1,2.6543478261,3.34223602484,3.9355072464
"PPM","5e7e4927e654af0a6b5864b1","X2",1,7.784,"blue",0,18,0,1,608,"no training",5,3,3,1,1,2.6543478261,3.34223602484,3.9355072464
"PPM","5e7e4927e654af0a6b5864b1","X3",0,NA,"blue",1,18,0,1,608,"no training",5,3,3,1,1,2.6543478261,3.34223602484,3.9355072464
"PPM","5e7e4927e654af0a6b5864b1","X4",1,7.726,"blue",0,18,0,1,608,"no training",5,3,3,1,1,2.6543478261,3.34223602484,3.9355072464
"PPM","5e7e4927e654af0a6b5864b1","X5",1,6.582,"blue",0,18,0,1,608,"no training",5,3,3,1,1,2.6543478261,3.34223602484,3.9355072464
"PPM","5e7e4927e654af0a6b5864b1","X6",1,7.982,"yellow",1,18,0,1,608,"no training",5,3,3,1,1,2.6543478261,3.34223602484,3.9355072464
"PPM","5e7e4927e654af0a6b5864b1","X7",1,7.156,"yellow",1,18,0,1,608,"no training",5,3,3,1,1,2.6543478261,3.34223602484,3.9355072464
"PPM","5e7e4927e654af0a6b5864b1","X8",1,7.8,"yellow",1,18,0,1,608,"no training",5,3,3,1,1,2.6543478261,3.34223602484,3.9355072464
"PPM","5e7e4927e654af0a6b5864b1","X9",1,6.385,"blue",0,18,0,1,608,"no training",5,3,3,1,1,2.6543478261,3.34223602484,3.9355072464
"PPM","5b0ca34130d562000155582e","X8",1,7.07,"blue",0,22,0,1,468,"university level",4,3,3,1,1,2.6543478261,3.34223602484,3.9355072464
"PPM","5b0ca34130d562000155582e","X9",1,8.456,"yellow",1,22,0,1,468,"university level",4,3,3,1,1,2.6543478261,3.34223602484,3.9355072464
"PPM","5eb0745480b12a11c526ffc8","X1",1,7.13,"blue",0,29,1,1,584,"no training",4,3,3,1,1,2.6543478261,3.34223602484,3.9355072464
"PPM","5eb0745480b12a11c526ffc8","X10",1,17.624,"blue",0,29,1,1,584,"no training",4,3,3,1,1,2.6543478261,3.34223602484,3.9355072464
"PPM","5eb0745480b12a11c526ffc8","X2",1,8.158,"yellow",1,29,1,1,584,"no training",4,3,3,1,1,2.6543478261,3.34223602484,3.9355072464
"PPM","5eb0745480b12a11c526ffc8","X3",1,7.458,"blue",0,29,1,1,584,"no training",4,3,3,1,1,2.6543478261,3.34223602484,3.9355072464
"PPM","5eb0745480b12a11c526ffc8","X4",1,9.738,"blue",0,29,1,1,584,"no training",4,3,3,1,1,2.6543478261,3.34223602484,3.9355072464
"PPM","5eb0745480b12a11c526ffc8","X5",1,7.711,"yellow",1,29,1,1,584,"no training",4,3,3,1,1,2.6543478261,3.34223602484,3.9355072464
"PPM","5eb0745480b12a11c526ffc8","X6",1,7.731,"yellow",1,29,1,1,584,"no training",4,3,3,1,1,2.6543478261,3.34223602484,3.9355072464
"PPM","5eb0745480b12a11c526ffc8","X7",1,13.296,"yellow",1,29,1,1,584,"no training",4,3,3,1,1,2.6543478261,3.34223602484,3.9355072464
"PPM","5eb0745480b12a11c526ffc8","X8",1,17.901,"yellow",1,29,1,1,584,"no training",4,3,3,1,1,2.6543478261,3.34223602484,3.9355072464
"PPM","5eb0745480b12a11c526ffc8","X9",1,18.652,"yellow",1,29,1,1,584,"no training",4,3,3,1,1,2.6543478261,3.34223602484,3.9355072464
"PPM","5e8259d8726b2a9826c29af7","X2",1,7.79,"blue",0,24,1,1,331,"no training",4,3,2,0,1,2.6543478261,3.34223602484,3.9355072464
"PPM","5e8259d8726b2a9826c29af7","X3",1,4.317,"yellow",1,24,1,1,331,"no training",4,3,2,0,1,2.6543478261,3.34223602484,3.9355072464
"PPM","5e8259d8726b2a9826c29af7","X4",1,5.589,"blue",0,24,1,1,331,"no training",4,3,2,0,1,2.6543478261,3.34223602484,3.9355072464
"PPM","5e8259d8726b2a9826c29af7","X5",1,4.439,"blue",0,24,1,1,331,"no training",4,3,2,0,1,2.6543478261,3.34223602484,3.9355072464
"PPM","5ea08f6e39035b0616076934","X1",1,5.694,"yellow",1,21,0,1,416,"high-school level",2,3,1,0,1,2.6543478261,3.34223602484,3.9355072464
"PPM","5ea08f6e39035b0616076934","X10",1,8.205,"blue",0,21,0,1,416,"high-school level",2,3,1,0,1,2.6543478261,3.34223602484,3.9355072464
"PPM","5ea08f6e39035b0616076934","X2",0,NA,"blue",0,21,0,1,416,"high-school level",2,3,1,0,1,2.6543478261,3.34223602484,3.9355072464
"PPM","5ea08f6e39035b0616076934","X3",0,NA,"blue",1,21,0,1,416,"high-school level",2,3,1,0,1,2.6543478261,3.34223602484,3.9355072464
"PPM","5ea08f6e39035b0616076934","X4",1,7.265,"yellow",1,21,0,1,416,"high-school level",2,3,1,0,1,2.6543478261,3.34223602484,3.9355072464
"PPM","5ea08f6e39035b0616076934","X5",1,12.488,"yellow",1,21,0,1,416,"high-school level",2,3,1,0,1,2.6543478261,3.34223602484,3.9355072464
"PPM","5eb1cc5bbd95623229c961a5","X1",1,14.213,"blue",0,19,1,1,436,"no training",4,3,3,1,1,2.6543478261,3.34223602484,3.9355072464
"PPM","5eb1cc5bbd95623229c961a5","X10",1,8.017,"yellow",1,19,1,1,436,"no training",4,3,3,1,1,2.6543478261,3.34223602484,3.9355072464
"PPM","5eb1cc5bbd95623229c961a5","X2",1,8.809,"blue",0,19,1,1,436,"no training",4,3,3,1,1,2.6543478261,3.34223602484,3.9355072464
"PPM","5eb1cc5bbd95623229c961a5","X3",1,5.598,"blue",0,19,1,1,436,"no training",4,3,3,1,1,2.6543478261,3.34223602484,3.9355072464
"PPM","5eb1cc5bbd95623229c961a5","X4",1,6.157,"blue",0,19,1,1,436,"no training",4,3,3,1,1,2.6543478261,3.34223602484,3.9355072464
"PPM","5eb1cc5bbd95623229c961a5","X5",1,5.336,"blue",0,19,1,1,436,"no training",4,3,3,1,1,2.6543478261,3.34223602484,3.9355072464
"PPM","5eb1cc5bbd95623229c961a5","X6",1,7.543,"blue",0,19,1,1,436,"no training",4,3,3,1,1,2.6543478261,3.34223602484,3.9355072464
"PPM","5eb1cc5bbd95623229c961a5","X7",1,6.941,"yellow",1,19,1,1,436,"no training",4,3,3,1,1,2.6543478261,3.34223602484,3.9355072464
"PPM","5eb1cc5bbd95623229c961a5","X8",1,6.164,"blue",0,19,1,1,436,"no training",4,3,3,1,1,2.6543478261,3.34223602484,3.9355072464
"PPM","5eb1cc5bbd95623229c961a5","X9",1,5.809,"yellow",1,19,1,1,436,"no training",4,3,3,1,1,2.6543478261,3.34223602484,3.9355072464
"PPM","5ea0be946ee66d0bc472a0d6","X6",1,20.451,"yellow",1,18,1,1,422,"high-school level",4,3,3,1,1,2.6543478261,3.34223602484,3.9355072464
"PPM","5ea0be946ee66d0bc472a0d6","X7",1,4.741,"blue",0,18,1,1,422,"high-school level",4,3,3,1,1,2.6543478261,3.34223602484,3.9355072464
"PPM","5ea0be946ee66d0bc472a0d6","X8",1,4.864,"blue",0,18,1,1,422,"high-school level",4,3,3,1,1,2.6543478261,3.34223602484,3.9355072464
"PPM","5ea0be946ee66d0bc472a0d6","X9",1,5.162,"blue",0,18,1,1,422,"high-school level",4,3,3,1,1,2.6543478261,3.34223602484,3.9355072464
"PPM","5e3b0059e8f21231ec2f26d3","X2",1,7.344,"yellow",1,21,1,1,327,"university level",5,3,3,1,1,2.6543478261,3.34223602484,3.9355072464
"PPM","5e3b0059e8f21231ec2f26d3","X3",1,3.762,"blue",0,21,1,1,327,"university level",5,3,3,1,1,2.6543478261,3.34223602484,3.9355072464
"PPM","5e3b0059e8f21231ec2f26d3","X4",1,5.27,"blue",0,21,1,1,327,"university level",5,3,3,1,1,2.6543478261,3.34223602484,3.9355072464
"PPM","5e3b0059e8f21231ec2f26d3","X5",1,6.323,"blue",0,21,1,1,327,"university level",5,3,3,1,1,2.6543478261,3.34223602484,3.9355072464
"PPM","5e891499ecf1c05abf1ed7b4","X1",1,6.14,"blue",1,18,0,1,548,"no training",5,3,3,1,1,2.6543478261,3.34223602484,3.9355072464
"PPM","5eadfcaa0051740ff581544a","X8",1,6.325,"blue",0,19,1,1,298,"high-school level",2,3,2,0,1,2.6543478261,3.34223602484,3.9355072464
"PPM","5eadfcaa0051740ff581544a","X9",1,7.377,"yellow",0,19,1,1,298,"high-school level",2,3,2,0,1,2.6543478261,3.34223602484,3.9355072464
"PPM","5eae55b5ea7260520315f02b","X1",1,13.084,"blue",0,19,0,1,771,"university level",4,3,3,1,1,2.6543478261,3.34223602484,3.9355072464
"PPM","5eae55b5ea7260520315f02b","X10",1,22.69,"blue",0,19,0,1,771,"university level",4,3,3,1,1,2.6543478261,3.34223602484,3.9355072464
"PPM","5eae55b5ea7260520315f02b","X2",1,18.801,"yellow",1,19,0,1,771,"university level",4,3,3,1,1,2.6543478261,3.34223602484,3.9355072464
"PPM","5eae55b5ea7260520315f02b","X3",1,12.363,"yellow",1,19,0,1,771,"university level",4,3,3,1,1,2.6543478261,3.34223602484,3.9355072464
"PPM","5eae55b5ea7260520315f02b","X4",1,25.656,"blue",0,19,0,1,771,"university level",4,3,3,1,1,2.6543478261,3.34223602484,3.9355072464
"PPM","5eae55b5ea7260520315f02b","X5",1,18.902,"yellow",1,19,0,1,771,"university level",4,3,3,1,1,2.6543478261,3.34223602484,3.9355072464
"PPM","5eae55b5ea7260520315f02b","X6",1,13.898,"blue",0,19,0,1,771,"university level",4,3,3,1,1,2.6543478261,3.34223602484,3.9355072464
"PPM","5eae55b5ea7260520315f02b","X7",1,12.902,"yellow",1,19,0,1,771,"university level",4,3,3,1,1,2.6543478261,3.34223602484,3.9355072464
"PPM","5eb30b0809b1cb0d239f7c08","X9",1,12.69,"blue",0,18,0,0,348,"no training",3,3,3,1,1,2.6543478261,3.34223602484,3.9355072464
"PPM","5e89ad187ad752640e558c8a","X2",1,11.799,"yellow",1,22,0,1,445,"no training",5,3,3,1,1,2.6543478261,3.34223602484,3.9355072464
"PPM","5e89ad187ad752640e558c8a","X3",1,7.392,"yellow",1,22,0,1,445,"no training",5,3,3,1,1,2.6543478261,3.34223602484,3.9355072464
"PPM","5e89ad187ad752640e558c8a","X4",1,8.532,"blue",0,22,0,1,445,"no training",5,3,3,1,1,2.6543478261,3.34223602484,3.9355072464
"PPM","5e89ad187ad752640e558c8a","X5",1,10.2,"blue",0,22,0,1,445,"no training",5,3,3,1,1,2.6543478261,3.34223602484,3.9355072464
"PPM","5ea2108f9b5ea6120aa37230","X1",1,6.824,"blue",0,20,0,1,433,"university level",3,3,3,1,1,2.6543478261,3.34223602484,3.9355072464
"PPM","5ea2108f9b5ea6120aa37230","X10",1,9.315,"yellow",1,20,0,1,433,"university level",3,3,3,1,1,2.6543478261,3.34223602484,3.9355072464
"PPM","5ea2108f9b5ea6120aa37230","X2",1,13.924,"blue",0,20,0,1,433,"university level",3,3,3,1,1,2.6543478261,3.34223602484,3.9355072464
"PPM","5ea2108f9b5ea6120aa37230","X3",1,7.324,"blue",0,20,0,1,433,"university level",3,3,3,1,1,2.6543478261,3.34223602484,3.9355072464
"PPM","5ea2108f9b5ea6120aa37230","X4",1,6.272,"yellow",1,20,0,1,433,"university level",3,3,3,1,1,2.6543478261,3.34223602484,3.9355072464
"PPM","5ea2108f9b5ea6120aa37230","X5",1,8.038,"yellow",1,20,0,1,433,"university level",3,3,3,1,1,2.6543478261,3.34223602484,3.9355072464
"PPM","5eb5301f97cece03ad0e0263","X1",1,6.565,"blue",0,20,0,0,762,"high-school level",2,3,3,1,1,2.6543478261,3.34223602484,3.9355072464
"PPM","5eb5301f97cece03ad0e0263","X10",1,17.443,"yellow",1,20,0,0,762,"high-school level",2,3,3,1,1,2.6543478261,3.34223602484,3.9355072464
"PPM","5eb5301f97cece03ad0e0263","X2",1,7.427,"blue",0,20,0,0,762,"high-school level",2,3,3,1,1,2.6543478261,3.34223602484,3.9355072464
"PPM","5eb5301f97cece03ad0e0263","X3",1,10.443,"blue",0,20,0,0,762,"high-school level",2,3,3,1,1,2.6543478261,3.34223602484,3.9355072464
"PPM","5eb5301f97cece03ad0e0263","X4",1,12.593,"blue",0,20,0,0,762,"high-school level",2,3,3,1,1,2.6543478261,3.34223602484,3.9355072464
"PPM","5eb5301f97cece03ad0e0263","X5",1,11.103,"blue",0,20,0,0,762,"high-school level",2,3,3,1,1,2.6543478261,3.34223602484,3.9355072464
"PPM","5eb5301f97cece03ad0e0263","X6",1,9.168,"blue",0,20,0,0,762,"high-school level",2,3,3,1,1,2.6543478261,3.34223602484,3.9355072464
"PPM","5eb5301f97cece03ad0e0263","X7",1,9.132,"yellow",1,20,0,0,762,"high-school level",2,3,3,1,1,2.6543478261,3.34223602484,3.9355072464
"PPM","5eb5301f97cece03ad0e0263","X8",1,5.973,"yellow",1,20,0,0,762,"high-school level",2,3,3,1,1,2.6543478261,3.34223602484,3.9355072464
"PPM","5eaf4d36b5205265123a102e","X8",1,11.329,"yellow",0,20,1,1,670,"university level",4,3,3,1,1,2.6543478261,3.34223602484,3.9355072464
"PPM","5eaf4d36b5205265123a102e","X9",1,9.356,"yellow",1,20,1,1,670,"university level",4,3,3,1,1,2.6543478261,3.34223602484,3.9355072464
"PPM","5e7a3d4ecbf3760137f77a5b","X2",1,14.307,"blue",0,28,1,1,580,"no training",4,3,2,0,1,2.6543478261,3.34223602484,3.9355072464
"PPM","5e7a3d4ecbf3760137f77a5b","X3",1,9.68,"blue",0,28,1,1,580,"no training",4,3,2,0,1,2.6543478261,3.34223602484,3.9355072464
"PPM","5e7a3d4ecbf3760137f77a5b","X4",1,11.017,"yellow",1,28,1,1,580,"no training",4,3,2,0,1,2.6543478261,3.34223602484,3.9355072464
"PPM","5e7a3d4ecbf3760137f77a5b","X5",1,12.972,"blue",0,28,1,1,580,"no training",4,3,2,0,1,2.6543478261,3.34223602484,3.9355072464
"PPM","5eb5e4d80c06144d36ab1b93","X5",1,5.641,"yellow",1,22,1,1,362,"university level",3,3,3,1,1,2.6543478261,3.34223602484,3.9355072464
"PPM","5eb5e4d80c06144d36ab1b93","X6",0,NA,"blue",1,22,1,1,362,"university level",3,3,3,1,1,2.6543478261,3.34223602484,3.9355072464
"PPM","5eb5e4d80c06144d36ab1b93","X7",1,7.251,"blue",0,22,1,1,362,"university level",3,3,3,1,1,2.6543478261,3.34223602484,3.9355072464
"PPM","5eb5e4d80c06144d36ab1b93","X8",0,NA,"yellow",1,22,1,1,362,"university level",3,3,3,1,1,2.6543478261,3.34223602484,3.9355072464
"PPM","5eb5e4d80c06144d36ab1b93","X9",1,9.283,"yellow",1,22,1,1,362,"university level",3,3,3,1,1,2.6543478261,3.34223602484,3.9355072464
"PPM","5eb5e831b11b101414b3ae6c","X1",1,5.293,"blue",0,19,0,1,1055,"no training",5,3,3,1,1,2.6543478261,3.34223602484,3.9355072464
"PPM","5eb5e831b11b101414b3ae6c","X10",0,NA,"yellow",1,19,0,1,1055,"no training",5,3,3,1,1,2.6543478261,3.34223602484,3.9355072464
"PPM","5eb5e831b11b101414b3ae6c","X2",1,13.534,"yellow",1,19,0,1,1055,"no training",5,3,3,1,1,2.6543478261,3.34223602484,3.9355072464
"PPM","5eb5e831b11b101414b3ae6c","X3",1,7.653,"blue",0,19,0,1,1055,"no training",5,3,3,1,1,2.6543478261,3.34223602484,3.9355072464
"PPM","5eb5e831b11b101414b3ae6c","X4",1,18.59,"blue",0,19,0,1,1055,"no training",5,3,3,1,1,2.6543478261,3.34223602484,3.9355072464
"PPM","5eb5e831b11b101414b3ae6c","X5",1,8.603,"yellow",1,19,0,1,1055,"no training",5,3,3,1,1,2.6543478261,3.34223602484,3.9355072464
"PPM","5eb5e831b11b101414b3ae6c","X6",1,9.081,"yellow",1,19,0,1,1055,"no training",5,3,3,1,1,2.6543478261,3.34223602484,3.9355072464
"PPM","5eb5e831b11b101414b3ae6c","X7",1,11.895,"yellow",1,19,0,1,1055,"no training",5,3,3,1,1,2.6543478261,3.34223602484,3.9355072464
"PPM","5eb5e831b11b101414b3ae6c","X8",1,18.961,"yellow",1,19,0,1,1055,"no training",5,3,3,1,1,2.6543478261,3.34223602484,3.9355072464
"PPM","5eb5e831b11b101414b3ae6c","X9",1,9.001,"yellow",1,19,0,1,1055,"no training",5,3,3,1,1,2.6543478261,3.34223602484,3.9355072464
"PPM","5ea6a0131b8dc301238698bd","X6",1,12.189,"yellow",1,21,0,1,366,"university level",4,3,3,1,1,2.6543478261,3.34223602484,3.9355072464
"PPM","5ea6a0131b8dc301238698bd","X7",1,16.62,"yellow",1,21,0,1,366,"university level",4,3,3,1,1,2.6543478261,3.34223602484,3.9355072464
"PPM","5ea6a0131b8dc301238698bd","X8",1,8.96,"blue",0,21,0,1,366,"university level",4,3,3,1,1,2.6543478261,3.34223602484,3.9355072464
"PPM","5ea6a0131b8dc301238698bd","X9",1,5.202,"yellow",1,21,0,1,366,"university level",4,3,3,1,1,2.6543478261,3.34223602484,3.9355072464
"PPM","5ea6d5e15789a4069a6d3d9f","X1",1,5.23,"yellow",1,20,0,0,855,"no training",4,3,2,0,1,2.6543478261,3.34223602484,3.9355072464
"PPM","5ea6d5e15789a4069a6d3d9f","X10",1,11.767,"blue",0,20,0,0,855,"no training",4,3,2,0,1,2.6543478261,3.34223602484,3.9355072464
"PPM","5ea6d5e15789a4069a6d3d9f","X2",1,10.928,"blue",0,20,0,0,855,"no training",4,3,2,0,1,2.6543478261,3.34223602484,3.9355072464
"PPM","5ea6d5e15789a4069a6d3d9f","X3",1,5.678,"blue",0,20,0,0,855,"no training",4,3,2,0,1,2.6543478261,3.34223602484,3.9355072464
"PPM","5ea6d5e15789a4069a6d3d9f","X4",1,7.301,"blue",0,20,0,0,855,"no training",4,3,2,0,1,2.6543478261,3.34223602484,3.9355072464
"PPM","5ea6d5e15789a4069a6d3d9f","X5",1,10.155,"blue",0,20,0,0,855,"no training",4,3,2,0,1,2.6543478261,3.34223602484,3.9355072464
"PPM","5ea6d5e15789a4069a6d3d9f","X6",0,NA,"blue",1,20,0,0,855,"no training",4,3,2,0,1,2.6543478261,3.34223602484,3.9355072464
"PPM","5ea6d5e15789a4069a6d3d9f","X7",1,15.859,"blue",0,20,0,0,855,"no training",4,3,2,0,1,2.6543478261,3.34223602484,3.9355072464
"PPM","5ea6d5e15789a4069a6d3d9f","X8",1,7.026,"blue",0,20,0,0,855,"no training",4,3,2,0,1,2.6543478261,3.34223602484,3.9355072464
"PPM","5ea6d5e15789a4069a6d3d9f","X9",1,6.219,"yellow",1,20,0,0,855,"no training",4,3,2,0,1,2.6543478261,3.34223602484,3.9355072464
"PPM","5e52a82ecd4f3b000c197841","X2",1,8.116,"blue",0,21,0,1,354,"high-school level",4,3,2,0,1,2.6543478261,3.34223602484,3.9355072464
"PPM","5e52a82ecd4f3b000c197841","X3",0,NA,"blue",0,21,0,1,354,"high-school level",4,3,2,0,1,2.6543478261,3.34223602484,3.9355072464
"PPM","5e52a82ecd4f3b000c197841","X4",1,8.447,"blue",0,21,0,1,354,"high-school level",4,3,2,0,1,2.6543478261,3.34223602484,3.9355072464
"PPM","5e52a82ecd4f3b000c197841","X5",1,6.751,"blue",0,21,0,1,354,"high-school level",4,3,2,0,1,2.6543478261,3.34223602484,3.9355072464
"PPM","5e52a82ecd4f3b000c197841","X6",1,6.591,"yellow",1,21,0,1,354,"high-school level",4,3,2,0,1,2.6543478261,3.34223602484,3.9355072464
"PPM","5e52a82ecd4f3b000c197841","X7",1,5.674,"yellow",1,21,0,1,354,"high-school level",4,3,2,0,1,2.6543478261,3.34223602484,3.9355072464
"PPM","5eba0dc07c0c74150a635d5f","X1",1,11.89,"blue",0,19,1,1,810,"high-school level",3,3,3,1,1,2.6543478261,3.34223602484,3.9355072464
"PPM","5eba0dc07c0c74150a635d5f","X10",1,9.397,"yellow",1,19,1,1,810,"high-school level",3,3,3,1,1,2.6543478261,3.34223602484,3.9355072464
"PPM","5eba0dc07c0c74150a635d5f","X2",1,14.698,"blue",0,19,1,1,810,"high-school level",3,3,3,1,1,2.6543478261,3.34223602484,3.9355072464
"PPM","5eba0dc07c0c74150a635d5f","X3",1,9.687,"blue",0,19,1,1,810,"high-school level",3,3,3,1,1,2.6543478261,3.34223602484,3.9355072464
"PPM","5eba0dc07c0c74150a635d5f","X4",1,8.445,"yellow",1,19,1,1,810,"high-school level",3,3,3,1,1,2.6543478261,3.34223602484,3.9355072464
"PPM","5eba0dc07c0c74150a635d5f","X5",1,8.044,"blue",0,19,1,1,810,"high-school level",3,3,3,1,1,2.6543478261,3.34223602484,3.9355072464
"PPM","5eba0dc07c0c74150a635d5f","X6",1,8.217,"yellow",1,19,1,1,810,"high-school level",3,3,3,1,1,2.6543478261,3.34223602484,3.9355072464
"PPM","5eba0dc07c0c74150a635d5f","X7",1,7.405,"yellow",1,19,1,1,810,"high-school level",3,3,3,1,1,2.6543478261,3.34223602484,3.9355072464
"PPM","5eba0dc07c0c74150a635d5f","X8",1,6.783,"yellow",1,19,1,1,810,"high-school level",3,3,3,1,1,2.6543478261,3.34223602484,3.9355072464
"PPM","5eba0dc07c0c74150a635d5f","X9",1,22.965,"blue",1,19,1,1,810,"high-school level",3,3,3,1,1,2.6543478261,3.34223602484,3.9355072464
"PPM","5c88510b973d930001652c23","X1",0,NA,"yellow",0,20,1,1,363,"no training",5,3,3,1,1,2.6543478261,3.34223602484,3.9355072464
"PPM","5c88510b973d930001652c23","X10",0,NA,"yellow",0,20,1,1,363,"no training",5,3,3,1,1,2.6543478261,3.34223602484,3.9355072464
"PPM","5c88510b973d930001652c23","X2",0,NA,"blue",0,20,1,1,363,"no training",5,3,3,1,1,2.6543478261,3.34223602484,3.9355072464
"PPM","5c88510b973d930001652c23","X3",0,NA,"yellow",0,20,1,1,363,"no training",5,3,3,1,1,2.6543478261,3.34223602484,3.9355072464
"PPM","5ea940037ff60b000be92af0","X1",1,4.645,"yellow",0,40,0,1,348,"no training",3,3,3,1,1,2.6543478261,3.34223602484,3.9355072464
"PPM","5ea940037ff60b000be92af0","X10",1,6.366,"yellow",1,40,0,1,348,"no training",3,3,3,1,1,2.6543478261,3.34223602484,3.9355072464
"PPM","5ea940037ff60b000be92af0","X2",1,6.346,"blue",0,40,0,1,348,"no training",3,3,3,1,1,2.6543478261,3.34223602484,3.9355072464
"PPM","5ea940037ff60b000be92af0","X3",1,3.907,"blue",0,40,0,1,348,"no training",3,3,3,1,1,2.6543478261,3.34223602484,3.9355072464
"PPM","5ea940037ff60b000be92af0","X4",1,6.292,"blue",0,40,0,1,348,"no training",3,3,3,1,1,2.6543478261,3.34223602484,3.9355072464
"PPM","5ea940037ff60b000be92af0","X5",1,6.491,"blue",0,40,0,1,348,"no training",3,3,3,1,1,2.6543478261,3.34223602484,3.9355072464
"PPM","5ebae1553421dc07a5fc6673","X1",1,6.111,"blue",1,19,0,0,646,"no training",4,3,3,1,1,2.6543478261,3.34223602484,3.9355072464
"PPM","5ebae1553421dc07a5fc6673","X10",1,12.366,"blue",1,19,0,0,646,"no training",4,3,3,1,1,2.6543478261,3.34223602484,3.9355072464
"PPM","5ebae1553421dc07a5fc6673","X2",1,8.13,"blue",1,19,0,0,646,"no training",4,3,3,1,1,2.6543478261,3.34223602484,3.9355072464
"PPM","5ebae1553421dc07a5fc6673","X3",1,30.01,"yellow",0,19,0,0,646,"no training",4,3,3,1,1,2.6543478261,3.34223602484,3.9355072464
"PPM","5ebae1553421dc07a5fc6673","X4",1,8.633,"blue",1,19,0,0,646,"no training",4,3,3,1,1,2.6543478261,3.34223602484,3.9355072464
"PPM","5ebae1553421dc07a5fc6673","X5",1,7.74,"blue",1,19,0,0,646,"no training",4,3,3,1,1,2.6543478261,3.34223602484,3.9355072464
"PPM","5ebae1553421dc07a5fc6673","X6",1,23.324,"yellow",0,19,0,0,646,"no training",4,3,3,1,1,2.6543478261,3.34223602484,3.9355072464
"PPM","5ebae1553421dc07a5fc6673","X7",1,10.531,"yellow",1,19,0,0,646,"no training",4,3,3,1,1,2.6543478261,3.34223602484,3.9355072464
"PPM","5ebae1553421dc07a5fc6673","X8",1,17.025,"yellow",0,19,0,0,646,"no training",4,3,3,1,1,2.6543478261,3.34223602484,3.9355072464
"PPM","5ebae1553421dc07a5fc6673","X9",1,16.305,"blue",1,19,0,0,646,"no training",4,3,3,1,1,2.6543478261,3.34223602484,3.9355072464
"PPM","5dd9f4ed16d10c96e079f1f4","X4",1,107.078,"blue",0,25,1,1,1078,"no training",4,3,3,1,1,2.6543478261,3.34223602484,3.9355072464
"PPM","5dd9f4ed16d10c96e079f1f4","X5",1,11.91,"yellow",1,25,1,1,1078,"no training",4,3,3,1,1,2.6543478261,3.34223602484,3.9355072464
"PPM","5e6855fa0d86991013cbcb04","X1",0,NA,"yellow",0,19,1,1,311,"high-school level",5,3,3,1,1,2.6543478261,3.34223602484,3.9355072464
"PPM","5e6855fa0d86991013cbcb04","X10",0,NA,"blue",1,19,1,1,311,"high-school level",5,3,3,1,1,2.6543478261,3.34223602484,3.9355072464
"PPM","5e6855fa0d86991013cbcb04","X2",0,NA,"blue",0,19,1,1,311,"high-school level",5,3,3,1,1,2.6543478261,3.34223602484,3.9355072464
"PPM","5e6855fa0d86991013cbcb04","X3",1,6.01,"blue",0,19,1,1,311,"high-school level",5,3,3,1,1,2.6543478261,3.34223602484,3.9355072464
"PPM","5e6855fa0d86991013cbcb04","X4",0,NA,"blue",0,19,1,1,311,"high-school level",5,3,3,1,1,2.6543478261,3.34223602484,3.9355072464
"PPM","5e6855fa0d86991013cbcb04","X5",1,5.977,"blue",0,19,1,1,311,"high-school level",5,3,3,1,1,2.6543478261,3.34223602484,3.9355072464
"PPM","5e6855fa0d86991013cbcb04","X6",1,6.781,"blue",0,19,1,1,311,"high-school level",5,3,3,1,1,2.6543478261,3.34223602484,3.9355072464
"PPM","5e6855fa0d86991013cbcb04","X7",1,6.388,"yellow",1,19,1,1,311,"high-school level",5,3,3,1,1,2.6543478261,3.34223602484,3.9355072464
"PPM","5ebaf57d13a1670a6a579fa1","X1",1,7.607,"yellow",1,31,1,1,539,"university level",3,3,1,0,1,2.6543478261,3.34223602484,3.9355072464
"PPM","5ebaf57d13a1670a6a579fa1","X10",1,15.641,"blue",0,31,1,1,539,"university level",3,3,1,0,1,2.6543478261,3.34223602484,3.9355072464
"PPM","5ebaf57d13a1670a6a579fa1","X2",1,24.047,"blue",0,31,1,1,539,"university level",3,3,1,0,1,2.6543478261,3.34223602484,3.9355072464
"PPM","5ebaf57d13a1670a6a579fa1","X3",1,7.001,"blue",0,31,1,1,539,"university level",3,3,1,0,1,2.6543478261,3.34223602484,3.9355072464
"PPM","5ebaf57d13a1670a6a579fa1","X4",1,9.615,"blue",0,31,1,1,539,"university level",3,3,1,0,1,2.6543478261,3.34223602484,3.9355072464
"PPM","5ebaf57d13a1670a6a579fa1","X5",1,9.453,"blue",0,31,1,1,539,"university level",3,3,1,0,1,2.6543478261,3.34223602484,3.9355072464
"PPM","5ebaf57d13a1670a6a579fa1","X6",1,13.034,"yellow",1,31,1,1,539,"university level",3,3,1,0,1,2.6543478261,3.34223602484,3.9355072464
"PPM","5ebaf57d13a1670a6a579fa1","X7",1,19.443,"yellow",1,31,1,1,539,"university level",3,3,1,0,1,2.6543478261,3.34223602484,3.9355072464
"PPM","5ebaf57d13a1670a6a579fa1","X8",1,9.901,"yellow",1,31,1,1,539,"university level",3,3,1,0,1,2.6543478261,3.34223602484,3.9355072464
"PPM","5ebaf57d13a1670a6a579fa1","X9",1,7.73,"yellow",1,31,1,1,539,"university level",3,3,1,0,1,2.6543478261,3.34223602484,3.9355072464
"PPM","5e891499ecf1c05abf1ed7b4","X10",1,13.528,"blue",0,18,0,1,548,"no training",5,3,3,1,1,2.6543478261,3.34223602484,3.9355072464
"PPM","5eb30b0809b1cb0d239f7c08","X1",1,5.449,"blue",1,18,0,0,348,"no training",3,3,3,1,1,2.6543478261,3.34223602484,3.9355072464
"PPM","5eb30b0809b1cb0d239f7c08","X10",1,25.577,"blue",0,18,0,0,348,"no training",3,3,3,1,1,2.6543478261,3.34223602484,3.9355072464
"PPM","5eb30b0809b1cb0d239f7c08","X2",1,9.448,"blue",0,18,0,0,348,"no training",3,3,3,1,1,2.6543478261,3.34223602484,3.9355072464
"PPM","5eb30b0809b1cb0d239f7c08","X3",1,4.566,"blue",1,18,0,0,348,"no training",3,3,3,1,1,2.6543478261,3.34223602484,3.9355072464
"PPM","5eb30b0809b1cb0d239f7c08","X4",1,5.914,"blue",0,18,0,0,348,"no training",3,3,3,1,1,2.6543478261,3.34223602484,3.9355072464
"PPM","5eb30b0809b1cb0d239f7c08","X5",1,5.715,"blue",0,18,0,0,348,"no training",3,3,3,1,1,2.6543478261,3.34223602484,3.9355072464
"PPM","5eb30b0809b1cb0d239f7c08","X6",1,26.724,"yellow",1,18,0,0,348,"no training",3,3,3,1,1,2.6543478261,3.34223602484,3.9355072464
"PPM","5eb30b0809b1cb0d239f7c08","X7",1,12.483,"blue",0,18,0,0,348,"no training",3,3,3,1,1,2.6543478261,3.34223602484,3.9355072464
"PPM","5eb30b0809b1cb0d239f7c08","X8",0,NA,"yellow",0,18,0,0,348,"no training",3,3,3,1,1,2.6543478261,3.34223602484,3.9355072464
"PPM","5cf031f5135ea3000126aaaa","X1",1,3.329,"blue",0,22,0,1,371,"university level",5,3,3,1,1,2.6543478261,3.34223602484,3.9355072464
"PPM","5cf031f5135ea3000126aaaa","X10",1,4.544,"yellow",1,22,0,1,371,"university level",5,3,3,1,1,2.6543478261,3.34223602484,3.9355072464
"PPM","5cf031f5135ea3000126aaaa","X2",1,5.407,"blue",0,22,0,1,371,"university level",5,3,3,1,1,2.6543478261,3.34223602484,3.9355072464
"PPM","5cf031f5135ea3000126aaaa","X3",1,4.495,"yellow",1,22,0,1,371,"university level",5,3,3,1,1,2.6543478261,3.34223602484,3.9355072464
"PPM","5eab34000e24360e4f5f1682","X1",1,6.674,"blue",0,19,0,1,448,"no training",5,3,3,1,1,2.6543478261,3.34223602484,3.9355072464
"PPM","5eab34000e24360e4f5f1682","X10",1,7.299,"yellow",1,19,0,1,448,"no training",5,3,3,1,1,2.6543478261,3.34223602484,3.9355072464
"PPM","5eab34000e24360e4f5f1682","X2",1,10.238,"blue",0,19,0,1,448,"no training",5,3,3,1,1,2.6543478261,3.34223602484,3.9355072464
"PPM","5eab34000e24360e4f5f1682","X3",1,7.266,"blue",0,19,0,1,448,"no training",5,3,3,1,1,2.6543478261,3.34223602484,3.9355072464
"PPM","5eab34000e24360e4f5f1682","X4",1,6.626,"yellow",1,19,0,1,448,"no training",5,3,3,1,1,2.6543478261,3.34223602484,3.9355072464
"PPM","5eab34000e24360e4f5f1682","X5",1,6.7,"blue",0,19,0,1,448,"no training",5,3,3,1,1,2.6543478261,3.34223602484,3.9355072464
"PPM","5eab34000e24360e4f5f1682","X6",1,7.911,"yellow",1,19,0,1,448,"no training",5,3,3,1,1,2.6543478261,3.34223602484,3.9355072464
"PPM","5eab34000e24360e4f5f1682","X7",1,9.407,"yellow",1,19,0,1,448,"no training",5,3,3,1,1,2.6543478261,3.34223602484,3.9355072464
"PPM","5eab34000e24360e4f5f1682","X8",1,10.522,"blue",0,19,0,1,448,"no training",5,3,3,1,1,2.6543478261,3.34223602484,3.9355072464
"PPM","5eab34000e24360e4f5f1682","X9",1,8.208,"yellow",1,19,0,1,448,"no training",5,3,3,1,1,2.6543478261,3.34223602484,3.9355072464
"PPM","5ddddb0659b1b0d3e08cb77d","X8",1,7.301,"yellow",1,24,1,1,548,"high-school level",4,1,3,1,0,2.6543478261,3.34223602484,3.9355072464
"PPM","5ddddb0659b1b0d3e08cb77d","X9",1,6.229,"yellow",0,24,1,1,548,"high-school level",4,1,3,1,0,2.6543478261,3.34223602484,3.9355072464
"PPM","5cf130097dd762001553cbe4","X6",0,NA,"blue",1,21,0,1,333,"university level",3,3,3,1,1,2.6543478261,3.34223602484,3.9355072464
"PPM","5cf130097dd762001553cbe4","X7",0,NA,"yellow",0,21,0,1,333,"university level",3,3,3,1,1,2.6543478261,3.34223602484,3.9355072464
"PPM","5cf130097dd762001553cbe4","X8",0,NA,"yellow",0,21,0,1,333,"university level",3,3,3,1,1,2.6543478261,3.34223602484,3.9355072464
"PPM","5cf130097dd762001553cbe4","X9",0,NA,"blue",0,21,0,1,333,"university level",3,3,3,1,1,2.6543478261,3.34223602484,3.9355072464
"PPM","5eb5301f97cece03ad0e0263","X9",1,8.375,"yellow",1,20,0,0,762,"high-school level",2,3,3,1,1,2.6543478261,3.34223602484,3.9355072464
"PPM","5eb5e4d80c06144d36ab1b93","X1",0,NA,"blue",0,22,1,1,362,"university level",3,3,3,1,1,2.6543478261,3.34223602484,3.9355072464
"PPM","5eb5e4d80c06144d36ab1b93","X10",0,NA,"blue",1,22,1,1,362,"university level",3,3,3,1,1,2.6543478261,3.34223602484,3.9355072464
"PPM","5eb5e4d80c06144d36ab1b93","X2",0,NA,"blue",0,22,1,1,362,"university level",3,3,3,1,1,2.6543478261,3.34223602484,3.9355072464
"PPM","5eb5e4d80c06144d36ab1b93","X3",0,NA,"blue",0,22,1,1,362,"university level",3,3,3,1,1,2.6543478261,3.34223602484,3.9355072464
"PPM","5eb5e4d80c06144d36ab1b93","X4",1,5.778,"yellow",0,22,1,1,362,"university level",3,3,3,1,1,2.6543478261,3.34223602484,3.9355072464
"PPM","5deb1fc973f2e923afb6891e","X1",1,6.964,"blue",0,26,0,1,1388,"university level",5,3,3,1,1,2.6543478261,3.34223602484,3.9355072464
"PPM","5deb1fc973f2e923afb6891e","X10",1,11.178,"yellow",1,26,0,1,1388,"university level",5,3,3,1,1,2.6543478261,3.34223602484,3.9355072464
"PPM","5deb1fc973f2e923afb6891e","X2",1,8.611,"yellow",1,26,0,1,1388,"university level",5,3,3,1,1,2.6543478261,3.34223602484,3.9355072464
"PPM","5deb1fc973f2e923afb6891e","X3",1,7.969,"blue",0,26,0,1,1388,"university level",5,3,3,1,1,2.6543478261,3.34223602484,3.9355072464
