"PROLIFIC_PID","Duration..in.seconds.","question","threshold","week","response","clarity","response_time","age","female","UK_citizen","condition"
"556dcc18fdf99b3ec7b62dc3",72,"5","twice","week 2",1,5,5.113,36,1,1,"Flat"
"556dcc18fdf99b3ec7b62dc3",72,"6","twice","week 2",0,5,5.093,36,1,1,"Flat"
"556dcc18fdf99b3ec7b62dc3",72,"7","twice","week 2",1,5,4.7,36,1,1,"Flat"
"556dcc18fdf99b3ec7b62dc3",72,"8","twice","week 2",0,5,4.01,36,1,1,"Flat"
"556dcc18fdf99b3ec7b62dc3",72,"4","twice","week 2",0,5,5.396,36,1,1,"Flat"
"556dcc18fdf99b3ec7b62dc3",72,"1","twice","week 2",0,5,4.77,36,1,1,"Flat"
"556dcc18fdf99b3ec7b62dc3",72,"2","twice","week 2",0,5,2.398,36,1,1,"Flat"
"556dcc18fdf99b3ec7b62dc3",72,"3","twice","week 2",0,5,6.638,36,1,1,"Flat"
"55b660dffdf99b1c029069a2",211,"1","twice","week 2",0,4,3.44,48,1,1,"Flat-PastRate"
"55b660dffdf99b1c029069a2",211,"5","twice","week 2",0,4,8.524,48,1,1,"Flat-PastRate"
"55b660dffdf99b1c029069a2",211,"2","twice","week 2",0,4,6.755,48,1,1,"Flat-PastRate"
"55b660dffdf99b1c029069a2",211,"3","twice","week 2",0,4,73.208,48,1,1,"Flat-PastRate"
"55b660dffdf99b1c029069a2",211,"4","twice","week 2",0,4,4.672,48,1,1,"Flat-PastRate"
"55b660dffdf99b1c029069a2",211,"6","twice","week 2",0,4,4.267,48,1,1,"Flat-PastRate"
"55b660dffdf99b1c029069a2",211,"7","twice","week 2",1,4,7.203,48,1,1,"Flat-PastRate"
"55b660dffdf99b1c029069a2",211,"8","twice","week 2",0,4,4.509,48,1,1,"Flat-PastRate"
"55b7c926fdf99b2d22072739",135,"2","twice","week 2",1,5,4.543,24,1,1,"Flat-PastRate"
"55b7c926fdf99b2d22072739",135,"6","twice","week 2",0,5,19.626,24,1,1,"Flat-PastRate"
"55b7c926fdf99b2d22072739",135,"3","twice","week 2",1,5,4.788,24,1,1,"Flat-PastRate"
"55b7c926fdf99b2d22072739",135,"4","twice","week 2",0,5,7.296,24,1,1,"Flat-PastRate"
"55b7c926fdf99b2d22072739",135,"5","twice","week 2",1,5,6.902,24,1,1,"Flat-PastRate"
"55b7c926fdf99b2d22072739",135,"1","twice","week 2",1,5,5.593,24,1,1,"Flat-PastRate"
"55b7c926fdf99b2d22072739",135,"7","twice","week 2",0,5,10.183,24,1,1,"Flat-PastRate"
"55b7c926fdf99b2d22072739",135,"8","twice","week 2",0,5,8.886,24,1,1,"Flat-PastRate"
"56978962eaa915000b8cbc00",331,"7","twice","week 1",0,5,10.231,31,0,1,"PPM"
"56978962eaa915000b8cbc00",331,"8","twice","week 1",0,5,4.139,31,0,1,"PPM"
"56978962eaa915000b8cbc00",331,"1","twice","week 1",0,5,3.606,31,0,1,"PPM"
"56978962eaa915000b8cbc00",331,"2","twice","week 1",0,5,6.65,31,0,1,"PPM"
"56978962eaa915000b8cbc00",331,"3","twice","week 1",0,5,5.485,31,0,1,"PPM"
"56978962eaa915000b8cbc00",331,"4","twice","week 1",0,5,7.348,31,0,1,"PPM"
"56978962eaa915000b8cbc00",331,"5","twice","week 1",0,5,5.42,31,0,1,"PPM"
"56978962eaa915000b8cbc00",331,"6","twice","week 1",0,5,5.348,31,0,1,"PPM"
"56fad9e4997828000c802706",151,"1","twice","week 1",0,4,2.674,36,0,1,"Flat-PastRate"
"56fad9e4997828000c802706",151,"2","twice","week 1",0,4,6.317,36,0,1,"Flat-PastRate"
"56fad9e4997828000c802706",151,"3","twice","week 1",0,4,4.593,36,0,1,"Flat-PastRate"
"56fad9e4997828000c802706",151,"4","twice","week 1",0,4,4.678,36,0,1,"Flat-PastRate"
"56fad9e4997828000c802706",151,"8","twice","week 1",0,4,4.674,36,0,1,"Flat-PastRate"
"56fad9e4997828000c802706",151,"5","twice","week 1",0,4,8.373,36,0,1,"Flat-PastRate"
"56fad9e4997828000c802706",151,"6","twice","week 1",1,4,8.796,36,0,1,"Flat-PastRate"
"56fad9e4997828000c802706",151,"7","twice","week 1",1,4,11.409,36,0,1,"Flat-PastRate"
"575cb21f395e6f000681230d",111,"5","once","week 1",1,5,4.378,21,1,1,"Flat-PastRate"
"575cb21f395e6f000681230d",111,"6","once","week 1",0,5,3.62,21,1,1,"Flat-PastRate"
"575cb21f395e6f000681230d",111,"7","once","week 1",1,5,3.05,21,1,1,"Flat-PastRate"
"575cb21f395e6f000681230d",111,"8","once","week 1",0,5,3.484,21,1,1,"Flat-PastRate"
"575cb21f395e6f000681230d",111,"4","once","week 1",0,5,2.222,21,1,1,"Flat-PastRate"
"575cb21f395e6f000681230d",111,"1","once","week 1",0,5,3.029,21,1,1,"Flat-PastRate"
"575cb21f395e6f000681230d",111,"2","once","week 1",1,5,2.136,21,1,1,"Flat-PastRate"
"575cb21f395e6f000681230d",111,"3","once","week 1",0,5,31.762,21,1,1,"Flat-PastRate"
"57619f621ed9140006cdb5fc",169,"1","twice","week 1",0,5,3.401,53,1,1,"PPM"
"57619f621ed9140006cdb5fc",169,"5","twice","week 1",0,5,11.695,53,1,1,"PPM"
"57619f621ed9140006cdb5fc",169,"2","twice","week 1",0,5,4.915,53,1,1,"PPM"
"57619f621ed9140006cdb5fc",169,"3","twice","week 1",0,5,4.476,53,1,1,"PPM"
"57619f621ed9140006cdb5fc",169,"4","twice","week 1",0,5,11.984,53,1,1,"PPM"
"57619f621ed9140006cdb5fc",169,"6","twice","week 1",0,5,8.493,53,1,1,"PPM"
"57619f621ed9140006cdb5fc",169,"7","twice","week 1",0,5,6.253,53,1,1,"PPM"
"57619f621ed9140006cdb5fc",169,"8","twice","week 1",0,5,7.02,53,1,1,"PPM"
"57c95ec2c6c5ed00013fa343",243,"2","twice","week 2",1,4,9.518,30,1,0,"PPM"
"57c95ec2c6c5ed00013fa343",243,"6","twice","week 2",0,4,5.722,30,1,0,"PPM"
"57c95ec2c6c5ed00013fa343",243,"3","twice","week 2",0,4,11.14,30,1,0,"PPM"
"57c95ec2c6c5ed00013fa343",243,"4","twice","week 2",0,4,12.373,30,1,0,"PPM"
"57c95ec2c6c5ed00013fa343",243,"5","twice","week 2",0,4,12.007,30,1,0,"PPM"
"57c95ec2c6c5ed00013fa343",243,"1","twice","week 2",0,4,4.475,30,1,0,"PPM"
"57c95ec2c6c5ed00013fa343",243,"8","twice","week 2",0,4,14.976,30,1,0,"PPM"
"57c95ec2c6c5ed00013fa343",243,"7","twice","week 2",0,4,12.395,30,1,0,"PPM"
"58505d5b89f4a8000152bf2f",134,"8","twice","week 2",0,5,4.842,38,1,1,"Flat"
"58505d5b89f4a8000152bf2f",134,"2","twice","week 2",1,5,3.785,38,1,1,"Flat"
"58505d5b89f4a8000152bf2f",134,"7","twice","week 2",1,5,5.493,38,1,1,"Flat"
"58505d5b89f4a8000152bf2f",134,"1","twice","week 2",0,5,3.168,38,1,1,"Flat"
"58505d5b89f4a8000152bf2f",134,"6","twice","week 2",0,5,4.378,38,1,1,"Flat"
"58505d5b89f4a8000152bf2f",134,"3","twice","week 2",0,5,25.721,38,1,1,"Flat"
"58505d5b89f4a8000152bf2f",134,"4","twice","week 2",0,5,3.301,38,1,1,"Flat"
"58505d5b89f4a8000152bf2f",134,"5","twice","week 2",1,5,4.387,38,1,1,"Flat"
"587291591c35f20001955c45",154,"1","twice","week 1",0,5,5.583,40,1,0,"Flat"
"587291591c35f20001955c45",154,"2","twice","week 1",0,5,12.102,40,1,0,"Flat"
"587291591c35f20001955c45",154,"3","twice","week 1",0,5,7.539,40,1,0,"Flat"
"587291591c35f20001955c45",154,"4","twice","week 1",0,5,6.693,40,1,0,"Flat"
"587291591c35f20001955c45",154,"5","twice","week 1",0,5,6.427,40,1,0,"Flat"
"587291591c35f20001955c45",154,"6","twice","week 1",0,5,8.517,40,1,0,"Flat"
"587291591c35f20001955c45",154,"7","twice","week 1",0,5,7.56,40,1,0,"Flat"
"587291591c35f20001955c45",154,"8","twice","week 1",0,5,9.037,40,1,0,"Flat"
"58a609cbef58a9000119c473",141,"6","once","week 2",0,5,4.113,30,0,1,"Flat"
"58a609cbef58a9000119c473",141,"1","once","week 2",0,5,3.73,30,0,1,"Flat"
"58a609cbef58a9000119c473",141,"7","once","week 2",0,5,5.305,30,0,1,"Flat"
"58a609cbef58a9000119c473",141,"8","once","week 2",0,5,5.992,30,0,1,"Flat"
"58a609cbef58a9000119c473",141,"4","once","week 2",0,5,6.203,30,0,1,"Flat"
"58a609cbef58a9000119c473",141,"5","once","week 2",0,5,4.79,30,0,1,"Flat"
"58a609cbef58a9000119c473",141,"2","once","week 2",0,5,5.131,30,0,1,"Flat"
"58a609cbef58a9000119c473",141,"3","once","week 2",0,5,8.789,30,0,1,"Flat"
"58b718c7e38022000152c828",136,"1","once","week 1",0,5,4.472,27,0,0,"Flat-PastRate"
"58b718c7e38022000152c828",136,"2","once","week 1",1,5,8.608,27,0,0,"Flat-PastRate"
"58b718c7e38022000152c828",136,"6","once","week 1",0,5,7.868,27,0,0,"Flat-PastRate"
"58b718c7e38022000152c828",136,"3","once","week 1",1,5,12.194,27,0,0,"Flat-PastRate"
"58b718c7e38022000152c828",136,"4","once","week 1",0,5,7.921,27,0,0,"Flat-PastRate"
"58b718c7e38022000152c828",136,"5","once","week 1",0,5,10.834,27,0,0,"Flat-PastRate"
"58b718c7e38022000152c828",136,"7","once","week 1",1,5,16.189,27,0,0,"Flat-PastRate"
"58b718c7e38022000152c828",136,"8","once","week 1",0,5,4.452,27,0,0,"Flat-PastRate"
"58e14a980e54860001ce710a",63,"3","once","week 1",0,5,1.714,34,1,1,"Flat"
"58e14a980e54860001ce710a",63,"6","once","week 1",0,5,4.236,34,1,1,"Flat"
"58e14a980e54860001ce710a",63,"7","once","week 1",0,5,4.555,34,1,1,"Flat"
"58e14a980e54860001ce710a",63,"4","once","week 1",0,5,1.34,34,1,1,"Flat"
"58e14a980e54860001ce710a",63,"5","once","week 1",0,5,2.529,34,1,1,"Flat"
"58e14a980e54860001ce710a",63,"1","once","week 1",0,5,1.474,34,1,1,"Flat"
"58e14a980e54860001ce710a",63,"2","once","week 1",0,5,1.805,34,1,1,"Flat"
"58e14a980e54860001ce710a",63,"8","once","week 1",0,5,1.953,34,1,1,"Flat"
"590203d0fb96b90001dddae0",481,"8","once","week 2",0,5,10.189,39,0,1,"Flat-PastRate"
"590203d0fb96b90001dddae0",481,"3","once","week 2",0,5,3.479,39,0,1,"Flat-PastRate"
"590203d0fb96b90001dddae0",481,"1","once","week 2",0,5,2.249,39,0,1,"Flat-PastRate"
"590203d0fb96b90001dddae0",481,"2","once","week 2",0,5,2.568,39,0,1,"Flat-PastRate"
"590203d0fb96b90001dddae0",481,"7","once","week 2",0,5,6.811,39,0,1,"Flat-PastRate"
"590203d0fb96b90001dddae0",481,"4","once","week 2",0,5,3.315,39,0,1,"Flat-PastRate"
"590203d0fb96b90001dddae0",481,"5","once","week 2",0,5,3.474,39,0,1,"Flat-PastRate"
"590203d0fb96b90001dddae0",481,"6","once","week 2",0,5,8.996,39,0,1,"Flat-PastRate"
"592d7f5bd0003800018f3157",185,"1","once","week 1",0,5,2.609,28,1,1,"PPM"
"592d7f5bd0003800018f3157",185,"2","once","week 1",1,5,2.968,28,1,1,"PPM"
"592d7f5bd0003800018f3157",185,"3","once","week 1",0,5,22.61,28,1,1,"PPM"
"592d7f5bd0003800018f3157",185,"4","once","week 1",0,5,3.49,28,1,1,"PPM"
"592d7f5bd0003800018f3157",185,"5","once","week 1",1,5,6.603,28,1,1,"PPM"
"592d7f5bd0003800018f3157",185,"6","once","week 1",0,5,3.913,28,1,1,"PPM"
"592d7f5bd0003800018f3157",185,"7","once","week 1",1,5,3.383,28,1,1,"PPM"
"592d7f5bd0003800018f3157",185,"8","once","week 1",0,5,5.41,28,1,1,"PPM"
"594907f28fb2140001afd58d",88,"6","twice","week 1",0,5,7.891,27,0,1,"Flat-PastRate"
"594907f28fb2140001afd58d",88,"1","twice","week 1",0,5,4.229,27,0,1,"Flat-PastRate"
"594907f28fb2140001afd58d",88,"7","twice","week 1",0,5,5.01,27,0,1,"Flat-PastRate"
"594907f28fb2140001afd58d",88,"8","twice","week 1",0,5,3.976,27,0,1,"Flat-PastRate"
"594907f28fb2140001afd58d",88,"4","twice","week 1",0,5,3.52,27,0,1,"Flat-PastRate"
"594907f28fb2140001afd58d",88,"5","twice","week 1",1,5,4.342,27,0,1,"Flat-PastRate"
"594907f28fb2140001afd58d",88,"2","twice","week 1",1,5,3.106,27,0,1,"Flat-PastRate"
"594907f28fb2140001afd58d",88,"3","twice","week 1",1,5,6.194,27,0,1,"Flat-PastRate"
"596116d4d865d10001cd6485",143,"1","once","week 2",0,4,6.673,26,1,1,"PPM"
"596116d4d865d10001cd6485",143,"2","once","week 2",1,4,4.401,26,1,1,"PPM"
"596116d4d865d10001cd6485",143,"6","once","week 2",0,4,5.937,26,1,1,"PPM"
"596116d4d865d10001cd6485",143,"3","once","week 2",0,4,10.077,26,1,1,"PPM"
"596116d4d865d10001cd6485",143,"4","once","week 2",0,4,4.394,26,1,1,"PPM"
"596116d4d865d10001cd6485",143,"5","once","week 2",1,4,5.88,26,1,1,"PPM"
"596116d4d865d10001cd6485",143,"7","once","week 2",0,4,6.611,26,1,1,"PPM"
"596116d4d865d10001cd6485",143,"8","once","week 2",0,4,4.539,26,1,1,"PPM"
"596e0bc6780e5c00018522c0",132,"3","twice","week 1",0,4,6.529,30,1,1,"PPM"
"596e0bc6780e5c00018522c0",132,"6","twice","week 1",0,4,4.238,30,1,1,"PPM"
"596e0bc6780e5c00018522c0",132,"7","twice","week 1",1,4,4.143,30,1,1,"PPM"
"596e0bc6780e5c00018522c0",132,"4","twice","week 1",0,4,4.444,30,1,1,"PPM"
"596e0bc6780e5c00018522c0",132,"5","twice","week 1",1,4,6.529,30,1,1,"PPM"
"596e0bc6780e5c00018522c0",132,"1","twice","week 1",0,4,10.187,30,1,1,"PPM"
"596e0bc6780e5c00018522c0",132,"2","twice","week 1",1,4,3.217,30,1,1,"PPM"
"596e0bc6780e5c00018522c0",132,"8","twice","week 1",0,4,5.027,30,1,1,"PPM"
"598b4594474b9200017e0a77",187,"8","once","week 2",0,5,4.557,33,1,1,"PPM"
"598b4594474b9200017e0a77",187,"3","once","week 2",0,5,8.343,33,1,1,"PPM"
"598b4594474b9200017e0a77",187,"1","once","week 2",1,5,10.237,33,1,1,"PPM"
"598b4594474b9200017e0a77",187,"2","once","week 2",1,5,6.246,33,1,1,"PPM"
"598b4594474b9200017e0a77",187,"7","once","week 2",1,5,7.263,33,1,1,"PPM"
"598b4594474b9200017e0a77",187,"4","once","week 2",0,5,4.722,33,1,1,"PPM"
"598b4594474b9200017e0a77",187,"5","once","week 2",1,5,18.149,33,1,1,"PPM"
"598b4594474b9200017e0a77",187,"6","once","week 2",0,5,7.837,33,1,1,"PPM"
"599973b4336b6b000159e62d",346,"1","twice","week 1",0,5,1.555,23,0,1,"Flat"
"599973b4336b6b000159e62d",346,"2","twice","week 1",1,5,2.761,23,0,1,"Flat"
"599973b4336b6b000159e62d",346,"3","twice","week 1",0,5,287.396,23,0,1,"Flat"
"599973b4336b6b000159e62d",346,"4","twice","week 1",0,5,1.635,23,0,1,"Flat"
"599973b4336b6b000159e62d",346,"5","twice","week 1",0,5,4.912,23,0,1,"Flat"
"599973b4336b6b000159e62d",346,"6","twice","week 1",0,5,2.669,23,0,1,"Flat"
"599973b4336b6b000159e62d",346,"7","twice","week 1",0,5,3.452,23,0,1,"Flat"
"599973b4336b6b000159e62d",346,"8","twice","week 1",0,5,1.942,23,0,1,"Flat"
"59e91d78d4ab970001389c67",156,"6","twice","week 2",0,5,6.417,66,0,1,"Flat-PastRate"
"59e91d78d4ab970001389c67",156,"1","twice","week 2",0,5,3.262,66,0,1,"Flat-PastRate"
"59e91d78d4ab970001389c67",156,"7","twice","week 2",0,5,10.714,66,0,1,"Flat-PastRate"
"59e91d78d4ab970001389c67",156,"8","twice","week 2",0,5,5.29,66,0,1,"Flat-PastRate"
"59e91d78d4ab970001389c67",156,"4","twice","week 2",0,5,6.809,66,0,1,"Flat-PastRate"
"59e91d78d4ab970001389c67",156,"5","twice","week 2",0,5,5.482,66,0,1,"Flat-PastRate"
"59e91d78d4ab970001389c67",156,"2","twice","week 2",1,5,4.894,66,0,1,"Flat-PastRate"
"59e91d78d4ab970001389c67",156,"3","twice","week 2",0,5,4.15,66,0,1,"Flat-PastRate"
"5a37e2880006450001bf23ea",173,"1","once","week 2",0,5,5.076,28,0,1,"Flat-PastRate"
"5a37e2880006450001bf23ea",173,"2","once","week 2",1,5,7.095,28,0,1,"Flat-PastRate"
"5a37e2880006450001bf23ea",173,"6","once","week 2",0,5,12.401,28,0,1,"Flat-PastRate"
"5a37e2880006450001bf23ea",173,"3","once","week 2",0,5,6.442,28,0,1,"Flat-PastRate"
"5a37e2880006450001bf23ea",173,"4","once","week 2",1,5,8.618,28,0,1,"Flat-PastRate"
"5a37e2880006450001bf23ea",173,"5","once","week 2",1,5,14.173,28,0,1,"Flat-PastRate"
"5a37e2880006450001bf23ea",173,"7","once","week 2",0,5,6.245,28,0,1,"Flat-PastRate"
"5a37e2880006450001bf23ea",173,"8","once","week 2",0,5,4.801,28,0,1,"Flat-PastRate"
"5a8708e8000dab00018cac2c",126,"3","twice","week 1",0,5,9.402,20,0,1,"Flat-PastRate"
"5a8708e8000dab00018cac2c",126,"6","twice","week 1",0,5,6.7,20,0,1,"Flat-PastRate"
"5a8708e8000dab00018cac2c",126,"7","twice","week 1",1,5,8.505,20,0,1,"Flat-PastRate"
"5a8708e8000dab00018cac2c",126,"4","twice","week 1",0,5,11.384,20,0,1,"Flat-PastRate"
"5a8708e8000dab00018cac2c",126,"5","twice","week 1",0,5,11.409,20,0,1,"Flat-PastRate"
"5a8708e8000dab00018cac2c",126,"1","twice","week 1",0,5,4.285,20,0,1,"Flat-PastRate"
"5a8708e8000dab00018cac2c",126,"2","twice","week 1",1,5,9.529,20,0,1,"Flat-PastRate"
"5a8708e8000dab00018cac2c",126,"8","twice","week 1",0,5,7.023,20,0,1,"Flat-PastRate"
"5a8c508bf1408d000176bb58",304,"8","once","week 2",0,5,9.209,25,1,1,"PPM"
"5a8c508bf1408d000176bb58",304,"7","once","week 2",1,5,5.149,25,1,1,"PPM"
"5a8c508bf1408d000176bb58",304,"3","once","week 2",0,5,8.068,25,1,1,"PPM"
"5a8c508bf1408d000176bb58",304,"1","once","week 2",0,5,4.289,25,1,1,"PPM"
"5a8c508bf1408d000176bb58",304,"2","once","week 2",1,5,5.859,25,1,1,"PPM"
"5a8c508bf1408d000176bb58",304,"4","once","week 2",0,5,37.004,25,1,1,"PPM"
"5a8c508bf1408d000176bb58",304,"5","once","week 2",0,5,8.689,25,1,1,"PPM"
"5a8c508bf1408d000176bb58",304,"6","once","week 2",0,5,17.244,25,1,1,"PPM"
"5aa926bdf053610001411bf8",241,"2","once","week 2",1,4,2.328,27,1,1,"PPM"
"5aa926bdf053610001411bf8",241,"6","once","week 2",0,4,1.897,27,1,1,"PPM"
"5aa926bdf053610001411bf8",241,"3","once","week 2",0,4,2.141,27,1,1,"PPM"
"5aa926bdf053610001411bf8",241,"4","once","week 2",0,4,2.442,27,1,1,"PPM"
"5aa926bdf053610001411bf8",241,"5","once","week 2",1,4,3.41,27,1,1,"PPM"
"5aa926bdf053610001411bf8",241,"1","once","week 2",0,4,1.819,27,1,1,"PPM"
"5aa926bdf053610001411bf8",241,"7","once","week 2",1,4,2.912,27,1,1,"PPM"
"5aa926bdf053610001411bf8",241,"8","once","week 2",0,4,4.654,27,1,1,"PPM"
"5ab786890527ba0001c18177",104,"7","once","week 2",0,4,6.795,32,0,1,"Flat"
"5ab786890527ba0001c18177",104,"1","once","week 2",0,4,2.504,32,0,1,"Flat"
"5ab786890527ba0001c18177",104,"2","once","week 2",0,4,4.867,32,0,1,"Flat"
"5ab786890527ba0001c18177",104,"8","once","week 2",0,4,3.567,32,0,1,"Flat"
"5ab786890527ba0001c18177",104,"4","once","week 2",0,4,3.048,32,0,1,"Flat"
"5ab786890527ba0001c18177",104,"5","once","week 2",0,4,6.419,32,0,1,"Flat"
"5ab786890527ba0001c18177",104,"6","once","week 2",0,4,3.124,32,0,1,"Flat"
"5ab786890527ba0001c18177",104,"3","once","week 2",0,4,7.016,32,0,1,"Flat"
"5acb466be1099600016ac61d",292,"1","once","week 1",1,5,5.442,27,1,1,"PPM"
"5acb466be1099600016ac61d",292,"2","once","week 1",0,5,9.892,27,1,1,"PPM"
"5acb466be1099600016ac61d",292,"3","once","week 1",0,5,8.951,27,1,1,"PPM"
"5acb466be1099600016ac61d",292,"7","once","week 1",1,5,7.219,27,1,1,"PPM"
"5acb466be1099600016ac61d",292,"4","once","week 1",0,5,4.606,27,1,1,"PPM"
"5acb466be1099600016ac61d",292,"5","once","week 1",1,5,6.279,27,1,1,"PPM"
"5acb466be1099600016ac61d",292,"6","once","week 1",0,5,5.195,27,1,1,"PPM"
"5acb466be1099600016ac61d",292,"8","once","week 1",0,5,8.456,27,1,1,"PPM"
"5acbd2ea436f550001002904",78,"4","twice","week 2",0,5,3.326,21,0,1,"PPM"
"5acbd2ea436f550001002904",78,"6","twice","week 2",0,5,2.964,21,0,1,"PPM"
"5acbd2ea436f550001002904",78,"7","twice","week 2",0,5,1.518,21,0,1,"PPM"
"5acbd2ea436f550001002904",78,"8","twice","week 2",0,5,3.918,21,0,1,"PPM"
"5acbd2ea436f550001002904",78,"5","twice","week 2",0,5,1.527,21,0,1,"PPM"
"5acbd2ea436f550001002904",78,"1","twice","week 2",0,5,2.75,21,0,1,"PPM"
"5acbd2ea436f550001002904",78,"2","twice","week 2",0,5,1.58,21,0,1,"PPM"
"5acbd2ea436f550001002904",78,"3","twice","week 2",0,5,4.728,21,0,1,"PPM"
"5ad4923820bce50001271005",70,"8","once","week 1",0,5,2.152,21,0,0,"Flat-PastRate"
"5ad4923820bce50001271005",70,"4","once","week 1",0,5,5.407,21,0,0,"Flat-PastRate"
"5ad4923820bce50001271005",70,"1","once","week 1",0,5,1.337,21,0,0,"Flat-PastRate"
"5ad4923820bce50001271005",70,"2","once","week 1",1,5,2.652,21,0,0,"Flat-PastRate"
"5ad4923820bce50001271005",70,"3","once","week 1",0,5,2.348,21,0,0,"Flat-PastRate"
"5ad4923820bce50001271005",70,"5","once","week 1",1,5,4.133,21,0,0,"Flat-PastRate"
"5ad4923820bce50001271005",70,"6","once","week 1",0,5,2.823,21,0,0,"Flat-PastRate"
"5ad4923820bce50001271005",70,"7","once","week 1",1,5,2.323,21,0,0,"Flat-PastRate"
"5ad59462045cb000015c9960",122,"2","twice","week 1",0,4,11.217,30,1,1,"PPM"
"5ad59462045cb000015c9960",122,"6","twice","week 1",0,4,2.541,30,1,1,"PPM"
"5ad59462045cb000015c9960",122,"3","twice","week 1",0,4,3.387,30,1,1,"PPM"
"5ad59462045cb000015c9960",122,"4","twice","week 1",0,4,2.844,30,1,1,"PPM"
"5ad59462045cb000015c9960",122,"5","twice","week 1",0,4,8.97,30,1,1,"PPM"
"5ad59462045cb000015c9960",122,"1","twice","week 1",0,4,6.376,30,1,1,"PPM"
"5ad59462045cb000015c9960",122,"7","twice","week 1",1,4,6.174,30,1,1,"PPM"
"5ad59462045cb000015c9960",122,"8","twice","week 1",0,4,4.277,30,1,1,"PPM"
"5adde94be2ceee00010fcb4d",108,"7","twice","week 1",1,4,5.97,21,1,1,"PPM"
"5adde94be2ceee00010fcb4d",108,"1","twice","week 1",0,4,4.576,21,1,1,"PPM"
"5adde94be2ceee00010fcb4d",108,"2","twice","week 1",1,4,10.944,21,1,1,"PPM"
"5adde94be2ceee00010fcb4d",108,"8","twice","week 1",0,4,3.761,21,1,1,"PPM"
"5adde94be2ceee00010fcb4d",108,"4","twice","week 1",0,4,4.144,21,1,1,"PPM"
"5adde94be2ceee00010fcb4d",108,"5","twice","week 1",0,4,7.303,21,1,1,"PPM"
"5adde94be2ceee00010fcb4d",108,"6","twice","week 1",0,4,8.899,21,1,1,"PPM"
"5adde94be2ceee00010fcb4d",108,"3","twice","week 1",0,4,6.512,21,1,1,"PPM"
"5adf629ddee8590001b05f7b",240,"1","once","week 2",0,5,16.154,30,1,0,"PPM"
"5adf629ddee8590001b05f7b",240,"2","once","week 2",1,5,9.398,30,1,0,"PPM"
"5adf629ddee8590001b05f7b",240,"3","once","week 2",1,5,11.079,30,1,0,"PPM"
"5adf629ddee8590001b05f7b",240,"7","once","week 2",0,5,8.42,30,1,0,"PPM"
"5adf629ddee8590001b05f7b",240,"4","once","week 2",0,5,19.405,30,1,0,"PPM"
"5adf629ddee8590001b05f7b",240,"5","once","week 2",1,5,8.41,30,1,0,"PPM"
"5adf629ddee8590001b05f7b",240,"6","once","week 2",0,5,7.669,30,1,0,"PPM"
"5adf629ddee8590001b05f7b",240,"8","once","week 2",0,5,7.355,30,1,0,"PPM"
"5aeb667c781c260001e542a9",123,"4","twice","week 1",0,4,4.525,29,1,1,"Flat"
"5aeb667c781c260001e542a9",123,"6","twice","week 1",0,4,4.404,29,1,1,"Flat"
"5aeb667c781c260001e542a9",123,"7","twice","week 1",0,4,6.738,29,1,1,"Flat"
"5aeb667c781c260001e542a9",123,"8","twice","week 1",0,4,12.192,29,1,1,"Flat"
"5aeb667c781c260001e542a9",123,"5","twice","week 1",1,4,5.884,29,1,1,"Flat"
"5aeb667c781c260001e542a9",123,"1","twice","week 1",0,4,5.578,29,1,1,"Flat"
"5aeb667c781c260001e542a9",123,"2","twice","week 1",1,4,10.215,29,1,1,"Flat"
"5aeb667c781c260001e542a9",123,"3","twice","week 1",0,4,6.791,29,1,1,"Flat"
"5aff33bae55f90000139f664",177,"8","twice","week 1",0,5,6.381,33,0,0,"Flat-PastRate"
"5aff33bae55f90000139f664",177,"4","twice","week 1",1,5,6.373,33,0,0,"Flat-PastRate"
"5aff33bae55f90000139f664",177,"1","twice","week 1",1,5,9.475,33,0,0,"Flat-PastRate"
"5aff33bae55f90000139f664",177,"2","twice","week 1",1,5,5.934,33,0,0,"Flat-PastRate"
"5aff33bae55f90000139f664",177,"3","twice","week 1",0,5,7.921,33,0,0,"Flat-PastRate"
"5aff33bae55f90000139f664",177,"5","twice","week 1",0,5,18.391,33,0,0,"Flat-PastRate"
"5aff33bae55f90000139f664",177,"6","twice","week 1",1,5,15.547,33,0,0,"Flat-PastRate"
"5aff33bae55f90000139f664",177,"7","twice","week 1",0,5,7.042,33,0,0,"Flat-PastRate"
"5b09360c2971540001e3e248",122,"2","twice","week 2",0,5,4.687,41,0,0,"Flat"
"5b09360c2971540001e3e248",122,"6","twice","week 2",0,5,6.737,41,0,0,"Flat"
"5b09360c2971540001e3e248",122,"3","twice","week 2",0,5,6.327,41,0,0,"Flat"
"5b09360c2971540001e3e248",122,"4","twice","week 2",0,5,6.253,41,0,0,"Flat"
"5b09360c2971540001e3e248",122,"5","twice","week 2",0,5,6.868,41,0,0,"Flat"
"5b09360c2971540001e3e248",122,"1","twice","week 2",0,5,7.663,41,0,0,"Flat"
"5b09360c2971540001e3e248",122,"7","twice","week 2",0,5,6.8,41,0,0,"Flat"
"5b09360c2971540001e3e248",122,"8","twice","week 2",0,5,5.879,41,0,0,"Flat"
"5b166e64dbae3e00017e5ddb",106,"7","once","week 2",1,5,7.586,32,1,1,"Flat-PastRate"
"5b166e64dbae3e00017e5ddb",106,"1","once","week 2",0,5,4.311,32,1,1,"Flat-PastRate"
"5b166e64dbae3e00017e5ddb",106,"2","once","week 2",1,5,4.855,32,1,1,"Flat-PastRate"
"5b166e64dbae3e00017e5ddb",106,"8","once","week 2",0,5,6.098,32,1,1,"Flat-PastRate"
"5b166e64dbae3e00017e5ddb",106,"4","once","week 2",0,5,6.495,32,1,1,"Flat-PastRate"
"5b166e64dbae3e00017e5ddb",106,"5","once","week 2",1,5,5.106,32,1,1,"Flat-PastRate"
"5b166e64dbae3e00017e5ddb",106,"6","once","week 2",0,5,6.18,32,1,1,"Flat-PastRate"
"5b166e64dbae3e00017e5ddb",106,"3","once","week 2",0,5,5.576,32,1,1,"Flat-PastRate"
"5b2277bb60c40e000103a9fe",493,"1","once","week 1",0,4,10.951,20,0,1,"PPM"
"5b2277bb60c40e000103a9fe",493,"2","once","week 1",1,4,12.729,20,0,1,"PPM"
"5b2277bb60c40e000103a9fe",493,"3","once","week 1",1,4,14.148,20,0,1,"PPM"
"5b2277bb60c40e000103a9fe",493,"7","once","week 1",1,4,10.24,20,0,1,"PPM"
"5b2277bb60c40e000103a9fe",493,"4","once","week 1",1,4,52.606,20,0,1,"PPM"
"5b2277bb60c40e000103a9fe",493,"5","once","week 1",1,4,12.91,20,0,1,"PPM"
"5b2277bb60c40e000103a9fe",493,"6","once","week 1",0,4,26.822,20,0,1,"PPM"
"5b2277bb60c40e000103a9fe",493,"8","once","week 1",0,4,14.673,20,0,1,"PPM"
"5b27a2477f78160001464118",201,"4","once","week 2",0,4,4.529,37,0,1,"PPM"
"5b27a2477f78160001464118",201,"6","once","week 2",0,4,7.343,37,0,1,"PPM"
"5b27a2477f78160001464118",201,"7","once","week 2",0,4,23.245,37,0,1,"PPM"
"5b27a2477f78160001464118",201,"8","once","week 2",0,4,8.057,37,0,1,"PPM"
"5b27a2477f78160001464118",201,"5","once","week 2",1,4,4.589,37,0,1,"PPM"
"5b27a2477f78160001464118",201,"1","once","week 2",0,4,4.787,37,0,1,"PPM"
"5b27a2477f78160001464118",201,"2","once","week 2",1,4,9.191,37,0,1,"PPM"
"5b27a2477f78160001464118",201,"3","once","week 2",1,4,8.32,37,0,1,"PPM"
"5b4b1ef3b8b20a00015a33a2",130,"1","twice","week 2",0,5,3.04,20,1,1,"Flat-PastRate"
"5b4b1ef3b8b20a00015a33a2",130,"2","twice","week 2",1,5,4.84,20,1,1,"Flat-PastRate"
"5b4b1ef3b8b20a00015a33a2",130,"3","twice","week 2",0,5,4.028,20,1,1,"Flat-PastRate"
"5b4b1ef3b8b20a00015a33a2",130,"4","twice","week 2",0,5,4.579,20,1,1,"Flat-PastRate"
"5b4b1ef3b8b20a00015a33a2",130,"5","twice","week 2",1,5,4.811,20,1,1,"Flat-PastRate"
"5b4b1ef3b8b20a00015a33a2",130,"6","twice","week 2",0,5,6.025,20,1,1,"Flat-PastRate"
"5b4b1ef3b8b20a00015a33a2",130,"7","twice","week 2",0,5,7.623,20,1,1,"Flat-PastRate"
"5b4b1ef3b8b20a00015a33a2",130,"8","twice","week 2",0,5,4.339,20,1,1,"Flat-PastRate"
"5b61fa06fc736700010454aa",117,"1","once","week 1",0,5,2.097,21,1,1,"PPM"
"5b61fa06fc736700010454aa",117,"2","once","week 1",0,5,2.707,21,1,1,"PPM"
"5b61fa06fc736700010454aa",117,"3","once","week 1",0,5,4.112,21,1,1,"PPM"
"5b61fa06fc736700010454aa",117,"4","once","week 1",0,5,3.62,21,1,1,"PPM"
"5b61fa06fc736700010454aa",117,"5","once","week 1",1,5,6.151,21,1,1,"PPM"
"5b61fa06fc736700010454aa",117,"6","once","week 1",1,5,3.212,21,1,1,"PPM"
"5b61fa06fc736700010454aa",117,"7","once","week 1",1,5,3.76,21,1,1,"PPM"
"5b61fa06fc736700010454aa",117,"8","once","week 1",0,5,3.628,21,1,1,"PPM"
"5b6c992652abef00011e6497",109,"1","twice","week 1",0,5,3.358,24,1,1,"Flat"
"5b6c992652abef00011e6497",109,"2","twice","week 1",0,5,7.168,24,1,1,"Flat"
"5b6c992652abef00011e6497",109,"3","twice","week 1",0,5,5.46,24,1,1,"Flat"
"5b6c992652abef00011e6497",109,"4","twice","week 1",0,5,4.859,24,1,1,"Flat"
"5b6c992652abef00011e6497",109,"5","twice","week 1",0,5,11.61,24,1,1,"Flat"
"5b6c992652abef00011e6497",109,"6","twice","week 1",0,5,6.151,24,1,1,"Flat"
"5b6c992652abef00011e6497",109,"7","twice","week 1",0,5,5.399,24,1,1,"Flat"
"5b6c992652abef00011e6497",109,"8","twice","week 1",0,5,4.169,24,1,1,"Flat"
"5b7b3518b0ef5b0001ba7a74",272,"1","twice","week 1",0,5,8.329,37,1,1,"PPM"
"5b7b3518b0ef5b0001ba7a74",272,"2","twice","week 1",0,5,11.706,37,1,1,"PPM"
"5b7b3518b0ef5b0001ba7a74",272,"3","twice","week 1",0,5,10.27,37,1,1,"PPM"
"5b7b3518b0ef5b0001ba7a74",272,"4","twice","week 1",0,5,8.441,37,1,1,"PPM"
"5b7b3518b0ef5b0001ba7a74",272,"5","twice","week 1",0,5,21.031,37,1,1,"PPM"
"5b7b3518b0ef5b0001ba7a74",272,"6","twice","week 1",1,5,10.166,37,1,1,"PPM"
"5b7b3518b0ef5b0001ba7a74",272,"7","twice","week 1",0,5,9.083,37,1,1,"PPM"
"5b7b3518b0ef5b0001ba7a74",272,"8","twice","week 1",0,5,11.347,37,1,1,"PPM"
"5b8aef321a9fb60001e630c3",262,"1","once","week 2",0,5,5.544,31,0,0,"PPM"
"5b8aef321a9fb60001e630c3",262,"2","once","week 2",1,5,14.013,31,0,0,"PPM"
"5b8aef321a9fb60001e630c3",262,"3","once","week 2",0,5,10.105,31,0,0,"PPM"
"5b8aef321a9fb60001e630c3",262,"4","once","week 2",0,5,5.201,31,0,0,"PPM"
"5b8aef321a9fb60001e630c3",262,"5","once","week 2",1,5,10.829,31,0,0,"PPM"
"5b8aef321a9fb60001e630c3",262,"6","once","week 2",0,5,35.514,31,0,0,"PPM"
"5b8aef321a9fb60001e630c3",262,"7","once","week 2",1,5,24.372,31,0,0,"PPM"
"5b8aef321a9fb60001e630c3",262,"8","once","week 2",0,5,4.675,31,0,0,"PPM"
"5b8bbd437073290001839123",185,"1","once","week 2",0,4,4.708,20,1,1,"PPM"
"5b8bbd437073290001839123",185,"2","once","week 2",1,4,4.426,20,1,1,"PPM"
"5b8bbd437073290001839123",185,"3","once","week 2",0,4,4.791,20,1,1,"PPM"
"5b8bbd437073290001839123",185,"4","once","week 2",0,4,8.797,20,1,1,"PPM"
"5b8bbd437073290001839123",185,"5","once","week 2",1,4,10.954,20,1,1,"PPM"
"5b8bbd437073290001839123",185,"6","once","week 2",0,4,5.457,20,1,1,"PPM"
"5b8bbd437073290001839123",185,"7","once","week 2",1,4,7.299,20,1,1,"PPM"
"5b8bbd437073290001839123",185,"8","once","week 2",0,4,3.987,20,1,1,"PPM"
"5bb71a9a2638cf00015aeb0c",184,"1","once","week 1",0,5,5.262,20,0,0,"Flat"
"5bb71a9a2638cf00015aeb0c",184,"2","once","week 1",1,5,25.474,20,0,0,"Flat"
"5bb71a9a2638cf00015aeb0c",184,"3","once","week 1",0,5,5.04,20,0,0,"Flat"
"5bb71a9a2638cf00015aeb0c",184,"4","once","week 1",0,5,8.275,20,0,0,"Flat"
"5bb71a9a2638cf00015aeb0c",184,"5","once","week 1",0,5,4.915,20,0,0,"Flat"
"5bb71a9a2638cf00015aeb0c",184,"6","once","week 1",0,5,7.455,20,0,0,"Flat"
"5bb71a9a2638cf00015aeb0c",184,"7","once","week 1",1,5,17.702,20,0,0,"Flat"
"5bb71a9a2638cf00015aeb0c",184,"8","once","week 1",0,5,6.98,20,0,0,"Flat"
"5bc6e2b996332b00018fcfce",129,"1","once","week 1",0,5,10.489,30,0,0,"Flat"
"5bc6e2b996332b00018fcfce",129,"2","once","week 1",0,5,8.784,30,0,0,"Flat"
"5bc6e2b996332b00018fcfce",129,"3","once","week 1",0,5,8.604,30,0,0,"Flat"
"5bc6e2b996332b00018fcfce",129,"4","once","week 1",0,5,7.266,30,0,0,"Flat"
"5bc6e2b996332b00018fcfce",129,"5","once","week 1",0,5,5.235,30,0,0,"Flat"
"5bc6e2b996332b00018fcfce",129,"6","once","week 1",1,5,6.282,30,0,0,"Flat"
"5bc6e2b996332b00018fcfce",129,"7","once","week 1",0,5,7.756,30,0,0,"Flat"
"5bc6e2b996332b00018fcfce",129,"8","once","week 1",0,5,6.016,30,0,0,"Flat"
"5bc88ebb210b02000116913a",209,"1","twice","week 1",0,4,6.951,24,1,0,"PPM"
"5bc88ebb210b02000116913a",209,"2","twice","week 1",0,4,9.323,24,1,0,"PPM"
"5bc88ebb210b02000116913a",209,"3","twice","week 1",0,4,12.71,24,1,0,"PPM"
"5bc88ebb210b02000116913a",209,"4","twice","week 1",0,4,9.839,24,1,0,"PPM"
"5bc88ebb210b02000116913a",209,"5","twice","week 1",1,4,7.62,24,1,0,"PPM"
"5bc88ebb210b02000116913a",209,"6","twice","week 1",0,4,6.251,24,1,0,"PPM"
"5bc88ebb210b02000116913a",209,"7","twice","week 1",1,4,9.869,24,1,0,"PPM"
"5bc88ebb210b02000116913a",209,"8","twice","week 1",0,4,4.678,24,1,0,"PPM"
"5bd7261275e58200018b020c",152,"1","twice","week 1",0,5,4.864,20,1,1,"Flat-PastRate"
"5bd7261275e58200018b020c",152,"2","twice","week 1",1,5,12.562,20,1,1,"Flat-PastRate"
"5bd7261275e58200018b020c",152,"3","twice","week 1",0,5,5.353,20,1,1,"Flat-PastRate"
"5bd7261275e58200018b020c",152,"4","twice","week 1",0,5,4.369,20,1,1,"Flat-PastRate"
"5bd7261275e58200018b020c",152,"5","twice","week 1",1,5,5.615,20,1,1,"Flat-PastRate"
"5bd7261275e58200018b020c",152,"6","twice","week 1",0,5,7.972,20,1,1,"Flat-PastRate"
"5bd7261275e58200018b020c",152,"7","twice","week 1",0,5,15.449,20,1,1,"Flat-PastRate"
"5bd7261275e58200018b020c",152,"8","twice","week 1",0,5,4.222,20,1,1,"Flat-PastRate"
"5bf3ac9ad382df0001b99c3a",161,"1","once","week 1",1,5,7.337,34,0,1,"PPM"
"5bf3ac9ad382df0001b99c3a",161,"2","once","week 1",1,5,5.667,34,0,1,"PPM"
"5bf3ac9ad382df0001b99c3a",161,"3","once","week 1",0,5,8.872,34,0,1,"PPM"
"5bf3ac9ad382df0001b99c3a",161,"4","once","week 1",1,5,6.67,34,0,1,"PPM"
"5bf3ac9ad382df0001b99c3a",161,"5","once","week 1",0,5,6.091,34,0,1,"PPM"
"5bf3ac9ad382df0001b99c3a",161,"6","once","week 1",1,5,11.388,34,0,1,"PPM"
"5bf3ac9ad382df0001b99c3a",161,"7","once","week 1",1,5,6.2,34,0,1,"PPM"
"5bf3ac9ad382df0001b99c3a",161,"8","once","week 1",0,5,5.576,34,0,1,"PPM"
"5bf542ca43a7d80001652b64",148,"1","twice","week 1",0,4,3.772,40,0,1,"PPM"
"5bf542ca43a7d80001652b64",148,"2","twice","week 1",0,4,7.402,40,0,1,"PPM"
"5bf542ca43a7d80001652b64",148,"3","twice","week 1",0,4,4.055,40,0,1,"PPM"
"5bf542ca43a7d80001652b64",148,"4","twice","week 1",0,4,3.613,40,0,1,"PPM"
"5bf542ca43a7d80001652b64",148,"5","twice","week 1",0,4,22.261,40,0,1,"PPM"
"5bf542ca43a7d80001652b64",148,"6","twice","week 1",0,4,3.358,40,0,1,"PPM"
"5bf542ca43a7d80001652b64",148,"7","twice","week 1",1,4,16.511,40,0,1,"PPM"
"5bf542ca43a7d80001652b64",148,"8","twice","week 1",0,4,3.647,40,0,1,"PPM"
"5bfa9b293db90d0001f52ddb",115,"1","twice","week 2",0,5,3.634,35,1,0,"Flat-PastRate"
"5bfa9b293db90d0001f52ddb",115,"2","twice","week 2",1,5,4.232,35,1,0,"Flat-PastRate"
"5bfa9b293db90d0001f52ddb",115,"3","twice","week 2",0,5,4.687,35,1,0,"Flat-PastRate"
"5bfa9b293db90d0001f52ddb",115,"4","twice","week 2",0,5,6.172,35,1,0,"Flat-PastRate"
"5bfa9b293db90d0001f52ddb",115,"5","twice","week 2",0,5,8.601,35,1,0,"Flat-PastRate"
"5bfa9b293db90d0001f52ddb",115,"6","twice","week 2",0,5,8.428,35,1,0,"Flat-PastRate"
"5bfa9b293db90d0001f52ddb",115,"7","twice","week 2",1,5,8.945,35,1,0,"Flat-PastRate"
"5bfa9b293db90d0001f52ddb",115,"8","twice","week 2",0,5,6.706,35,1,0,"Flat-PastRate"
"5bfc998d6e6cd80001be4d5d",164,"1","twice","week 2",0,4,3.969,21,0,1,"Flat-PastRate"
"5bfc998d6e6cd80001be4d5d",164,"2","twice","week 2",1,4,7.18,21,0,1,"Flat-PastRate"
"5bfc998d6e6cd80001be4d5d",164,"3","twice","week 2",1,4,4.325,21,0,1,"Flat-PastRate"
"5bfc998d6e6cd80001be4d5d",164,"4","twice","week 2",0,4,13.713,21,0,1,"Flat-PastRate"
"5bfc998d6e6cd80001be4d5d",164,"5","twice","week 2",1,4,11.746,21,0,1,"Flat-PastRate"
"5bfc998d6e6cd80001be4d5d",164,"6","twice","week 2",0,4,6.241,21,0,1,"Flat-PastRate"
"5bfc998d6e6cd80001be4d5d",164,"7","twice","week 2",1,4,12.556,21,0,1,"Flat-PastRate"
"5bfc998d6e6cd80001be4d5d",164,"8","twice","week 2",0,4,5.873,21,0,1,"Flat-PastRate"
"5bfd6bb2f685500001723141",239,"1","once","week 1",0,4,5.484,21,1,1,"PPM"
"5bfd6bb2f685500001723141",239,"2","once","week 1",1,4,13.301,21,1,1,"PPM"
"5bfd6bb2f685500001723141",239,"3","once","week 1",1,4,8.554,21,1,1,"PPM"
"5bfd6bb2f685500001723141",239,"4","once","week 1",0,4,40.198,21,1,1,"PPM"
"5bfd6bb2f685500001723141",239,"5","once","week 1",1,4,8.758,21,1,1,"PPM"
"5bfd6bb2f685500001723141",239,"6","once","week 1",0,4,5.172,21,1,1,"PPM"
"5bfd6bb2f685500001723141",239,"7","once","week 1",1,4,6.954,21,1,1,"PPM"
"5bfd6bb2f685500001723141",239,"8","once","week 1",0,4,4.946,21,1,1,"PPM"
"5bfefb17e470190001ab7d06",81,"1","once","week 1",0,5,6.196,25,1,1,"Flat-PastRate"
"5bfefb17e470190001ab7d06",81,"2","once","week 1",1,5,21.332,25,1,1,"Flat-PastRate"
"5bfefb17e470190001ab7d06",81,"3","once","week 1",1,5,2.701,25,1,1,"Flat-PastRate"
"5bfefb17e470190001ab7d06",81,"4","once","week 1",0,5,2.277,25,1,1,"Flat-PastRate"
"5bfefb17e470190001ab7d06",81,"5","once","week 1",1,5,2.695,25,1,1,"Flat-PastRate"
"5bfefb17e470190001ab7d06",81,"6","once","week 1",0,5,2.609,25,1,1,"Flat-PastRate"
"5bfefb17e470190001ab7d06",81,"7","once","week 1",1,5,8.505,25,1,1,"Flat-PastRate"
"5bfefb17e470190001ab7d06",81,"8","once","week 1",0,5,4.236,25,1,1,"Flat-PastRate"
"5c05c339b3ea3800017ae156",109,"1","twice","week 1",1,5,1.83,23,0,1,"Flat-PastRate"
"5c05c339b3ea3800017ae156",109,"2","twice","week 1",1,5,2.219,23,0,1,"Flat-PastRate"
"5c05c339b3ea3800017ae156",109,"3","twice","week 1",1,5,1.774,23,0,1,"Flat-PastRate"
"5c05c339b3ea3800017ae156",109,"4","twice","week 1",0,5,2.122,23,0,1,"Flat-PastRate"
"5c05c339b3ea3800017ae156",109,"5","twice","week 1",1,5,4.168,23,0,1,"Flat-PastRate"
"5c05c339b3ea3800017ae156",109,"6","twice","week 1",0,5,2.254,23,0,1,"Flat-PastRate"
"5c05c339b3ea3800017ae156",109,"7","twice","week 1",1,5,2.824,23,0,1,"Flat-PastRate"
"5c05c339b3ea3800017ae156",109,"8","twice","week 1",0,5,7.237,23,0,1,"Flat-PastRate"
"5c1a59395b2ab700015af793",89,"1","twice","week 2",0,5,3.195,30,1,1,"Flat"
"5c1a59395b2ab700015af793",89,"2","twice","week 2",0,5,2.394,30,1,1,"Flat"
"5c1a59395b2ab700015af793",89,"3","twice","week 2",0,5,4.292,30,1,1,"Flat"
"5c1a59395b2ab700015af793",89,"4","twice","week 2",0,5,3.248,30,1,1,"Flat"
"5c1a59395b2ab700015af793",89,"5","twice","week 2",0,5,13.366,30,1,1,"Flat"
"5c1a59395b2ab700015af793",89,"6","twice","week 2",0,5,3.548,30,1,1,"Flat"
"5c1a59395b2ab700015af793",89,"7","twice","week 2",0,5,6.528,30,1,1,"Flat"
"5c1a59395b2ab700015af793",89,"8","twice","week 2",0,5,2.877,30,1,1,"Flat"
"5c1e3c9ce471fe0001bcac55",147,"1","once","week 2",0,5,5.804,21,1,1,"Flat"
"5c1e3c9ce471fe0001bcac55",147,"2","once","week 2",1,5,17.513,21,1,1,"Flat"
"5c1e3c9ce471fe0001bcac55",147,"3","once","week 2",0,5,13.96,21,1,1,"Flat"
"5c1e3c9ce471fe0001bcac55",147,"4","once","week 2",0,5,5.557,21,1,1,"Flat"
"5c1e3c9ce471fe0001bcac55",147,"5","once","week 2",0,5,13.455,21,1,1,"Flat"
"5c1e3c9ce471fe0001bcac55",147,"6","once","week 2",0,5,7.645,21,1,1,"Flat"
"5c1e3c9ce471fe0001bcac55",147,"7","once","week 2",1,5,11.293,21,1,1,"Flat"
"5c1e3c9ce471fe0001bcac55",147,"8","once","week 2",0,5,5.831,21,1,1,"Flat"
"5c1fc4eb91305c000171d205",279,"1","twice","week 1",0,5,8.662,19,0,1,"PPM"
"5c1fc4eb91305c000171d205",279,"2","twice","week 1",1,5,12.601,19,0,1,"PPM"
"5c1fc4eb91305c000171d205",279,"3","twice","week 1",0,5,6.333,19,0,1,"PPM"
"5c1fc4eb91305c000171d205",279,"4","twice","week 1",0,5,5.297,19,0,1,"PPM"
"5c1fc4eb91305c000171d205",279,"5","twice","week 1",0,5,11.651,19,0,1,"PPM"
"5c1fc4eb91305c000171d205",279,"6","twice","week 1",0,5,3.848,19,0,1,"PPM"
"5c1fc4eb91305c000171d205",279,"7","twice","week 1",0,5,8.91,19,0,1,"PPM"
"5c1fc4eb91305c000171d205",279,"8","twice","week 1",0,5,6.391,19,0,1,"PPM"
"5c23c651d9435800010b7e48",360,"1","once","week 2",0,5,5.869,40,1,0,"PPM"
"5c23c651d9435800010b7e48",360,"2","once","week 2",1,5,7.788,40,1,0,"PPM"
"5c23c651d9435800010b7e48",360,"3","once","week 2",0,5,11.84,40,1,0,"PPM"
"5c23c651d9435800010b7e48",360,"4","once","week 2",0,5,13.565,40,1,0,"PPM"
"5c23c651d9435800010b7e48",360,"5","once","week 2",1,5,9.48,40,1,0,"PPM"
"5c23c651d9435800010b7e48",360,"6","once","week 2",0,5,8.06,40,1,0,"PPM"
"5c23c651d9435800010b7e48",360,"7","once","week 2",0,5,10.801,40,1,0,"PPM"
"5c23c651d9435800010b7e48",360,"8","once","week 2",0,5,8.227,40,1,0,"PPM"
"5c338c7e2714e400013de136",128,"1","twice","week 2",0,5,3.139,20,1,1,"Flat-PastRate"
"5c338c7e2714e400013de136",128,"2","twice","week 2",1,5,4.317,20,1,1,"Flat-PastRate"
"5c338c7e2714e400013de136",128,"3","twice","week 2",0,5,16.936,20,1,1,"Flat-PastRate"
"5c338c7e2714e400013de136",128,"4","twice","week 2",0,5,11.423,20,1,1,"Flat-PastRate"
"5c338c7e2714e400013de136",128,"5","twice","week 2",0,5,4.727,20,1,1,"Flat-PastRate"
"5c338c7e2714e400013de136",128,"6","twice","week 2",0,5,4.208,20,1,1,"Flat-PastRate"
"5c338c7e2714e400013de136",128,"7","twice","week 2",0,5,6.985,20,1,1,"Flat-PastRate"
"5c338c7e2714e400013de136",128,"8","twice","week 2",0,5,7.694,20,1,1,"Flat-PastRate"
"5c3ce3a6de04ad0001d8a6cc",806,"1","once","week 2",0,3,27.878,45,1,0,"PPM"
"5c3ce3a6de04ad0001d8a6cc",806,"2","once","week 2",1,3,7.444,45,1,0,"PPM"
"5c3ce3a6de04ad0001d8a6cc",806,"3","once","week 2",0,3,19.928,45,1,0,"PPM"
"5c3ce3a6de04ad0001d8a6cc",806,"4","once","week 2",0,3,5.853,45,1,0,"PPM"
"5c3ce3a6de04ad0001d8a6cc",806,"5","once","week 2",0,3,7.728,45,1,0,"PPM"
"5c3ce3a6de04ad0001d8a6cc",806,"6","once","week 2",1,3,17.974,45,1,0,"PPM"
"5c3ce3a6de04ad0001d8a6cc",806,"7","once","week 2",1,3,10.044,45,1,0,"PPM"
"5c3ce3a6de04ad0001d8a6cc",806,"8","once","week 2",0,3,4.467,45,1,0,"PPM"
"5c4481b0d706ed00019540cc",140,"1","once","week 1",0,5,5.302,27,1,1,"Flat-PastRate"
"5c4481b0d706ed00019540cc",140,"2","once","week 1",0,5,12.77,27,1,1,"Flat-PastRate"
"5c4481b0d706ed00019540cc",140,"3","once","week 1",0,5,11.138,27,1,1,"Flat-PastRate"
"5c4481b0d706ed00019540cc",140,"4","once","week 1",0,5,4.589,27,1,1,"Flat-PastRate"
"5c4481b0d706ed00019540cc",140,"5","once","week 1",0,5,7.117,27,1,1,"Flat-PastRate"
"5c4481b0d706ed00019540cc",140,"6","once","week 1",0,5,5.138,27,1,1,"Flat-PastRate"
"5c4481b0d706ed00019540cc",140,"7","once","week 1",1,5,4.582,27,1,1,"Flat-PastRate"
"5c4481b0d706ed00019540cc",140,"8","once","week 1",0,5,6.032,27,1,1,"Flat-PastRate"
"5c49feff71e01d00019376a6",89,"1","once","week 1",0,5,3.069,20,1,1,"Flat"
"5c49feff71e01d00019376a6",89,"2","once","week 1",0,5,7.981,20,1,1,"Flat"
"5c49feff71e01d00019376a6",89,"3","once","week 1",1,5,4.647,20,1,1,"Flat"
"5c49feff71e01d00019376a6",89,"4","once","week 1",0,5,7.1,20,1,1,"Flat"
"5c49feff71e01d00019376a6",89,"5","once","week 1",0,5,7.237,20,1,1,"Flat"
"5c49feff71e01d00019376a6",89,"6","once","week 1",0,5,3.151,20,1,1,"Flat"
"5c49feff71e01d00019376a6",89,"7","once","week 1",1,5,4.159,20,1,1,"Flat"
"5c49feff71e01d00019376a6",89,"8","once","week 1",0,5,6.261,20,1,1,"Flat"
"5c5a00f19dd64d00018adbbf",204,"1","once","week 1",0,5,3.593,23,0,1,"PPM"
"5c5a00f19dd64d00018adbbf",204,"2","once","week 1",1,5,5.817,23,0,1,"PPM"
"5c5a00f19dd64d00018adbbf",204,"3","once","week 1",0,5,21.794,23,0,1,"PPM"
"5c5a00f19dd64d00018adbbf",204,"4","once","week 1",0,5,4.226,23,0,1,"PPM"
"5c5a00f19dd64d00018adbbf",204,"5","once","week 1",1,5,32.543,23,0,1,"PPM"
"5c5a00f19dd64d00018adbbf",204,"6","once","week 1",0,5,7.869,23,0,1,"PPM"
"5c5a00f19dd64d00018adbbf",204,"7","once","week 1",0,5,9.55,23,0,1,"PPM"
"5c5a00f19dd64d00018adbbf",204,"8","once","week 1",0,5,5.318,23,0,1,"PPM"
"5c62e304d4bb5f0001fc002b",200,"1","once","week 2",0,5,3.848,45,0,1,"PPM"
"5c62e304d4bb5f0001fc002b",200,"2","once","week 2",1,5,3.903,45,0,1,"PPM"
"5c62e304d4bb5f0001fc002b",200,"3","once","week 2",0,5,10.647,45,0,1,"PPM"
"5c62e304d4bb5f0001fc002b",200,"4","once","week 2",0,5,13.087,45,0,1,"PPM"
"5c62e304d4bb5f0001fc002b",200,"5","once","week 2",1,5,8.904,45,0,1,"PPM"
"5c62e304d4bb5f0001fc002b",200,"6","once","week 2",0,5,7.653,45,0,1,"PPM"
"5c62e304d4bb5f0001fc002b",200,"7","once","week 2",1,5,10.529,45,0,1,"PPM"
"5c62e304d4bb5f0001fc002b",200,"8","once","week 2",0,5,6.441,45,0,1,"PPM"
"5c6564046f2502000129f294",177,"1","twice","week 2",0,3,5.443,22,1,1,"PPM"
"5c6564046f2502000129f294",177,"2","twice","week 2",0,3,7.057,22,1,1,"PPM"
"5c6564046f2502000129f294",177,"3","twice","week 2",0,3,3.041,22,1,1,"PPM"
"5c6564046f2502000129f294",177,"4","twice","week 2",0,3,4.586,22,1,1,"PPM"
"5c6564046f2502000129f294",177,"5","twice","week 2",0,3,30.629,22,1,1,"PPM"
"5c6564046f2502000129f294",177,"6","twice","week 2",0,3,2.549,22,1,1,"PPM"
"5c6564046f2502000129f294",177,"7","twice","week 2",0,3,4.784,22,1,1,"PPM"
"5c6564046f2502000129f294",177,"8","twice","week 2",0,3,3.115,22,1,1,"PPM"
"5c6d21fafc2e7600015c0d2d",401,"1","once","week 2",0,5,3.951,33,0,1,"PPM"
"5c6d21fafc2e7600015c0d2d",401,"2","once","week 2",1,5,2.865,33,0,1,"PPM"
"5c6d21fafc2e7600015c0d2d",401,"3","once","week 2",1,5,5.819,33,0,1,"PPM"
"5c6d21fafc2e7600015c0d2d",401,"4","once","week 2",1,5,16.357,33,0,1,"PPM"
"5c6d21fafc2e7600015c0d2d",401,"5","once","week 2",1,5,5.242,33,0,1,"PPM"
"5c6d21fafc2e7600015c0d2d",401,"6","once","week 2",0,5,6.264,33,0,1,"PPM"
"5c6d21fafc2e7600015c0d2d",401,"7","once","week 2",1,5,3.136,33,0,1,"PPM"
"5c6d21fafc2e7600015c0d2d",401,"8","once","week 2",0,5,3.957,33,0,1,"PPM"
"5c6e992b9d7a31000146fd95",217,"1","twice","week 2",0,4,5.149,28,1,0,"Flat"
"5c6e992b9d7a31000146fd95",217,"2","twice","week 2",0,4,6.484,28,1,0,"Flat"
"5c6e992b9d7a31000146fd95",217,"3","twice","week 2",0,4,13.726,28,1,0,"Flat"
"5c6e992b9d7a31000146fd95",217,"4","twice","week 2",0,4,2.679,28,1,0,"Flat"
"5c6e992b9d7a31000146fd95",217,"5","twice","week 2",0,4,7.322,28,1,0,"Flat"
"5c6e992b9d7a31000146fd95",217,"6","twice","week 2",0,4,3.081,28,1,0,"Flat"
"5c6e992b9d7a31000146fd95",217,"7","twice","week 2",1,4,14.463,28,1,0,"Flat"
"5c6e992b9d7a31000146fd95",217,"8","twice","week 2",0,4,3.459,28,1,0,"Flat"
"5c770e63a2b09c0001a821cc",167,"1","twice","week 1",0,5,2.378,20,0,0,"Flat-PastRate"
"5c770e63a2b09c0001a821cc",167,"2","twice","week 1",0,5,8.262,20,0,0,"Flat-PastRate"
"5c770e63a2b09c0001a821cc",167,"3","twice","week 1",0,5,10.492,20,0,0,"Flat-PastRate"
"5c770e63a2b09c0001a821cc",167,"4","twice","week 1",0,5,4.463,20,0,0,"Flat-PastRate"
"5c770e63a2b09c0001a821cc",167,"5","twice","week 1",0,5,9.807,20,0,0,"Flat-PastRate"
"5c770e63a2b09c0001a821cc",167,"6","twice","week 1",0,5,3.392,20,0,0,"Flat-PastRate"
"5c770e63a2b09c0001a821cc",167,"7","twice","week 1",0,5,6.798,20,0,0,"Flat-PastRate"
"5c770e63a2b09c0001a821cc",167,"8","twice","week 1",0,5,18.26,20,0,0,"Flat-PastRate"
"5c8119441c40f30001b464b1",113,"1","twice","week 2",0,5,3.322,23,0,1,"Flat-PastRate"
"5c8119441c40f30001b464b1",113,"2","twice","week 2",1,5,8.843,23,0,1,"Flat-PastRate"
"5c8119441c40f30001b464b1",113,"3","twice","week 2",0,5,10.568,23,0,1,"Flat-PastRate"
"5c8119441c40f30001b464b1",113,"4","twice","week 2",0,5,4.04,23,0,1,"Flat-PastRate"
"5c8119441c40f30001b464b1",113,"5","twice","week 2",0,5,8.222,23,0,1,"Flat-PastRate"
"5c8119441c40f30001b464b1",113,"6","twice","week 2",0,5,6.043,23,0,1,"Flat-PastRate"
"5c8119441c40f30001b464b1",113,"7","twice","week 2",0,5,11.958,23,0,1,"Flat-PastRate"
"5c8119441c40f30001b464b1",113,"8","twice","week 2",0,5,6.511,23,0,1,"Flat-PastRate"
"5c8188150ab5c10016ea3f47",141,"1","once","week 1",0,5,7.65,36,1,1,"Flat"
"5c8188150ab5c10016ea3f47",141,"2","once","week 1",0,5,12.9,36,1,1,"Flat"
"5c8188150ab5c10016ea3f47",141,"3","once","week 1",0,5,7.175,36,1,1,"Flat"
"5c8188150ab5c10016ea3f47",141,"4","once","week 1",0,5,7.58,36,1,1,"Flat"
"5c8188150ab5c10016ea3f47",141,"5","once","week 1",0,5,12.96,36,1,1,"Flat"
"5c8188150ab5c10016ea3f47",141,"6","once","week 1",0,5,7.215,36,1,1,"Flat"
"5c8188150ab5c10016ea3f47",141,"7","once","week 1",1,5,5.945,36,1,1,"Flat"
"5c8188150ab5c10016ea3f47",141,"8","once","week 1",0,5,8.175,36,1,1,"Flat"
"5c87b4fc7e3a9f0016245fde",126,"1","twice","week 2",1,5,8.237,21,1,1,"PPM"
"5c87b4fc7e3a9f0016245fde",126,"2","twice","week 2",1,5,4.388,21,1,1,"PPM"
"5c87b4fc7e3a9f0016245fde",126,"3","twice","week 2",0,5,6.463,21,1,1,"PPM"
"5c87b4fc7e3a9f0016245fde",126,"4","twice","week 2",0,5,6.875,21,1,1,"PPM"
"5c87b4fc7e3a9f0016245fde",126,"5","twice","week 2",1,5,7.456,21,1,1,"PPM"
"5c87b4fc7e3a9f0016245fde",126,"6","twice","week 2",0,5,7.1,21,1,1,"PPM"
"5c87b4fc7e3a9f0016245fde",126,"7","twice","week 2",1,5,5.062,21,1,1,"PPM"
"5c87b4fc7e3a9f0016245fde",126,"8","twice","week 2",0,5,4.441,21,1,1,"PPM"
"5c8a65405abd6b0016767b56",273,"1","twice","week 2",0,5,8.524,45,1,0,"PPM"
"5c8a65405abd6b0016767b56",273,"2","twice","week 2",1,5,29.353,45,1,0,"PPM"
"5c8a65405abd6b0016767b56",273,"3","twice","week 2",0,5,11.872,45,1,0,"PPM"
"5c8a65405abd6b0016767b56",273,"4","twice","week 2",0,5,8.55,45,1,0,"PPM"
"5c8a65405abd6b0016767b56",273,"5","twice","week 2",0,5,11.763,45,1,0,"PPM"
"5c8a65405abd6b0016767b56",273,"6","twice","week 2",0,5,9.716,45,1,0,"PPM"
"5c8a65405abd6b0016767b56",273,"7","twice","week 2",1,5,9.314,45,1,0,"PPM"
"5c8a65405abd6b0016767b56",273,"8","twice","week 2",0,5,14.471,45,1,0,"PPM"
"5c8fa6cbf476780017bdd541",104,"1","once","week 1",0,5,3.466,19,1,1,"Flat-PastRate"
"5c8fa6cbf476780017bdd541",104,"2","once","week 1",0,5,3.377,19,1,1,"Flat-PastRate"
"5c8fa6cbf476780017bdd541",104,"3","once","week 1",0,5,4.873,19,1,1,"Flat-PastRate"
"5c8fa6cbf476780017bdd541",104,"4","once","week 1",0,5,3.97,19,1,1,"Flat-PastRate"
"5c8fa6cbf476780017bdd541",104,"5","once","week 1",0,5,4.418,19,1,1,"Flat-PastRate"
"5c8fa6cbf476780017bdd541",104,"6","once","week 1",0,5,4.281,19,1,1,"Flat-PastRate"
"5c8fa6cbf476780017bdd541",104,"7","once","week 1",0,5,7.94,19,1,1,"Flat-PastRate"
"5c8fa6cbf476780017bdd541",104,"8","once","week 1",0,5,4.368,19,1,1,"Flat-PastRate"
"5c973f7fc428fa0016cf0fa7",238,"1","twice","week 2",0,5,4.406,21,0,1,"PPM"
"5c973f7fc428fa0016cf0fa7",238,"2","twice","week 2",1,5,3.257,21,0,1,"PPM"
"5c973f7fc428fa0016cf0fa7",238,"3","twice","week 2",0,5,8.435,21,0,1,"PPM"
"5c973f7fc428fa0016cf0fa7",238,"4","twice","week 2",0,5,6.014,21,0,1,"PPM"
"5c973f7fc428fa0016cf0fa7",238,"5","twice","week 2",0,5,42.133,21,0,1,"PPM"
"5c973f7fc428fa0016cf0fa7",238,"6","twice","week 2",0,5,7.318,21,0,1,"PPM"
"5c973f7fc428fa0016cf0fa7",238,"7","twice","week 2",1,5,6.145,21,0,1,"PPM"
"5c973f7fc428fa0016cf0fa7",238,"8","twice","week 2",0,5,4.435,21,0,1,"PPM"
"5c993037a103c80001451799",94,"1","once","week 2",0,1,1.947,29,0,1,"Flat"
"5c993037a103c80001451799",94,"2","once","week 2",1,1,5.736,29,0,1,"Flat"
"5c993037a103c80001451799",94,"3","once","week 2",1,1,4.428,29,0,1,"Flat"
"5c993037a103c80001451799",94,"4","once","week 2",0,1,3.492,29,0,1,"Flat"
"5c993037a103c80001451799",94,"5","once","week 2",1,1,6.997,29,0,1,"Flat"
"5c993037a103c80001451799",94,"6","once","week 2",0,1,9.116,29,0,1,"Flat"
"5c993037a103c80001451799",94,"7","once","week 2",1,1,3.672,29,0,1,"Flat"
"5c993037a103c80001451799",94,"8","once","week 2",0,1,8.259,29,0,1,"Flat"
"5c9fac42fd16b8001573cd14",154,"1","twice","week 1",1,5,15.654,21,1,1,"Flat-PastRate"
"5c9fac42fd16b8001573cd14",154,"2","twice","week 1",0,5,4.044,21,1,1,"Flat-PastRate"
"5c9fac42fd16b8001573cd14",154,"3","twice","week 1",1,5,6.089,21,1,1,"Flat-PastRate"
"5c9fac42fd16b8001573cd14",154,"4","twice","week 1",0,5,13.423,21,1,1,"Flat-PastRate"
"5c9fac42fd16b8001573cd14",154,"5","twice","week 1",1,5,9.453,21,1,1,"Flat-PastRate"
"5c9fac42fd16b8001573cd14",154,"6","twice","week 1",0,5,8.709,21,1,1,"Flat-PastRate"
"5c9fac42fd16b8001573cd14",154,"7","twice","week 1",1,5,7.152,21,1,1,"Flat-PastRate"
"5c9fac42fd16b8001573cd14",154,"8","twice","week 1",0,5,8.945,21,1,1,"Flat-PastRate"
"5ca48653ed23650001328d9d",344,"1","twice","week 2",0,5,2.662,40,1,1,"Flat"
"5ca48653ed23650001328d9d",344,"2","twice","week 2",1,5,5.409,40,1,1,"Flat"
"5ca48653ed23650001328d9d",344,"3","twice","week 2",0,5,6.693,40,1,1,"Flat"
"5ca48653ed23650001328d9d",344,"4","twice","week 2",0,5,5.552,40,1,1,"Flat"
"5ca48653ed23650001328d9d",344,"5","twice","week 2",1,5,6.668,40,1,1,"Flat"
"5ca48653ed23650001328d9d",344,"6","twice","week 2",0,5,3.244,40,1,1,"Flat"
"5ca48653ed23650001328d9d",344,"7","twice","week 2",0,5,7.747,40,1,1,"Flat"
"5ca48653ed23650001328d9d",344,"8","twice","week 2",0,5,2.532,40,1,1,"Flat"
"5ca6415038d61000014d6350",97,"1","once","week 1",1,5,5.8,28,1,1,"Flat"
"5ca6415038d61000014d6350",97,"2","once","week 1",1,5,3.349,28,1,1,"Flat"
"5ca6415038d61000014d6350",97,"3","once","week 1",1,5,4.077,28,1,1,"Flat"
"5ca6415038d61000014d6350",97,"4","once","week 1",0,5,12.543,28,1,1,"Flat"
"5ca6415038d61000014d6350",97,"5","once","week 1",0,5,8.762,28,1,1,"Flat"
"5ca6415038d61000014d6350",97,"6","once","week 1",0,5,3.839,28,1,1,"Flat"
"5ca6415038d61000014d6350",97,"7","once","week 1",0,5,3.703,28,1,1,"Flat"
"5ca6415038d61000014d6350",97,"8","once","week 1",0,5,3.775,28,1,1,"Flat"
"5ca86b3cb55c520017af9d7e",141,"1","twice","week 1",0,5,3.726,21,1,0,"Flat"
"5ca86b3cb55c520017af9d7e",141,"2","twice","week 1",0,5,13.656,21,1,0,"Flat"
"5ca86b3cb55c520017af9d7e",141,"3","twice","week 1",0,5,13.909,21,1,0,"Flat"
"5ca86b3cb55c520017af9d7e",141,"4","twice","week 1",0,5,7.417,21,1,0,"Flat"
"5ca86b3cb55c520017af9d7e",141,"5","twice","week 1",0,5,5.294,21,1,0,"Flat"
"5ca86b3cb55c520017af9d7e",141,"6","twice","week 1",0,5,5.803,21,1,0,"Flat"
"5ca86b3cb55c520017af9d7e",141,"7","twice","week 1",0,5,7.089,21,1,0,"Flat"
"5ca86b3cb55c520017af9d7e",141,"8","twice","week 1",0,5,7.911,21,1,0,"Flat"
"5caf7578b7f4d3001cc7c73b",184,"1","once","week 1",0,4,6.084,19,1,0,"PPM"
"5caf7578b7f4d3001cc7c73b",184,"2","once","week 1",1,4,3.836,19,1,0,"PPM"
"5caf7578b7f4d3001cc7c73b",184,"3","once","week 1",1,4,10.272,19,1,0,"PPM"
"5caf7578b7f4d3001cc7c73b",184,"4","once","week 1",1,4,5.902,19,1,0,"PPM"
"5caf7578b7f4d3001cc7c73b",184,"5","once","week 1",1,4,4.434,19,1,0,"PPM"
"5caf7578b7f4d3001cc7c73b",184,"6","once","week 1",1,4,6.136,19,1,0,"PPM"
"5caf7578b7f4d3001cc7c73b",184,"7","once","week 1",1,4,33.943,19,1,0,"PPM"
"5caf7578b7f4d3001cc7c73b",184,"8","once","week 1",0,4,3.511,19,1,0,"PPM"
"5cb0325c6a6e3500010a5954",98,"1","twice","week 1",0,5,1.824,34,1,1,"Flat-PastRate"
"5cb0325c6a6e3500010a5954",98,"2","twice","week 1",0,5,10.951,34,1,1,"Flat-PastRate"
"5cb0325c6a6e3500010a5954",98,"3","twice","week 1",0,5,3.657,34,1,1,"Flat-PastRate"
"5cb0325c6a6e3500010a5954",98,"4","twice","week 1",0,5,6.018,34,1,1,"Flat-PastRate"
"5cb0325c6a6e3500010a5954",98,"5","twice","week 1",1,5,6.612,34,1,1,"Flat-PastRate"
"5cb0325c6a6e3500010a5954",98,"6","twice","week 1",0,5,1.859,34,1,1,"Flat-PastRate"
"5cb0325c6a6e3500010a5954",98,"7","twice","week 1",1,5,5.218,34,1,1,"Flat-PastRate"
"5cb0325c6a6e3500010a5954",98,"8","twice","week 1",0,5,7.702,34,1,1,"Flat-PastRate"
"5cb0a3f60672270001bf53e8",138,"1","once","week 2",0,5,4.374,24,1,1,"Flat"
"5cb0a3f60672270001bf53e8",138,"2","once","week 2",0,5,6.961,24,1,1,"Flat"
"5cb0a3f60672270001bf53e8",138,"3","once","week 2",0,5,11.78,24,1,1,"Flat"
"5cb0a3f60672270001bf53e8",138,"4","once","week 2",0,5,5.529,24,1,1,"Flat"
"5cb0a3f60672270001bf53e8",138,"5","once","week 2",1,5,6.532,24,1,1,"Flat"
"5cb0a3f60672270001bf53e8",138,"6","once","week 2",0,5,5.392,24,1,1,"Flat"
"5cb0a3f60672270001bf53e8",138,"7","once","week 2",0,5,11.747,24,1,1,"Flat"
"5cb0a3f60672270001bf53e8",138,"8","once","week 2",0,5,13.566,24,1,1,"Flat"
"5cb0d94aff629100171b05b1",147,"1","once","week 2",0,5,5.141,39,0,1,"Flat"
"5cb0d94aff629100171b05b1",147,"2","once","week 2",1,5,11.916,39,0,1,"Flat"
"5cb0d94aff629100171b05b1",147,"3","once","week 2",0,5,10.964,39,0,1,"Flat"
"5cb0d94aff629100171b05b1",147,"4","once","week 2",0,5,4.081,39,0,1,"Flat"
"5cb0d94aff629100171b05b1",147,"5","once","week 2",1,5,10.611,39,0,1,"Flat"
"5cb0d94aff629100171b05b1",147,"6","once","week 2",0,5,4.698,39,0,1,"Flat"
"5cb0d94aff629100171b05b1",147,"7","once","week 2",1,5,13.103,39,0,1,"Flat"
"5cb0d94aff629100171b05b1",147,"8","once","week 2",0,5,7.919,39,0,1,"Flat"
"5cc19050dfef1a00019523b6",107,"1","once","week 1",0,5,10.307,28,1,1,"Flat"
"5cc19050dfef1a00019523b6",107,"2","once","week 1",1,5,2.512,28,1,1,"Flat"
"5cc19050dfef1a00019523b6",107,"3","once","week 1",0,5,4.05,28,1,1,"Flat"
"5cc19050dfef1a00019523b6",107,"4","once","week 1",0,5,3.48,28,1,1,"Flat"
"5cc19050dfef1a00019523b6",107,"5","once","week 1",1,5,9.9,28,1,1,"Flat"
"5cc19050dfef1a00019523b6",107,"6","once","week 1",0,5,9.979,28,1,1,"Flat"
"5cc19050dfef1a00019523b6",107,"7","once","week 1",1,5,13.765,28,1,1,"Flat"
"5cc19050dfef1a00019523b6",107,"8","once","week 1",0,5,3.616,28,1,1,"Flat"
"5cc1c0120915430001d7f38e",113,"1","twice","week 1",0,5,3.123,58,1,1,"Flat-PastRate"
"5cc1c0120915430001d7f38e",113,"2","twice","week 1",1,5,7.717,58,1,1,"Flat-PastRate"
"5cc1c0120915430001d7f38e",113,"3","twice","week 1",0,5,3.823,58,1,1,"Flat-PastRate"
"5cc1c0120915430001d7f38e",113,"4","twice","week 1",0,5,2.982,58,1,1,"Flat-PastRate"
"5cc1c0120915430001d7f38e",113,"5","twice","week 1",0,5,8.607,58,1,1,"Flat-PastRate"
"5cc1c0120915430001d7f38e",113,"6","twice","week 1",0,5,6.319,58,1,1,"Flat-PastRate"
"5cc1c0120915430001d7f38e",113,"7","twice","week 1",0,5,4.189,58,1,1,"Flat-PastRate"
"5cc1c0120915430001d7f38e",113,"8","twice","week 1",0,5,5.456,58,1,1,"Flat-PastRate"
"5cc369725986a4001b4e9041",252,"1","once","week 2",0,5,13.619,30,1,1,"Flat-PastRate"
"5cc369725986a4001b4e9041",252,"2","once","week 2",1,5,7.4,30,1,1,"Flat-PastRate"
"5cc369725986a4001b4e9041",252,"3","once","week 2",0,5,24.777,30,1,1,"Flat-PastRate"
"5cc369725986a4001b4e9041",252,"4","once","week 2",0,5,12.806,30,1,1,"Flat-PastRate"
"5cc369725986a4001b4e9041",252,"5","once","week 2",0,5,11.11,30,1,1,"Flat-PastRate"
"5cc369725986a4001b4e9041",252,"6","once","week 2",0,5,10.774,30,1,1,"Flat-PastRate"
"5cc369725986a4001b4e9041",252,"7","once","week 2",0,5,10.757,30,1,1,"Flat-PastRate"
"5cc369725986a4001b4e9041",252,"8","once","week 2",0,5,10.202,30,1,1,"Flat-PastRate"
"5cc3aa67155841001c26c3f3",152,"1","once","week 1",0,4,4.451,19,0,1,"PPM"
"5cc3aa67155841001c26c3f3",152,"2","once","week 1",1,4,7.031,19,0,1,"PPM"
"5cc3aa67155841001c26c3f3",152,"3","once","week 1",1,4,4.756,19,0,1,"PPM"
"5cc3aa67155841001c26c3f3",152,"4","once","week 1",0,4,5.623,19,0,1,"PPM"
"5cc3aa67155841001c26c3f3",152,"5","once","week 1",1,4,11.154,19,0,1,"PPM"
"5cc3aa67155841001c26c3f3",152,"6","once","week 1",0,4,9.23,19,0,1,"PPM"
"5cc3aa67155841001c26c3f3",152,"7","once","week 1",1,4,4.869,19,0,1,"PPM"
"5cc3aa67155841001c26c3f3",152,"8","once","week 1",0,4,6.483,19,0,1,"PPM"
"5ccb3fb3d322be00155c9fce",98,"1","once","week 1",0,5,3.63,19,0,1,"Flat-PastRate"
"5ccb3fb3d322be00155c9fce",98,"2","once","week 1",0,5,2.778,19,0,1,"Flat-PastRate"
"5ccb3fb3d322be00155c9fce",98,"3","once","week 1",0,5,3.668,19,0,1,"Flat-PastRate"
"5ccb3fb3d322be00155c9fce",98,"4","once","week 1",0,5,3.054,19,0,1,"Flat-PastRate"
"5ccb3fb3d322be00155c9fce",98,"5","once","week 1",0,5,6.895,19,0,1,"Flat-PastRate"
"5ccb3fb3d322be00155c9fce",98,"6","once","week 1",0,5,2.878,19,0,1,"Flat-PastRate"
"5ccb3fb3d322be00155c9fce",98,"7","once","week 1",0,5,3.656,19,0,1,"Flat-PastRate"
"5ccb3fb3d322be00155c9fce",98,"8","once","week 1",0,5,6.087,19,0,1,"Flat-PastRate"
"5ccdd982b11510000184a712",151,"1","once","week 1",0,5,5.303,19,1,1,"PPM"
"5ccdd982b11510000184a712",151,"2","once","week 1",1,5,2.454,19,1,1,"PPM"
"5ccdd982b11510000184a712",151,"3","once","week 1",1,5,2.904,19,1,1,"PPM"
"5ccdd982b11510000184a712",151,"4","once","week 1",0,5,2.927,19,1,1,"PPM"
"5ccdd982b11510000184a712",151,"5","once","week 1",1,5,12.752,19,1,1,"PPM"
"5ccdd982b11510000184a712",151,"6","once","week 1",0,5,4.488,19,1,1,"PPM"
"5ccdd982b11510000184a712",151,"7","once","week 1",1,5,2.693,19,1,1,"PPM"
"5ccdd982b11510000184a712",151,"8","once","week 1",0,5,4.946,19,1,1,"PPM"
"5cd1d1f7db7024000195cc75",92,"1","once","week 2",0,5,3.31,33,0,1,"Flat"
"5cd1d1f7db7024000195cc75",92,"2","once","week 2",0,5,5.549,33,0,1,"Flat"
"5cd1d1f7db7024000195cc75",92,"3","once","week 2",0,5,3.081,33,0,1,"Flat"
"5cd1d1f7db7024000195cc75",92,"4","once","week 2",0,5,10.486,33,0,1,"Flat"
"5cd1d1f7db7024000195cc75",92,"5","once","week 2",1,5,4.198,33,0,1,"Flat"
"5cd1d1f7db7024000195cc75",92,"6","once","week 2",0,5,2.952,33,0,1,"Flat"
"5cd1d1f7db7024000195cc75",92,"7","once","week 2",1,5,3.904,33,0,1,"Flat"
"5cd1d1f7db7024000195cc75",92,"8","once","week 2",0,5,3.909,33,0,1,"Flat"
"5cd6d5a4efab0c0001d08922",147,"1","once","week 2",0,5,2.492,21,0,1,"Flat-PastRate"
"5cd6d5a4efab0c0001d08922",147,"2","once","week 2",0,5,13.642,21,0,1,"Flat-PastRate"
"5cd6d5a4efab0c0001d08922",147,"3","once","week 2",0,5,7.206,21,0,1,"Flat-PastRate"
"5cd6d5a4efab0c0001d08922",147,"4","once","week 2",0,5,11.987,21,0,1,"Flat-PastRate"
"5cd6d5a4efab0c0001d08922",147,"5","once","week 2",0,5,11.069,21,0,1,"Flat-PastRate"
"5cd6d5a4efab0c0001d08922",147,"6","once","week 2",0,5,5.799,21,0,1,"Flat-PastRate"
"5cd6d5a4efab0c0001d08922",147,"7","once","week 2",1,5,18.332,21,0,1,"Flat-PastRate"
"5cd6d5a4efab0c0001d08922",147,"8","once","week 2",0,5,6.278,21,0,1,"Flat-PastRate"
"5cdd993da7b516001928b4e7",87,"1","once","week 2",0,5,2.671,20,1,1,"Flat"
"5cdd993da7b516001928b4e7",87,"2","once","week 2",1,5,2.453,20,1,1,"Flat"
"5cdd993da7b516001928b4e7",87,"3","once","week 2",0,5,6.186,20,1,1,"Flat"
"5cdd993da7b516001928b4e7",87,"4","once","week 2",0,5,2.806,20,1,1,"Flat"
"5cdd993da7b516001928b4e7",87,"5","once","week 2",1,5,9.248,20,1,1,"Flat"
"5cdd993da7b516001928b4e7",87,"6","once","week 2",0,5,4.601,20,1,1,"Flat"
"5cdd993da7b516001928b4e7",87,"7","once","week 2",0,5,8.121,20,1,1,"Flat"
"5cdd993da7b516001928b4e7",87,"8","once","week 2",0,5,2.299,20,1,1,"Flat"
"5ce00c12ccdf040015e933f1",103,"1","twice","week 2",0,5,5.391,35,1,1,"Flat"
"5ce00c12ccdf040015e933f1",103,"2","twice","week 2",0,5,3.889,35,1,1,"Flat"
"5ce00c12ccdf040015e933f1",103,"3","twice","week 2",0,5,6.547,35,1,1,"Flat"
"5ce00c12ccdf040015e933f1",103,"4","twice","week 2",0,5,4.683,35,1,1,"Flat"
"5ce00c12ccdf040015e933f1",103,"5","twice","week 2",0,5,3.171,35,1,1,"Flat"
"5ce00c12ccdf040015e933f1",103,"6","twice","week 2",0,5,9.521,35,1,1,"Flat"
"5ce00c12ccdf040015e933f1",103,"7","twice","week 2",1,5,3.329,35,1,1,"Flat"
"5ce00c12ccdf040015e933f1",103,"8","twice","week 2",0,5,4.749,35,1,1,"Flat"
"5ce14af5836810000178d8bb",509,"1","once","week 2",0,5,5.5,23,1,0,"PPM"
"5ce14af5836810000178d8bb",509,"2","once","week 2",1,5,8.647,23,1,0,"PPM"
"5ce14af5836810000178d8bb",509,"3","once","week 2",0,5,13.998,23,1,0,"PPM"
"5ce14af5836810000178d8bb",509,"4","once","week 2",0,5,10.026,23,1,0,"PPM"
"5ce14af5836810000178d8bb",509,"5","once","week 2",0,5,18.637,23,1,0,"PPM"
"5ce14af5836810000178d8bb",509,"6","once","week 2",0,5,15.225,23,1,0,"PPM"
"5ce14af5836810000178d8bb",509,"7","once","week 2",1,5,17.834,23,1,0,"PPM"
"5ce14af5836810000178d8bb",509,"8","once","week 2",0,5,7.002,23,1,0,"PPM"
"5ce19c2090d2dc0015f86ca7",138,"1","once","week 1",0,5,8.589,22,0,0,"Flat"
"5ce19c2090d2dc0015f86ca7",138,"2","once","week 1",1,5,2.56,22,0,0,"Flat"
"5ce19c2090d2dc0015f86ca7",138,"3","once","week 1",0,5,3.44,22,0,0,"Flat"
"5ce19c2090d2dc0015f86ca7",138,"4","once","week 1",0,5,1.807,22,0,0,"Flat"
"5ce19c2090d2dc0015f86ca7",138,"5","once","week 1",0,5,71.074,22,0,0,"Flat"
"5ce19c2090d2dc0015f86ca7",138,"6","once","week 1",0,5,2.615,22,0,0,"Flat"
"5ce19c2090d2dc0015f86ca7",138,"7","once","week 1",1,5,3.983,22,0,0,"Flat"
"5ce19c2090d2dc0015f86ca7",138,"8","once","week 1",0,5,2.752,22,0,0,"Flat"
"5ce317ff4c6a04001cbcc43e",128,"1","once","week 1",0,4,4.342,18,1,1,"PPM"
"5ce317ff4c6a04001cbcc43e",128,"2","once","week 1",1,4,3.257,18,1,1,"PPM"
"5ce317ff4c6a04001cbcc43e",128,"3","once","week 1",0,4,5.46,18,1,1,"PPM"
"5ce317ff4c6a04001cbcc43e",128,"4","once","week 1",1,4,7.627,18,1,1,"PPM"
"5ce317ff4c6a04001cbcc43e",128,"5","once","week 1",1,4,3.248,18,1,1,"PPM"
"5ce317ff4c6a04001cbcc43e",128,"6","once","week 1",0,4,7.351,18,1,1,"PPM"
"5ce317ff4c6a04001cbcc43e",128,"7","once","week 1",0,4,4.562,18,1,1,"PPM"
"5ce317ff4c6a04001cbcc43e",128,"8","once","week 1",0,4,7.692,18,1,1,"PPM"
"5cebf1ca4a66db00197ba885",127,"1","once","week 2",1,5,3.354,19,1,1,"PPM"
"5cebf1ca4a66db00197ba885",127,"2","once","week 2",1,5,7.876,19,1,1,"PPM"
"5cebf1ca4a66db00197ba885",127,"3","once","week 2",1,5,4.425,19,1,1,"PPM"
"5cebf1ca4a66db00197ba885",127,"4","once","week 2",0,5,11.739,19,1,1,"PPM"
"5cebf1ca4a66db00197ba885",127,"5","once","week 2",1,5,5.007,19,1,1,"PPM"
"5cebf1ca4a66db00197ba885",127,"6","once","week 2",0,5,5.621,19,1,1,"PPM"
"5cebf1ca4a66db00197ba885",127,"7","once","week 2",1,5,5.234,19,1,1,"PPM"
"5cebf1ca4a66db00197ba885",127,"8","once","week 2",0,5,5.049,19,1,1,"PPM"
"5cf44193fc94fd0001197a6b",115,"1","once","week 2",0,5,3.597,20,1,1,"Flat"
"5cf44193fc94fd0001197a6b",115,"2","once","week 2",1,5,3.44,20,1,1,"Flat"
"5cf44193fc94fd0001197a6b",115,"3","once","week 2",0,5,6.913,20,1,1,"Flat"
"5cf44193fc94fd0001197a6b",115,"4","once","week 2",0,5,6.26,20,1,1,"Flat"
"5cf44193fc94fd0001197a6b",115,"5","once","week 2",1,5,8.102,20,1,1,"Flat"
"5cf44193fc94fd0001197a6b",115,"6","once","week 2",0,5,5.062,20,1,1,"Flat"
"5cf44193fc94fd0001197a6b",115,"7","once","week 2",0,5,8.839,20,1,1,"Flat"
"5cf44193fc94fd0001197a6b",115,"8","once","week 2",0,5,10.318,20,1,1,"Flat"
"5cf4639d71f19f0018738259",116,"1","twice","week 1",0,5,3.209,20,0,1,"Flat"
"5cf4639d71f19f0018738259",116,"2","twice","week 1",0,5,3.148,20,0,1,"Flat"
"5cf4639d71f19f0018738259",116,"3","twice","week 1",0,5,6.802,20,0,1,"Flat"
"5cf4639d71f19f0018738259",116,"4","twice","week 1",0,5,9.717,20,0,1,"Flat"
"5cf4639d71f19f0018738259",116,"5","twice","week 1",0,5,6.4,20,0,1,"Flat"
"5cf4639d71f19f0018738259",116,"6","twice","week 1",1,5,5.499,20,0,1,"Flat"
"5cf4639d71f19f0018738259",116,"7","twice","week 1",1,5,9.188,20,0,1,"Flat"
"5cf4639d71f19f0018738259",116,"8","twice","week 1",0,5,3.769,20,0,1,"Flat"
"5cf7cbe401a41f0017d1846f",161,"1","once","week 2",0,5,10.682,24,1,0,"Flat"
"5cf7cbe401a41f0017d1846f",161,"2","once","week 2",1,5,4.046,24,1,0,"Flat"
"5cf7cbe401a41f0017d1846f",161,"3","once","week 2",0,5,4.743,24,1,0,"Flat"
"5cf7cbe401a41f0017d1846f",161,"4","once","week 2",0,5,5.934,24,1,0,"Flat"
"5cf7cbe401a41f0017d1846f",161,"5","once","week 2",1,5,14.614,24,1,0,"Flat"
"5cf7cbe401a41f0017d1846f",161,"6","once","week 2",0,5,15.106,24,1,0,"Flat"
"5cf7cbe401a41f0017d1846f",161,"7","once","week 2",1,5,10.811,24,1,0,"Flat"
"5cf7cbe401a41f0017d1846f",161,"8","once","week 2",0,5,7.62,24,1,0,"Flat"
"5cf9629a395fa60019ba4d37",134,"1","twice","week 1",1,5,3.96,20,0,1,"Flat"
"5cf9629a395fa60019ba4d37",134,"2","twice","week 1",1,5,5.656,20,0,1,"Flat"
"5cf9629a395fa60019ba4d37",134,"3","twice","week 1",1,5,13.369,20,0,1,"Flat"
"5cf9629a395fa60019ba4d37",134,"4","twice","week 1",0,5,3.633,20,0,1,"Flat"
"5cf9629a395fa60019ba4d37",134,"5","twice","week 1",0,5,3.714,20,0,1,"Flat"
"5cf9629a395fa60019ba4d37",134,"6","twice","week 1",0,5,7.467,20,0,1,"Flat"
"5cf9629a395fa60019ba4d37",134,"7","twice","week 1",0,5,7.867,20,0,1,"Flat"
"5cf9629a395fa60019ba4d37",134,"8","twice","week 1",0,5,6.962,20,0,1,"Flat"
"5cfe32e6e9fbdd00019cf719",140,"1","once","week 1",0,5,5.004,28,1,1,"Flat"
"5cfe32e6e9fbdd00019cf719",140,"2","once","week 1",0,5,6.122,28,1,1,"Flat"
"5cfe32e6e9fbdd00019cf719",140,"3","once","week 1",1,5,14.532,28,1,1,"Flat"
"5cfe32e6e9fbdd00019cf719",140,"4","once","week 1",0,5,7.702,28,1,1,"Flat"
"5cfe32e6e9fbdd00019cf719",140,"5","once","week 1",0,5,12.802,28,1,1,"Flat"
"5cfe32e6e9fbdd00019cf719",140,"6","once","week 1",1,5,11.575,28,1,1,"Flat"
"5cfe32e6e9fbdd00019cf719",140,"7","once","week 1",0,5,6.001,28,1,1,"Flat"
"5cfe32e6e9fbdd00019cf719",140,"8","once","week 1",0,5,5.906,28,1,1,"Flat"
"5d02bcfe4f34fa00160c90e7",134,"1","twice","week 1",0,5,4.039,19,1,1,"PPM"
"5d02bcfe4f34fa00160c90e7",134,"2","twice","week 1",1,5,10.312,19,1,1,"PPM"
"5d02bcfe4f34fa00160c90e7",134,"3","twice","week 1",0,5,5.817,19,1,1,"PPM"
"5d02bcfe4f34fa00160c90e7",134,"4","twice","week 1",0,5,4.297,19,1,1,"PPM"
"5d02bcfe4f34fa00160c90e7",134,"5","twice","week 1",0,5,5.513,19,1,1,"PPM"
"5d02bcfe4f34fa00160c90e7",134,"6","twice","week 1",0,5,4.843,19,1,1,"PPM"
"5d02bcfe4f34fa00160c90e7",134,"7","twice","week 1",1,5,3.798,19,1,1,"PPM"
"5d02bcfe4f34fa00160c90e7",134,"8","twice","week 1",0,5,9.045,19,1,1,"PPM"
"5d02c54c24dcfd00165f7012",117,"1","once","week 1",0,4,4.506,20,0,1,"PPM"
"5d02c54c24dcfd00165f7012",117,"2","once","week 1",1,4,2.675,20,0,1,"PPM"
"5d02c54c24dcfd00165f7012",117,"3","once","week 1",1,4,7.472,20,0,1,"PPM"
"5d02c54c24dcfd00165f7012",117,"4","once","week 1",0,4,4.042,20,0,1,"PPM"
"5d02c54c24dcfd00165f7012",117,"5","once","week 1",1,4,3.188,20,0,1,"PPM"
"5d02c54c24dcfd00165f7012",117,"6","once","week 1",0,4,2.393,20,0,1,"PPM"
"5d02c54c24dcfd00165f7012",117,"7","once","week 1",1,4,4.472,20,0,1,"PPM"
"5d02c54c24dcfd00165f7012",117,"8","once","week 1",0,4,3.086,20,0,1,"PPM"
"5d0691f7041328001b7814e6",131,"1","once","week 1",0,5,4.631,22,1,1,"Flat-PastRate"
"5d0691f7041328001b7814e6",131,"2","once","week 1",1,5,6.581,22,1,1,"Flat-PastRate"
"5d0691f7041328001b7814e6",131,"3","once","week 1",1,5,5.849,22,1,1,"Flat-PastRate"
"5d0691f7041328001b7814e6",131,"4","once","week 1",0,5,5.375,22,1,1,"Flat-PastRate"
"5d0691f7041328001b7814e6",131,"5","once","week 1",1,5,8.79,22,1,1,"Flat-PastRate"
"5d0691f7041328001b7814e6",131,"6","once","week 1",0,5,6.363,22,1,1,"Flat-PastRate"
"5d0691f7041328001b7814e6",131,"7","once","week 1",0,5,9.574,22,1,1,"Flat-PastRate"
"5d0691f7041328001b7814e6",131,"8","once","week 1",0,5,5.491,22,1,1,"Flat-PastRate"
"5d0cc79d86e3430016414310",120,"1","twice","week 2",0,5,4.623,20,1,1,"Flat-PastRate"
"5d0cc79d86e3430016414310",120,"2","twice","week 2",1,5,5.832,20,1,1,"Flat-PastRate"
"5d0cc79d86e3430016414310",120,"3","twice","week 2",0,5,5.809,20,1,1,"Flat-PastRate"
"5d0cc79d86e3430016414310",120,"4","twice","week 2",0,5,4.219,20,1,1,"Flat-PastRate"
"5d0cc79d86e3430016414310",120,"5","twice","week 2",0,5,13.562,20,1,1,"Flat-PastRate"
"5d0cc79d86e3430016414310",120,"6","twice","week 2",0,5,8.548,20,1,1,"Flat-PastRate"
"5d0cc79d86e3430016414310",120,"7","twice","week 2",0,5,7.484,20,1,1,"Flat-PastRate"
"5d0cc79d86e3430016414310",120,"8","twice","week 2",0,5,5.214,20,1,1,"Flat-PastRate"
"5d128639c5b76100165f832a",144,"1","once","week 2",0,5,5.039,53,0,1,"Flat-PastRate"
"5d128639c5b76100165f832a",144,"2","once","week 2",1,5,5.461,53,0,1,"Flat-PastRate"
"5d128639c5b76100165f832a",144,"3","once","week 2",0,5,7.359,53,0,1,"Flat-PastRate"
"5d128639c5b76100165f832a",144,"4","once","week 2",0,5,5.203,53,0,1,"Flat-PastRate"
"5d128639c5b76100165f832a",144,"5","once","week 2",1,5,6.141,53,0,1,"Flat-PastRate"
"5d128639c5b76100165f832a",144,"6","once","week 2",0,5,7.528,53,0,1,"Flat-PastRate"
"5d128639c5b76100165f832a",144,"7","once","week 2",1,5,5.41,53,0,1,"Flat-PastRate"
"5d128639c5b76100165f832a",144,"8","once","week 2",0,5,13.61,53,0,1,"Flat-PastRate"
"5d131f87906ece001a15fb92",171,"1","twice","week 1",0,5,4.527,20,1,1,"Flat-PastRate"
"5d131f87906ece001a15fb92",171,"2","twice","week 1",1,5,6.195,20,1,1,"Flat-PastRate"
"5d131f87906ece001a15fb92",171,"3","twice","week 1",0,5,11.91,20,1,1,"Flat-PastRate"
"5d131f87906ece001a15fb92",171,"4","twice","week 1",0,5,3.477,20,1,1,"Flat-PastRate"
"5d131f87906ece001a15fb92",171,"5","twice","week 1",1,5,4.926,20,1,1,"Flat-PastRate"
"5d131f87906ece001a15fb92",171,"6","twice","week 1",0,5,4.468,20,1,1,"Flat-PastRate"
"5d131f87906ece001a15fb92",171,"7","twice","week 1",0,5,15.939,20,1,1,"Flat-PastRate"
"5d131f87906ece001a15fb92",171,"8","twice","week 1",0,5,11.872,20,1,1,"Flat-PastRate"
"5d1626efdb7eb7001af1a833",170,"1","once","week 2",0,4,4.499,31,0,1,"PPM"
"5d1626efdb7eb7001af1a833",170,"2","once","week 2",1,4,5.654,31,0,1,"PPM"
"5d1626efdb7eb7001af1a833",170,"3","once","week 2",1,4,8.475,31,0,1,"PPM"
"5d1626efdb7eb7001af1a833",170,"4","once","week 2",1,4,4.223,31,0,1,"PPM"
"5d1626efdb7eb7001af1a833",170,"5","once","week 2",1,4,5.465,31,0,1,"PPM"
"5d1626efdb7eb7001af1a833",170,"6","once","week 2",0,4,11.63,31,0,1,"PPM"
"5d1626efdb7eb7001af1a833",170,"7","once","week 2",1,4,5.721,31,0,1,"PPM"
"5d1626efdb7eb7001af1a833",170,"8","once","week 2",0,4,10.019,31,0,1,"PPM"
"5d1b5bb2e24a990001f3247d",137,"1","once","week 1",0,5,7.031,25,0,0,"Flat-PastRate"
"5d1b5bb2e24a990001f3247d",137,"2","once","week 1",1,5,5.325,25,0,0,"Flat-PastRate"
"5d1b5bb2e24a990001f3247d",137,"3","once","week 1",0,5,11.428,25,0,0,"Flat-PastRate"
"5d1b5bb2e24a990001f3247d",137,"4","once","week 1",0,5,5.828,25,0,0,"Flat-PastRate"
"5d1b5bb2e24a990001f3247d",137,"5","once","week 1",1,5,12.142,25,0,0,"Flat-PastRate"
"5d1b5bb2e24a990001f3247d",137,"6","once","week 1",0,5,15.341,25,0,0,"Flat-PastRate"
"5d1b5bb2e24a990001f3247d",137,"7","once","week 1",0,5,13.747,25,0,0,"Flat-PastRate"
"5d1b5bb2e24a990001f3247d",137,"8","once","week 1",0,5,7.174,25,0,0,"Flat-PastRate"
"5d1f680b4a21e00001818cf2",114,"1","twice","week 1",0,5,8.769,29,0,1,"Flat-PastRate"
"5d1f680b4a21e00001818cf2",114,"2","twice","week 1",1,5,5.904,29,0,1,"Flat-PastRate"
"5d1f680b4a21e00001818cf2",114,"3","twice","week 1",0,5,6.398,29,0,1,"Flat-PastRate"
"5d1f680b4a21e00001818cf2",114,"4","twice","week 1",0,5,12.435,29,0,1,"Flat-PastRate"
"5d1f680b4a21e00001818cf2",114,"5","twice","week 1",1,5,6.816,29,0,1,"Flat-PastRate"
"5d1f680b4a21e00001818cf2",114,"6","twice","week 1",0,5,7.436,29,0,1,"Flat-PastRate"
"5d1f680b4a21e00001818cf2",114,"7","twice","week 1",1,5,5.083,29,0,1,"Flat-PastRate"
"5d1f680b4a21e00001818cf2",114,"8","twice","week 1",0,5,5.367,29,0,1,"Flat-PastRate"
"5d209dad84b46c000177a659",140,"1","twice","week 1",0,5,5.544,25,1,1,"PPM"
"5d209dad84b46c000177a659",140,"2","twice","week 1",0,5,5.055,25,1,1,"PPM"
"5d209dad84b46c000177a659",140,"3","twice","week 1",0,5,11.393,25,1,1,"PPM"
"5d209dad84b46c000177a659",140,"4","twice","week 1",0,5,6.499,25,1,1,"PPM"
"5d209dad84b46c000177a659",140,"5","twice","week 1",0,5,6.575,25,1,1,"PPM"
"5d209dad84b46c000177a659",140,"6","twice","week 1",0,5,7.521,25,1,1,"PPM"
"5d209dad84b46c000177a659",140,"7","twice","week 1",0,5,9.138,25,1,1,"PPM"
"5d209dad84b46c000177a659",140,"8","twice","week 1",0,5,5.412,25,1,1,"PPM"
"5d2202ffa80a600017d967b5",141,"1","once","week 2",0,5,4.653,19,1,1,"PPM"
"5d2202ffa80a600017d967b5",141,"2","once","week 2",1,5,3.416,19,1,1,"PPM"
"5d2202ffa80a600017d967b5",141,"3","once","week 2",1,5,7.278,19,1,1,"PPM"
"5d2202ffa80a600017d967b5",141,"4","once","week 2",0,5,5.493,19,1,1,"PPM"
"5d2202ffa80a600017d967b5",141,"5","once","week 2",1,5,7.898,19,1,1,"PPM"
"5d2202ffa80a600017d967b5",141,"6","once","week 2",0,5,4.517,19,1,1,"PPM"
"5d2202ffa80a600017d967b5",141,"7","once","week 2",1,5,4.594,19,1,1,"PPM"
"5d2202ffa80a600017d967b5",141,"8","once","week 2",0,5,5.369,19,1,1,"PPM"
"5d26311d948902000131c225",142,"1","twice","week 2",0,4,6.749,30,0,0,"Flat"
"5d26311d948902000131c225",142,"2","twice","week 2",1,4,4.845,30,0,0,"Flat"
"5d26311d948902000131c225",142,"3","twice","week 2",0,4,10.15,30,0,0,"Flat"
"5d26311d948902000131c225",142,"4","twice","week 2",0,4,15.221,30,0,0,"Flat"
"5d26311d948902000131c225",142,"5","twice","week 2",0,4,9.228,30,0,0,"Flat"
"5d26311d948902000131c225",142,"6","twice","week 2",0,4,7.637,30,0,0,"Flat"
"5d26311d948902000131c225",142,"7","twice","week 2",1,4,6.344,30,0,0,"Flat"
"5d26311d948902000131c225",142,"8","twice","week 2",0,4,12.943,30,0,0,"Flat"
"5d3587a13e11900001093ae8",121,"1","once","week 1",1,5,3.983,26,1,0,"Flat-PastRate"
"5d3587a13e11900001093ae8",121,"2","once","week 1",1,5,4.818,26,1,0,"Flat-PastRate"
"5d3587a13e11900001093ae8",121,"3","once","week 1",0,5,6.274,26,1,0,"Flat-PastRate"
"5d3587a13e11900001093ae8",121,"4","once","week 1",0,5,9.209,26,1,0,"Flat-PastRate"
"5d3587a13e11900001093ae8",121,"5","once","week 1",0,5,8.977,26,1,0,"Flat-PastRate"
"5d3587a13e11900001093ae8",121,"6","once","week 1",0,5,3.81,26,1,0,"Flat-PastRate"
"5d3587a13e11900001093ae8",121,"7","once","week 1",1,5,13.996,26,1,0,"Flat-PastRate"
"5d3587a13e11900001093ae8",121,"8","once","week 1",0,5,2.941,26,1,0,"Flat-PastRate"
"5d37763a3cedb40001afecf5",115,"1","once","week 1",0,5,4.249,29,1,1,"Flat"
"5d37763a3cedb40001afecf5",115,"2","once","week 1",1,5,3.36,29,1,1,"Flat"
"5d37763a3cedb40001afecf5",115,"3","once","week 1",1,5,6.893,29,1,1,"Flat"
"5d37763a3cedb40001afecf5",115,"4","once","week 1",0,5,3.928,29,1,1,"Flat"
"5d37763a3cedb40001afecf5",115,"5","once","week 1",0,5,4.099,29,1,1,"Flat"
"5d37763a3cedb40001afecf5",115,"6","once","week 1",0,5,8.029,29,1,1,"Flat"
"5d37763a3cedb40001afecf5",115,"7","once","week 1",1,5,5.132,29,1,1,"Flat"
"5d37763a3cedb40001afecf5",115,"8","once","week 1",0,5,4.117,29,1,1,"Flat"
"5d3b8c160c782a0019e0b205",168,"1","twice","week 2",0,5,4.118,20,1,1,"PPM"
"5d3b8c160c782a0019e0b205",168,"2","twice","week 2",1,5,6.484,20,1,1,"PPM"
"5d3b8c160c782a0019e0b205",168,"3","twice","week 2",0,5,4.963,20,1,1,"PPM"
"5d3b8c160c782a0019e0b205",168,"4","twice","week 2",0,5,5.175,20,1,1,"PPM"
"5d3b8c160c782a0019e0b205",168,"5","twice","week 2",1,5,13.062,20,1,1,"PPM"
"5d3b8c160c782a0019e0b205",168,"6","twice","week 2",0,5,6.771,20,1,1,"PPM"
"5d3b8c160c782a0019e0b205",168,"7","twice","week 2",0,5,22.024,20,1,1,"PPM"
"5d3b8c160c782a0019e0b205",168,"8","twice","week 2",0,5,7.235,20,1,1,"PPM"
"5d3bfbebfd9694001a2d0f99",109,"1","once","week 1",0,5,5.086,33,0,1,"Flat-PastRate"
"5d3bfbebfd9694001a2d0f99",109,"2","once","week 1",1,5,12.139,33,0,1,"Flat-PastRate"
"5d3bfbebfd9694001a2d0f99",109,"3","once","week 1",0,5,8.683,33,0,1,"Flat-PastRate"
"5d3bfbebfd9694001a2d0f99",109,"4","once","week 1",1,5,8.652,33,0,1,"Flat-PastRate"
"5d3bfbebfd9694001a2d0f99",109,"5","once","week 1",1,5,7.125,33,0,1,"Flat-PastRate"
"5d3bfbebfd9694001a2d0f99",109,"6","once","week 1",1,5,5.499,33,0,1,"Flat-PastRate"
"5d3bfbebfd9694001a2d0f99",109,"7","once","week 1",1,5,5.076,33,0,1,"Flat-PastRate"
"5d3bfbebfd9694001a2d0f99",109,"8","once","week 1",0,5,6.371,33,0,1,"Flat-PastRate"
"5d494efbc83d9f00012610af",144,"1","once","week 2",0,5,8.369,22,1,1,"PPM"
"5d494efbc83d9f00012610af",144,"2","once","week 2",1,5,3.261,22,1,1,"PPM"
"5d494efbc83d9f00012610af",144,"3","once","week 2",0,5,4.842,22,1,1,"PPM"
"5d494efbc83d9f00012610af",144,"4","once","week 2",0,5,3.679,22,1,1,"PPM"
"5d494efbc83d9f00012610af",144,"5","once","week 2",1,5,8.723,22,1,1,"PPM"
"5d494efbc83d9f00012610af",144,"6","once","week 2",0,5,6.814,22,1,1,"PPM"
"5d494efbc83d9f00012610af",144,"7","once","week 2",1,5,5.741,22,1,1,"PPM"
"5d494efbc83d9f00012610af",144,"8","once","week 2",0,5,5.034,22,1,1,"PPM"
"5d4d73167ec86f001a21fd79",309,"1","once","week 2",0,5,5.194,19,1,1,"PPM"
"5d4d73167ec86f001a21fd79",309,"2","once","week 2",0,5,5.653,19,1,1,"PPM"
"5d4d73167ec86f001a21fd79",309,"3","once","week 2",0,5,11.289,19,1,1,"PPM"
"5d4d73167ec86f001a21fd79",309,"4","once","week 2",0,5,4.945,19,1,1,"PPM"
"5d4d73167ec86f001a21fd79",309,"5","once","week 2",0,5,16.266,19,1,1,"PPM"
"5d4d73167ec86f001a21fd79",309,"6","once","week 2",0,5,6.782,19,1,1,"PPM"
"5d4d73167ec86f001a21fd79",309,"7","once","week 2",0,5,11.633,19,1,1,"PPM"
"5d4d73167ec86f001a21fd79",309,"8","once","week 2",0,5,5.24,19,1,1,"PPM"
"5d5407a0b45aff00019815e1",198,"1","once","week 1",0,5,4.158,25,1,1,"Flat"
"5d5407a0b45aff00019815e1",198,"2","once","week 1",1,5,29.697,25,1,1,"Flat"
"5d5407a0b45aff00019815e1",198,"3","once","week 1",0,5,6.587,25,1,1,"Flat"
"5d5407a0b45aff00019815e1",198,"4","once","week 1",0,5,4.471,25,1,1,"Flat"
"5d5407a0b45aff00019815e1",198,"5","once","week 1",0,5,7.212,25,1,1,"Flat"
"5d5407a0b45aff00019815e1",198,"6","once","week 1",0,5,17.025,25,1,1,"Flat"
"5d5407a0b45aff00019815e1",198,"7","once","week 1",0,5,5.572,25,1,1,"Flat"
"5d5407a0b45aff00019815e1",198,"8","once","week 1",0,5,8.519,25,1,1,"Flat"
"5d5d21bedbca72001d7cfd68",112,"1","once","week 1",0,4,2.562,19,1,1,"Flat"
"5d5d21bedbca72001d7cfd68",112,"2","once","week 1",1,4,3.347,19,1,1,"Flat"
"5d5d21bedbca72001d7cfd68",112,"3","once","week 1",0,4,3.709,19,1,1,"Flat"
"5d5d21bedbca72001d7cfd68",112,"4","once","week 1",0,4,2.598,19,1,1,"Flat"
"5d5d21bedbca72001d7cfd68",112,"5","once","week 1",1,4,8.267,19,1,1,"Flat"
"5d5d21bedbca72001d7cfd68",112,"6","once","week 1",0,4,3.213,19,1,1,"Flat"
"5d5d21bedbca72001d7cfd68",112,"7","once","week 1",0,4,4.88,19,1,1,"Flat"
"5d5d21bedbca72001d7cfd68",112,"8","once","week 1",0,4,4.102,19,1,1,"Flat"
"5d61a78c6512d700179fad0e",200,"1","once","week 2",0,5,12.852,30,1,0,"PPM"
"5d61a78c6512d700179fad0e",200,"2","once","week 2",1,5,9.692,30,1,0,"PPM"
"5d61a78c6512d700179fad0e",200,"3","once","week 2",1,5,6.547,30,1,0,"PPM"
"5d61a78c6512d700179fad0e",200,"4","once","week 2",0,5,9.666,30,1,0,"PPM"
"5d61a78c6512d700179fad0e",200,"5","once","week 2",1,5,12.085,30,1,0,"PPM"
"5d61a78c6512d700179fad0e",200,"6","once","week 2",0,5,8.22,30,1,0,"PPM"
"5d61a78c6512d700179fad0e",200,"7","once","week 2",1,5,11.194,30,1,0,"PPM"
"5d61a78c6512d700179fad0e",200,"8","once","week 2",0,5,9.682,30,1,0,"PPM"
"5d63bd330052e900015868d2",103,"1","once","week 1",0,5,3.67,34,1,1,"Flat-PastRate"
"5d63bd330052e900015868d2",103,"2","once","week 1",0,5,3.971,34,1,1,"Flat-PastRate"
"5d63bd330052e900015868d2",103,"3","once","week 1",0,5,5.185,34,1,1,"Flat-PastRate"
"5d63bd330052e900015868d2",103,"4","once","week 1",0,5,5.605,34,1,1,"Flat-PastRate"
"5d63bd330052e900015868d2",103,"5","once","week 1",0,5,7.686,34,1,1,"Flat-PastRate"
"5d63bd330052e900015868d2",103,"6","once","week 1",0,5,3.886,34,1,1,"Flat-PastRate"
"5d63bd330052e900015868d2",103,"7","once","week 1",1,5,7.009,34,1,1,"Flat-PastRate"
"5d63bd330052e900015868d2",103,"8","once","week 1",0,5,5.892,34,1,1,"Flat-PastRate"
"5d650da7855d77000110db2b",158,"1","twice","week 1",0,5,5.637,51,1,1,"Flat"
"5d650da7855d77000110db2b",158,"2","twice","week 1",0,5,5.501,51,1,1,"Flat"
"5d650da7855d77000110db2b",158,"3","twice","week 1",0,5,12.89,51,1,1,"Flat"
"5d650da7855d77000110db2b",158,"4","twice","week 1",0,5,8.833,51,1,1,"Flat"
"5d650da7855d77000110db2b",158,"5","twice","week 1",0,5,5.934,51,1,1,"Flat"
"5d650da7855d77000110db2b",158,"6","twice","week 1",0,5,6.119,51,1,1,"Flat"
"5d650da7855d77000110db2b",158,"7","twice","week 1",0,5,2.738,51,1,1,"Flat"
"5d650da7855d77000110db2b",158,"8","twice","week 1",0,5,5.339,51,1,1,"Flat"
"5d6804c894f4cf0017cc9ad0",203,"1","once","week 1",0,4,8.89,29,1,1,"Flat-PastRate"
"5d6804c894f4cf0017cc9ad0",203,"2","once","week 1",1,4,8.094,29,1,1,"Flat-PastRate"
"5d6804c894f4cf0017cc9ad0",203,"3","once","week 1",0,4,11.372,29,1,1,"Flat-PastRate"
"5d6804c894f4cf0017cc9ad0",203,"4","once","week 1",0,4,7.614,29,1,1,"Flat-PastRate"
"5d6804c894f4cf0017cc9ad0",203,"5","once","week 1",0,4,21.299,29,1,1,"Flat-PastRate"
"5d6804c894f4cf0017cc9ad0",203,"6","once","week 1",0,4,4.9,29,1,1,"Flat-PastRate"
"5d6804c894f4cf0017cc9ad0",203,"7","once","week 1",0,4,10.565,29,1,1,"Flat-PastRate"
"5d6804c894f4cf0017cc9ad0",203,"8","once","week 1",0,4,15.257,29,1,1,"Flat-PastRate"
"5d68133c08c075001555aea7",126,"1","once","week 2",0,5,13.085,39,0,1,"Flat-PastRate"
"5d68133c08c075001555aea7",126,"2","once","week 2",1,5,7,39,0,1,"Flat-PastRate"
"5d68133c08c075001555aea7",126,"3","once","week 2",0,5,7.826,39,0,1,"Flat-PastRate"
"5d68133c08c075001555aea7",126,"4","once","week 2",0,5,4.337,39,0,1,"Flat-PastRate"
"5d68133c08c075001555aea7",126,"5","once","week 2",0,5,11.366,39,0,1,"Flat-PastRate"
"5d68133c08c075001555aea7",126,"6","once","week 2",0,5,18.372,39,0,1,"Flat-PastRate"
"5d68133c08c075001555aea7",126,"7","once","week 2",1,5,5.37,39,0,1,"Flat-PastRate"
"5d68133c08c075001555aea7",126,"8","once","week 2",0,5,5.307,39,0,1,"Flat-PastRate"
"5d701587f10bb80001c1f3d2",108,"1","once","week 1",0,5,2.259,26,1,1,"PPM"
"5d701587f10bb80001c1f3d2",108,"2","once","week 1",1,5,3.756,26,1,1,"PPM"
"5d701587f10bb80001c1f3d2",108,"3","once","week 1",1,5,6.583,26,1,1,"PPM"
"5d701587f10bb80001c1f3d2",108,"4","once","week 1",0,5,5.25,26,1,1,"PPM"
"5d701587f10bb80001c1f3d2",108,"5","once","week 1",1,5,7.273,26,1,1,"PPM"
"5d701587f10bb80001c1f3d2",108,"6","once","week 1",0,5,2.498,26,1,1,"PPM"
"5d701587f10bb80001c1f3d2",108,"7","once","week 1",0,5,5.912,26,1,1,"PPM"
"5d701587f10bb80001c1f3d2",108,"8","once","week 1",0,5,6.908,26,1,1,"PPM"
"5d753f9afaed210001bf2ea0",172,"1","twice","week 2",0,5,2.46,NA,1,1,"Flat-PastRate"
"5d753f9afaed210001bf2ea0",172,"2","twice","week 2",0,5,7.401,NA,1,1,"Flat-PastRate"
"5d753f9afaed210001bf2ea0",172,"3","twice","week 2",0,5,13.401,NA,1,1,"Flat-PastRate"
"5d753f9afaed210001bf2ea0",172,"4","twice","week 2",0,5,5.359,NA,1,1,"Flat-PastRate"
"5d753f9afaed210001bf2ea0",172,"5","twice","week 2",0,5,11.279,NA,1,1,"Flat-PastRate"
"5d753f9afaed210001bf2ea0",172,"6","twice","week 2",1,5,7.243,NA,1,1,"Flat-PastRate"
"5d753f9afaed210001bf2ea0",172,"7","twice","week 2",0,5,4.951,NA,1,1,"Flat-PastRate"
"5d753f9afaed210001bf2ea0",172,"8","twice","week 2",0,5,3.874,NA,1,1,"Flat-PastRate"
"5d77dd17856f69001adacef6",126,"1","once","week 1",0,5,5.586,27,1,1,"Flat"
"5d77dd17856f69001adacef6",126,"2","once","week 1",1,5,7.103,27,1,1,"Flat"
"5d77dd17856f69001adacef6",126,"3","once","week 1",1,5,8.462,27,1,1,"Flat"
"5d77dd17856f69001adacef6",126,"4","once","week 1",0,5,15.467,27,1,1,"Flat"
"5d77dd17856f69001adacef6",126,"5","once","week 1",0,5,16.383,27,1,1,"Flat"
"5d77dd17856f69001adacef6",126,"6","once","week 1",0,5,4.277,27,1,1,"Flat"
"5d77dd17856f69001adacef6",126,"7","once","week 1",0,5,11.554,27,1,1,"Flat"
"5d77dd17856f69001adacef6",126,"8","once","week 1",0,5,4.734,27,1,1,"Flat"
"5d7807b537d04e00181e9639",95,"1","twice","week 2",0,5,6.636,20,1,1,"Flat-PastRate"
"5d7807b537d04e00181e9639",95,"2","twice","week 2",1,5,6.775,20,1,1,"Flat-PastRate"
"5d7807b537d04e00181e9639",95,"3","twice","week 2",0,5,4.831,20,1,1,"Flat-PastRate"
"5d7807b537d04e00181e9639",95,"4","twice","week 2",0,5,12.084,20,1,1,"Flat-PastRate"
"5d7807b537d04e00181e9639",95,"5","twice","week 2",0,5,5.347,20,1,1,"Flat-PastRate"
"5d7807b537d04e00181e9639",95,"6","twice","week 2",1,5,5.603,20,1,1,"Flat-PastRate"
"5d7807b537d04e00181e9639",95,"7","twice","week 2",0,5,4.736,20,1,1,"Flat-PastRate"
"5d7807b537d04e00181e9639",95,"8","twice","week 2",0,5,3.161,20,1,1,"Flat-PastRate"
"5d78986d4531b9001508752d",108,"1","twice","week 1",0,5,3.177,33,0,1,"Flat-PastRate"
"5d78986d4531b9001508752d",108,"2","twice","week 1",1,5,4.177,33,0,1,"Flat-PastRate"
"5d78986d4531b9001508752d",108,"3","twice","week 1",0,5,8.573,33,0,1,"Flat-PastRate"
"5d78986d4531b9001508752d",108,"4","twice","week 1",0,5,4.19,33,0,1,"Flat-PastRate"
"5d78986d4531b9001508752d",108,"5","twice","week 1",0,5,4.65,33,0,1,"Flat-PastRate"
"5d78986d4531b9001508752d",108,"6","twice","week 1",0,5,4.019,33,0,1,"Flat-PastRate"
"5d78986d4531b9001508752d",108,"7","twice","week 1",1,5,4.344,33,0,1,"Flat-PastRate"
"5d78986d4531b9001508752d",108,"8","twice","week 1",0,5,2.26,33,0,1,"Flat-PastRate"
"5d7bb2b8bbfa960018fa2d9d",142,"1","twice","week 2",0,5,6.7,23,1,1,"PPM"
"5d7bb2b8bbfa960018fa2d9d",142,"2","twice","week 2",1,5,3.818,23,1,1,"PPM"
"5d7bb2b8bbfa960018fa2d9d",142,"3","twice","week 2",1,5,3.844,23,1,1,"PPM"
"5d7bb2b8bbfa960018fa2d9d",142,"4","twice","week 2",0,5,6.214,23,1,1,"PPM"
"5d7bb2b8bbfa960018fa2d9d",142,"5","twice","week 2",0,5,4.748,23,1,1,"PPM"
"5d7bb2b8bbfa960018fa2d9d",142,"6","twice","week 2",0,5,6.26,23,1,1,"PPM"
"5d7bb2b8bbfa960018fa2d9d",142,"7","twice","week 2",1,5,15.198,23,1,1,"PPM"
"5d7bb2b8bbfa960018fa2d9d",142,"8","twice","week 2",0,5,5.734,23,1,1,"PPM"
"5d7cb3b8647c5800013a0334",71,"1","once","week 2",0,5,2.56,33,0,1,"Flat-PastRate"
"5d7cb3b8647c5800013a0334",71,"2","once","week 2",1,5,4.223,33,0,1,"Flat-PastRate"
"5d7cb3b8647c5800013a0334",71,"3","once","week 2",0,5,3.731,33,0,1,"Flat-PastRate"
"5d7cb3b8647c5800013a0334",71,"4","once","week 2",0,5,4.085,33,0,1,"Flat-PastRate"
"5d7cb3b8647c5800013a0334",71,"5","once","week 2",0,5,3.749,33,0,1,"Flat-PastRate"
"5d7cb3b8647c5800013a0334",71,"6","once","week 2",0,5,2.805,33,0,1,"Flat-PastRate"
"5d7cb3b8647c5800013a0334",71,"7","once","week 2",1,5,2.379,33,0,1,"Flat-PastRate"
"5d7cb3b8647c5800013a0334",71,"8","once","week 2",0,5,3.604,33,0,1,"Flat-PastRate"
"5d7e41fbdae2e70018884408",128,"1","twice","week 2",1,5,7.782,19,1,0,"Flat"
"5d7e41fbdae2e70018884408",128,"2","twice","week 2",1,5,4.599,19,1,0,"Flat"
"5d7e41fbdae2e70018884408",128,"3","twice","week 2",1,5,9.009,19,1,0,"Flat"
"5d7e41fbdae2e70018884408",128,"4","twice","week 2",1,5,4.252,19,1,0,"Flat"
"5d7e41fbdae2e70018884408",128,"5","twice","week 2",0,5,5.219,19,1,0,"Flat"
"5d7e41fbdae2e70018884408",128,"6","twice","week 2",1,5,10.811,19,1,0,"Flat"
"5d7e41fbdae2e70018884408",128,"7","twice","week 2",1,5,7.117,19,1,0,"Flat"
"5d7e41fbdae2e70018884408",128,"8","twice","week 2",0,5,11.682,19,1,0,"Flat"
"5d8b37a1f37dce0019341e39",200,"1","twice","week 1",1,5,7.163,22,1,1,"PPM"
"5d8b37a1f37dce0019341e39",200,"2","twice","week 1",1,5,32.587,22,1,1,"PPM"
"5d8b37a1f37dce0019341e39",200,"3","twice","week 1",1,5,5.758,22,1,1,"PPM"
"5d8b37a1f37dce0019341e39",200,"4","twice","week 1",0,5,50.622,22,1,1,"PPM"
"5d8b37a1f37dce0019341e39",200,"5","twice","week 1",0,5,7.623,22,1,1,"PPM"
"5d8b37a1f37dce0019341e39",200,"6","twice","week 1",0,5,16.767,22,1,1,"PPM"
"5d8b37a1f37dce0019341e39",200,"7","twice","week 1",1,5,5.597,22,1,1,"PPM"
"5d8b37a1f37dce0019341e39",200,"8","twice","week 1",0,5,6.363,22,1,1,"PPM"
"5d9354932f8730001a5f8fca",114,"1","once","week 2",0,5,4.958,22,1,1,"Flat"
"5d9354932f8730001a5f8fca",114,"2","once","week 2",0,5,3.871,22,1,1,"Flat"
"5d9354932f8730001a5f8fca",114,"3","once","week 2",1,5,15.75,22,1,1,"Flat"
"5d9354932f8730001a5f8fca",114,"4","once","week 2",0,5,4.668,22,1,1,"Flat"
"5d9354932f8730001a5f8fca",114,"5","once","week 2",0,5,3.351,22,1,1,"Flat"
"5d9354932f8730001a5f8fca",114,"6","once","week 2",0,5,4.758,22,1,1,"Flat"
"5d9354932f8730001a5f8fca",114,"7","once","week 2",0,5,4.962,22,1,1,"Flat"
"5d9354932f8730001a5f8fca",114,"8","once","week 2",0,5,4.476,22,1,1,"Flat"
"5d93c49c3d68db0018d3f372",108,"1","twice","week 2",0,5,12.305,21,1,1,"Flat-PastRate"
"5d93c49c3d68db0018d3f372",108,"2","twice","week 2",1,5,5.298,21,1,1,"Flat-PastRate"
"5d93c49c3d68db0018d3f372",108,"3","twice","week 2",1,5,4.58,21,1,1,"Flat-PastRate"
"5d93c49c3d68db0018d3f372",108,"4","twice","week 2",1,5,4.904,21,1,1,"Flat-PastRate"
"5d93c49c3d68db0018d3f372",108,"5","twice","week 2",1,5,3.551,21,1,1,"Flat-PastRate"
"5d93c49c3d68db0018d3f372",108,"6","twice","week 2",1,5,7.105,21,1,1,"Flat-PastRate"
"5d93c49c3d68db0018d3f372",108,"7","twice","week 2",0,5,6.272,21,1,1,"Flat-PastRate"
"5d93c49c3d68db0018d3f372",108,"8","twice","week 2",0,5,8.345,21,1,1,"Flat-PastRate"
"5d95c116fa70c50018fc6e9e",123,"1","twice","week 2",0,5,3.197,20,1,1,"Flat"
"5d95c116fa70c50018fc6e9e",123,"2","twice","week 2",1,5,4.725,20,1,1,"Flat"
"5d95c116fa70c50018fc6e9e",123,"3","twice","week 2",0,5,10.093,20,1,1,"Flat"
"5d95c116fa70c50018fc6e9e",123,"4","twice","week 2",0,5,4.746,20,1,1,"Flat"
"5d95c116fa70c50018fc6e9e",123,"5","twice","week 2",0,5,11.711,20,1,1,"Flat"
"5d95c116fa70c50018fc6e9e",123,"6","twice","week 2",1,5,5.688,20,1,1,"Flat"
"5d95c116fa70c50018fc6e9e",123,"7","twice","week 2",0,5,8.638,20,1,1,"Flat"
"5d95c116fa70c50018fc6e9e",123,"8","twice","week 2",0,5,3.782,20,1,1,"Flat"
"5d95fe287f664d0016591f9b",278,"1","twice","week 2",0,4,8.565,19,1,1,"PPM"
"5d95fe287f664d0016591f9b",278,"2","twice","week 2",1,4,3.195,19,1,1,"PPM"
"5d95fe287f664d0016591f9b",278,"3","twice","week 2",0,4,8.679,19,1,1,"PPM"
"5d95fe287f664d0016591f9b",278,"4","twice","week 2",0,4,17.869,19,1,1,"PPM"
"5d95fe287f664d0016591f9b",278,"5","twice","week 2",0,4,8.38,19,1,1,"PPM"
"5d95fe287f664d0016591f9b",278,"6","twice","week 2",0,4,7.206,19,1,1,"PPM"
"5d95fe287f664d0016591f9b",278,"7","twice","week 2",1,4,5.443,19,1,1,"PPM"
"5d95fe287f664d0016591f9b",278,"8","twice","week 2",0,4,4.252,19,1,1,"PPM"
"5d973ebf47985300199edb9b",88,"1","once","week 1",1,5,4.057,19,1,0,"Flat-PastRate"
"5d973ebf47985300199edb9b",88,"2","once","week 1",1,5,9.578,19,1,0,"Flat-PastRate"
"5d973ebf47985300199edb9b",88,"3","once","week 1",0,5,4.637,19,1,0,"Flat-PastRate"
"5d973ebf47985300199edb9b",88,"4","once","week 1",0,5,3.432,19,1,0,"Flat-PastRate"
"5d973ebf47985300199edb9b",88,"5","once","week 1",0,5,4.169,19,1,0,"Flat-PastRate"
"5d973ebf47985300199edb9b",88,"6","once","week 1",0,5,3.395,19,1,0,"Flat-PastRate"
"5d973ebf47985300199edb9b",88,"7","once","week 1",1,5,3.223,19,1,0,"Flat-PastRate"
"5d973ebf47985300199edb9b",88,"8","once","week 1",0,5,12.334,19,1,0,"Flat-PastRate"
"5d9cac8dfe9f29001758b61f",78,"1","twice","week 2",0,5,2.081,22,1,1,"Flat-PastRate"
"5d9cac8dfe9f29001758b61f",78,"2","twice","week 2",0,5,2.368,22,1,1,"Flat-PastRate"
"5d9cac8dfe9f29001758b61f",78,"3","twice","week 2",0,5,4.672,22,1,1,"Flat-PastRate"
"5d9cac8dfe9f29001758b61f",78,"4","twice","week 2",0,5,2.167,22,1,1,"Flat-PastRate"
"5d9cac8dfe9f29001758b61f",78,"5","twice","week 2",0,5,9.178,22,1,1,"Flat-PastRate"
"5d9cac8dfe9f29001758b61f",78,"6","twice","week 2",0,5,2.305,22,1,1,"Flat-PastRate"
"5d9cac8dfe9f29001758b61f",78,"7","twice","week 2",0,5,5.515,22,1,1,"Flat-PastRate"
"5d9cac8dfe9f29001758b61f",78,"8","twice","week 2",0,5,2.906,22,1,1,"Flat-PastRate"
"5d9cc7e8d81c510017447d62",229,"1","twice","week 1",0,4,12.229,23,1,0,"PPM"
"5d9cc7e8d81c510017447d62",229,"2","twice","week 1",1,4,8.617,23,1,0,"PPM"
"5d9cc7e8d81c510017447d62",229,"3","twice","week 1",0,4,7.708,23,1,0,"PPM"
"5d9cc7e8d81c510017447d62",229,"4","twice","week 1",0,4,9.936,23,1,0,"PPM"
"5d9cc7e8d81c510017447d62",229,"5","twice","week 1",1,4,22.1,23,1,0,"PPM"
"5d9cc7e8d81c510017447d62",229,"6","twice","week 1",0,4,4.955,23,1,0,"PPM"
"5d9cc7e8d81c510017447d62",229,"7","twice","week 1",1,4,11.454,23,1,0,"PPM"
"5d9cc7e8d81c510017447d62",229,"8","twice","week 1",0,4,4.851,23,1,0,"PPM"
"5d9f5cae4d62c40010ae40e6",107,"1","twice","week 2",0,5,2.725,21,1,1,"Flat"
"5d9f5cae4d62c40010ae40e6",107,"2","twice","week 2",1,5,3.097,21,1,1,"Flat"
"5d9f5cae4d62c40010ae40e6",107,"3","twice","week 2",0,5,9.614,21,1,1,"Flat"
"5d9f5cae4d62c40010ae40e6",107,"4","twice","week 2",0,5,6.965,21,1,1,"Flat"
"5d9f5cae4d62c40010ae40e6",107,"5","twice","week 2",0,5,3.999,21,1,1,"Flat"
"5d9f5cae4d62c40010ae40e6",107,"6","twice","week 2",0,5,4.496,21,1,1,"Flat"
"5d9f5cae4d62c40010ae40e6",107,"7","twice","week 2",0,5,4.142,21,1,1,"Flat"
"5d9f5cae4d62c40010ae40e6",107,"8","twice","week 2",0,5,5.175,21,1,1,"Flat"
"5da0846e3c503a0012d7455a",131,"1","once","week 2",1,4,11.797,22,0,0,"PPM"
"5da0846e3c503a0012d7455a",131,"2","once","week 2",1,4,5.106,22,0,0,"PPM"
"5da0846e3c503a0012d7455a",131,"3","once","week 2",1,4,6.273,22,0,0,"PPM"
"5da0846e3c503a0012d7455a",131,"4","once","week 2",0,4,2.693,22,0,0,"PPM"
"5da0846e3c503a0012d7455a",131,"5","once","week 2",1,4,5.568,22,0,0,"PPM"
"5da0846e3c503a0012d7455a",131,"6","once","week 2",0,4,6.053,22,0,0,"PPM"
"5da0846e3c503a0012d7455a",131,"7","once","week 2",1,4,6.77,22,0,0,"PPM"
"5da0846e3c503a0012d7455a",131,"8","once","week 2",0,4,8.408,22,0,0,"PPM"
"5da83385e8bf0200113c3c6e",323,"1","twice","week 1",0,5,5.365,19,1,0,"PPM"
"5da83385e8bf0200113c3c6e",323,"2","twice","week 1",1,5,33.794,19,1,0,"PPM"
"5da83385e8bf0200113c3c6e",323,"3","twice","week 1",0,5,57.52,19,1,0,"PPM"
"5da83385e8bf0200113c3c6e",323,"4","twice","week 1",0,5,24.452,19,1,0,"PPM"
"5da83385e8bf0200113c3c6e",323,"5","twice","week 1",0,5,59.116,19,1,0,"PPM"
"5da83385e8bf0200113c3c6e",323,"6","twice","week 1",0,5,6.048,19,1,0,"PPM"
"5da83385e8bf0200113c3c6e",323,"7","twice","week 1",1,5,16.924,19,1,0,"PPM"
"5da83385e8bf0200113c3c6e",323,"8","twice","week 1",0,5,6.553,19,1,0,"PPM"
"5dadacfb949a4d00151f5236",103,"1","twice","week 2",0,4,3.55,20,1,1,"Flat-PastRate"
"5dadacfb949a4d00151f5236",103,"2","twice","week 2",1,4,9.638,20,1,1,"Flat-PastRate"
"5dadacfb949a4d00151f5236",103,"3","twice","week 2",1,4,5.821,20,1,1,"Flat-PastRate"
"5dadacfb949a4d00151f5236",103,"4","twice","week 2",1,4,7.573,20,1,1,"Flat-PastRate"
"5dadacfb949a4d00151f5236",103,"5","twice","week 2",0,4,4.694,20,1,1,"Flat-PastRate"
"5dadacfb949a4d00151f5236",103,"6","twice","week 2",0,4,4.055,20,1,1,"Flat-PastRate"
"5dadacfb949a4d00151f5236",103,"7","twice","week 2",1,4,16.377,20,1,1,"Flat-PastRate"
"5dadacfb949a4d00151f5236",103,"8","twice","week 2",0,4,4.936,20,1,1,"Flat-PastRate"
"5dadad6c44ca72001572c8a4",122,"1","once","week 1",0,4,4.571,20,1,1,"Flat-PastRate"
"5dadad6c44ca72001572c8a4",122,"2","once","week 1",1,4,5.776,20,1,1,"Flat-PastRate"
"5dadad6c44ca72001572c8a4",122,"3","once","week 1",1,4,23.566,20,1,1,"Flat-PastRate"
"5dadad6c44ca72001572c8a4",122,"4","once","week 1",0,4,3.493,20,1,1,"Flat-PastRate"
"5dadad6c44ca72001572c8a4",122,"5","once","week 1",1,4,11.36,20,1,1,"Flat-PastRate"
"5dadad6c44ca72001572c8a4",122,"6","once","week 1",0,4,3.783,20,1,1,"Flat-PastRate"
"5dadad6c44ca72001572c8a4",122,"7","once","week 1",1,4,3.729,20,1,1,"Flat-PastRate"
"5dadad6c44ca72001572c8a4",122,"8","once","week 1",1,4,5.044,20,1,1,"Flat-PastRate"
"5db33578fc2558000e7eae2b",119,"1","twice","week 2",0,5,3.315,27,0,1,"Flat"
"5db33578fc2558000e7eae2b",119,"2","twice","week 2",0,5,7.634,27,0,1,"Flat"
"5db33578fc2558000e7eae2b",119,"3","twice","week 2",0,5,16.045,27,0,1,"Flat"
"5db33578fc2558000e7eae2b",119,"4","twice","week 2",0,5,8.351,27,0,1,"Flat"
"5db33578fc2558000e7eae2b",119,"5","twice","week 2",0,5,8.796,27,0,1,"Flat"
"5db33578fc2558000e7eae2b",119,"6","twice","week 2",0,5,7.248,27,0,1,"Flat"
"5db33578fc2558000e7eae2b",119,"7","twice","week 2",0,5,5.965,27,0,1,"Flat"
"5db33578fc2558000e7eae2b",119,"8","twice","week 2",0,5,4.887,27,0,1,"Flat"
"5db377e194f0e7000f3766e3",93,"1","twice","week 1",0,5,3.621,21,1,1,"Flat"
"5db377e194f0e7000f3766e3",93,"2","twice","week 1",0,5,2.882,21,1,1,"Flat"
"5db377e194f0e7000f3766e3",93,"3","twice","week 1",0,5,2.878,21,1,1,"Flat"
"5db377e194f0e7000f3766e3",93,"4","twice","week 1",0,5,5.519,21,1,1,"Flat"
"5db377e194f0e7000f3766e3",93,"5","twice","week 1",0,5,2.823,21,1,1,"Flat"
"5db377e194f0e7000f3766e3",93,"6","twice","week 1",0,5,2.372,21,1,1,"Flat"
"5db377e194f0e7000f3766e3",93,"7","twice","week 1",1,5,5.332,21,1,1,"Flat"
"5db377e194f0e7000f3766e3",93,"8","twice","week 1",0,5,2.239,21,1,1,"Flat"
"5db71dae2fe96d000b5be6ea",277,"1","once","week 1",0,5,11.277,23,1,0,"Flat-PastRate"
"5db71dae2fe96d000b5be6ea",277,"2","once","week 1",1,5,5.076,23,1,0,"Flat-PastRate"
"5db71dae2fe96d000b5be6ea",277,"3","once","week 1",1,5,9.353,23,1,0,"Flat-PastRate"
"5db71dae2fe96d000b5be6ea",277,"4","once","week 1",0,5,7.309,23,1,0,"Flat-PastRate"
"5db71dae2fe96d000b5be6ea",277,"5","once","week 1",1,5,30.215,23,1,0,"Flat-PastRate"
"5db71dae2fe96d000b5be6ea",277,"6","once","week 1",1,5,18.111,23,1,0,"Flat-PastRate"
"5db71dae2fe96d000b5be6ea",277,"7","once","week 1",0,5,14.956,23,1,0,"Flat-PastRate"
"5db71dae2fe96d000b5be6ea",277,"8","once","week 1",0,5,7.659,23,1,0,"Flat-PastRate"
"5db853720f6ebd000ba94ed8",145,"1","twice","week 2",0,5,6.676,27,1,1,"Flat-PastRate"
"5db853720f6ebd000ba94ed8",145,"2","twice","week 2",1,5,12.345,27,1,1,"Flat-PastRate"
"5db853720f6ebd000ba94ed8",145,"3","twice","week 2",0,5,14.137,27,1,1,"Flat-PastRate"
"5db853720f6ebd000ba94ed8",145,"4","twice","week 2",0,5,4.994,27,1,1,"Flat-PastRate"
"5db853720f6ebd000ba94ed8",145,"5","twice","week 2",0,5,9.021,27,1,1,"Flat-PastRate"
"5db853720f6ebd000ba94ed8",145,"6","twice","week 2",1,5,12.994,27,1,1,"Flat-PastRate"
"5db853720f6ebd000ba94ed8",145,"7","twice","week 2",0,5,8.215,27,1,1,"Flat-PastRate"
"5db853720f6ebd000ba94ed8",145,"8","twice","week 2",0,5,4.919,27,1,1,"Flat-PastRate"
"5db8a4f15f7e1a000a20d09c",105,"1","once","week 1",0,5,4.47,25,0,1,"Flat-PastRate"
"5db8a4f15f7e1a000a20d09c",105,"2","once","week 1",0,5,2.185,25,0,1,"Flat-PastRate"
"5db8a4f15f7e1a000a20d09c",105,"3","once","week 1",0,5,4.054,25,0,1,"Flat-PastRate"
"5db8a4f15f7e1a000a20d09c",105,"4","once","week 1",0,5,7.1,25,0,1,"Flat-PastRate"
"5db8a4f15f7e1a000a20d09c",105,"5","once","week 1",0,5,2.489,25,0,1,"Flat-PastRate"
"5db8a4f15f7e1a000a20d09c",105,"6","once","week 1",0,5,3.713,25,0,1,"Flat-PastRate"
"5db8a4f15f7e1a000a20d09c",105,"7","once","week 1",0,5,6.862,25,0,1,"Flat-PastRate"
"5db8a4f15f7e1a000a20d09c",105,"8","once","week 1",0,5,5.388,25,0,1,"Flat-PastRate"
"5dbe0fff15de0132ac0e6d1e",118,"1","twice","week 2",0,5,11.592,24,1,1,"Flat-PastRate"
"5dbe0fff15de0132ac0e6d1e",118,"2","twice","week 2",1,5,5.142,24,1,1,"Flat-PastRate"
"5dbe0fff15de0132ac0e6d1e",118,"3","twice","week 2",0,5,10.061,24,1,1,"Flat-PastRate"
"5dbe0fff15de0132ac0e6d1e",118,"4","twice","week 2",1,5,6.813,24,1,1,"Flat-PastRate"
"5dbe0fff15de0132ac0e6d1e",118,"5","twice","week 2",0,5,7.294,24,1,1,"Flat-PastRate"
"5dbe0fff15de0132ac0e6d1e",118,"6","twice","week 2",1,5,7.043,24,1,1,"Flat-PastRate"
"5dbe0fff15de0132ac0e6d1e",118,"7","twice","week 2",0,5,5.449,24,1,1,"Flat-PastRate"
"5dbe0fff15de0132ac0e6d1e",118,"8","twice","week 2",0,5,4.153,24,1,1,"Flat-PastRate"
"5dbf0a10cd12db3b944ea75b",213,"1","twice","week 2",0,5,2.59,19,1,1,"Flat-PastRate"
"5dbf0a10cd12db3b944ea75b",213,"2","twice","week 2",0,5,13.606,19,1,1,"Flat-PastRate"
"5dbf0a10cd12db3b944ea75b",213,"3","twice","week 2",0,5,4.894,19,1,1,"Flat-PastRate"
"5dbf0a10cd12db3b944ea75b",213,"4","twice","week 2",0,5,8.542,19,1,1,"Flat-PastRate"
"5dbf0a10cd12db3b944ea75b",213,"5","twice","week 2",0,5,36.874,19,1,1,"Flat-PastRate"
"5dbf0a10cd12db3b944ea75b",213,"6","twice","week 2",0,5,5.314,19,1,1,"Flat-PastRate"
"5dbf0a10cd12db3b944ea75b",213,"7","twice","week 2",0,5,8.662,19,1,1,"Flat-PastRate"
"5dbf0a10cd12db3b944ea75b",213,"8","twice","week 2",0,5,3.742,19,1,1,"Flat-PastRate"
"5dc30c1d4fbc3e22f0344bdc",89,"1","once","week 1",0,5,2.707,27,0,0,"Flat-PastRate"
"5dc30c1d4fbc3e22f0344bdc",89,"2","once","week 1",1,5,2.911,27,0,0,"Flat-PastRate"
"5dc30c1d4fbc3e22f0344bdc",89,"3","once","week 1",0,5,10.582,27,0,0,"Flat-PastRate"
"5dc30c1d4fbc3e22f0344bdc",89,"4","once","week 1",0,5,8.248,27,0,0,"Flat-PastRate"
"5dc30c1d4fbc3e22f0344bdc",89,"5","once","week 1",0,5,7.205,27,0,0,"Flat-PastRate"
"5dc30c1d4fbc3e22f0344bdc",89,"6","once","week 1",0,5,4.199,27,0,0,"Flat-PastRate"
"5dc30c1d4fbc3e22f0344bdc",89,"7","once","week 1",1,5,5.508,27,0,0,"Flat-PastRate"
"5dc30c1d4fbc3e22f0344bdc",89,"8","once","week 1",0,5,6.551,27,0,0,"Flat-PastRate"
"5dc6a4036a24b54b39a1474c",60,"1","twice","week 1",0,5,3.597,20,0,1,"Flat"
"5dc6a4036a24b54b39a1474c",60,"2","twice","week 1",0,5,3.072,20,0,1,"Flat"
"5dc6a4036a24b54b39a1474c",60,"3","twice","week 1",0,5,1.651,20,0,1,"Flat"
"5dc6a4036a24b54b39a1474c",60,"4","twice","week 1",0,5,2.383,20,0,1,"Flat"
"5dc6a4036a24b54b39a1474c",60,"5","twice","week 1",0,5,1.702,20,0,1,"Flat"
"5dc6a4036a24b54b39a1474c",60,"6","twice","week 1",0,5,2.427,20,0,1,"Flat"
"5dc6a4036a24b54b39a1474c",60,"7","twice","week 1",1,5,3.073,20,0,1,"Flat"
"5dc6a4036a24b54b39a1474c",60,"8","twice","week 1",1,5,3.793,20,0,1,"Flat"
"5dd0a6c48a3c5e17b0668046",139,"1","twice","week 2",0,5,6.074,19,1,1,"Flat-PastRate"
"5dd0a6c48a3c5e17b0668046",139,"2","twice","week 2",1,5,5.683,19,1,1,"Flat-PastRate"
"5dd0a6c48a3c5e17b0668046",139,"3","twice","week 2",0,5,7.204,19,1,1,"Flat-PastRate"
"5dd0a6c48a3c5e17b0668046",139,"4","twice","week 2",0,5,4.368,19,1,1,"Flat-PastRate"
"5dd0a6c48a3c5e17b0668046",139,"5","twice","week 2",1,5,6.11,19,1,1,"Flat-PastRate"
"5dd0a6c48a3c5e17b0668046",139,"6","twice","week 2",0,5,17.054,19,1,1,"Flat-PastRate"
"5dd0a6c48a3c5e17b0668046",139,"7","twice","week 2",1,5,5.828,19,1,1,"Flat-PastRate"
"5dd0a6c48a3c5e17b0668046",139,"8","twice","week 2",0,5,5.299,19,1,1,"Flat-PastRate"
"5dd54295108b674f352d63a1",194,"1","twice","week 1",0,5,4.301,22,1,1,"Flat"
"5dd54295108b674f352d63a1",194,"2","twice","week 1",0,5,30.811,22,1,1,"Flat"
"5dd54295108b674f352d63a1",194,"3","twice","week 1",0,5,7.8,22,1,1,"Flat"
"5dd54295108b674f352d63a1",194,"4","twice","week 1",0,5,5.399,22,1,1,"Flat"
"5dd54295108b674f352d63a1",194,"5","twice","week 1",0,5,19.604,22,1,1,"Flat"
"5dd54295108b674f352d63a1",194,"6","twice","week 1",0,5,19.034,22,1,1,"Flat"
"5dd54295108b674f352d63a1",194,"7","twice","week 1",0,5,4.096,22,1,1,"Flat"
"5dd54295108b674f352d63a1",194,"8","twice","week 1",0,5,9.101,22,1,1,"Flat"
"5dda54951986eb9b96b41f59",77,"1","twice","week 1",0,5,2.052,18,1,1,"Flat"
"5dda54951986eb9b96b41f59",77,"2","twice","week 1",1,5,4.596,18,1,1,"Flat"
"5dda54951986eb9b96b41f59",77,"3","twice","week 1",0,5,3.843,18,1,1,"Flat"
"5dda54951986eb9b96b41f59",77,"4","twice","week 1",0,5,3.001,18,1,1,"Flat"
"5dda54951986eb9b96b41f59",77,"5","twice","week 1",1,5,4.054,18,1,1,"Flat"
"5dda54951986eb9b96b41f59",77,"6","twice","week 1",0,5,2.692,18,1,1,"Flat"
"5dda54951986eb9b96b41f59",77,"7","twice","week 1",0,5,3.567,18,1,1,"Flat"
"5dda54951986eb9b96b41f59",77,"8","twice","week 1",0,5,2.683,18,1,1,"Flat"
"5ddd11de5a40f2c69a22a2a2",103,"1","twice","week 1",0,5,2.873,19,1,1,"Flat-PastRate"
"5ddd11de5a40f2c69a22a2a2",103,"2","twice","week 1",0,5,7.503,19,1,1,"Flat-PastRate"
"5ddd11de5a40f2c69a22a2a2",103,"3","twice","week 1",0,5,4.015,19,1,1,"Flat-PastRate"
"5ddd11de5a40f2c69a22a2a2",103,"4","twice","week 1",0,5,5.896,19,1,1,"Flat-PastRate"
"5ddd11de5a40f2c69a22a2a2",103,"5","twice","week 1",1,5,5.843,19,1,1,"Flat-PastRate"
"5ddd11de5a40f2c69a22a2a2",103,"6","twice","week 1",0,5,4.272,19,1,1,"Flat-PastRate"
"5ddd11de5a40f2c69a22a2a2",103,"7","twice","week 1",0,5,3.951,19,1,1,"Flat-PastRate"
"5ddd11de5a40f2c69a22a2a2",103,"8","twice","week 1",0,5,3.295,19,1,1,"Flat-PastRate"
"5de016f1a63c7b0947c54c6b",346,"1","twice","week 2",0,5,12.618,28,1,0,"Flat-PastRate"
"5de016f1a63c7b0947c54c6b",346,"2","twice","week 2",0,5,18.362,28,1,0,"Flat-PastRate"
"5de016f1a63c7b0947c54c6b",346,"3","twice","week 2",0,5,13.346,28,1,0,"Flat-PastRate"
"5de016f1a63c7b0947c54c6b",346,"4","twice","week 2",0,5,18.002,28,1,0,"Flat-PastRate"
"5de016f1a63c7b0947c54c6b",346,"5","twice","week 2",1,5,14.806,28,1,0,"Flat-PastRate"
"5de016f1a63c7b0947c54c6b",346,"6","twice","week 2",0,5,14.861,28,1,0,"Flat-PastRate"
"5de016f1a63c7b0947c54c6b",346,"7","twice","week 2",0,5,32.217,28,1,0,"Flat-PastRate"
"5de016f1a63c7b0947c54c6b",346,"8","twice","week 2",0,5,10.152,28,1,0,"Flat-PastRate"
"5de0803843e90d0fcc462b13",191,"1","twice","week 2",0,4,3.217,27,0,1,"PPM"
"5de0803843e90d0fcc462b13",191,"2","twice","week 2",1,4,32.91,27,0,1,"PPM"
"5de0803843e90d0fcc462b13",191,"3","twice","week 2",1,4,4.885,27,0,1,"PPM"
"5de0803843e90d0fcc462b13",191,"4","twice","week 2",0,4,5.168,27,0,1,"PPM"
"5de0803843e90d0fcc462b13",191,"5","twice","week 2",1,4,12.203,27,0,1,"PPM"
"5de0803843e90d0fcc462b13",191,"6","twice","week 2",0,4,10.449,27,0,1,"PPM"
"5de0803843e90d0fcc462b13",191,"7","twice","week 2",0,4,3.591,27,0,1,"PPM"
"5de0803843e90d0fcc462b13",191,"8","twice","week 2",0,4,4.739,27,0,1,"PPM"
"5dee55cbbc4b5c4f6bfe9468",165,"1","twice","week 2",0,4,2,27,0,1,"PPM"
"5dee55cbbc4b5c4f6bfe9468",165,"2","twice","week 2",0,4,13.663,27,0,1,"PPM"
"5dee55cbbc4b5c4f6bfe9468",165,"3","twice","week 2",0,4,5.517,27,0,1,"PPM"
"5dee55cbbc4b5c4f6bfe9468",165,"4","twice","week 2",0,4,6.597,27,0,1,"PPM"
"5dee55cbbc4b5c4f6bfe9468",165,"5","twice","week 2",1,4,8.656,27,0,1,"PPM"
"5dee55cbbc4b5c4f6bfe9468",165,"6","twice","week 2",0,4,13.415,27,0,1,"PPM"
"5dee55cbbc4b5c4f6bfe9468",165,"7","twice","week 2",1,4,10.76,27,0,1,"PPM"
"5dee55cbbc4b5c4f6bfe9468",165,"8","twice","week 2",0,4,6.53,27,0,1,"PPM"
"5deeae4afe675754baef331c",95,"1","twice","week 2",0,5,3.311,20,1,1,"Flat-PastRate"
"5deeae4afe675754baef331c",95,"2","twice","week 2",0,5,7.862,20,1,1,"Flat-PastRate"
"5deeae4afe675754baef331c",95,"3","twice","week 2",1,5,8.573,20,1,1,"Flat-PastRate"
"5deeae4afe675754baef331c",95,"4","twice","week 2",1,5,8.372,20,1,1,"Flat-PastRate"
"5deeae4afe675754baef331c",95,"5","twice","week 2",1,5,4.755,20,1,1,"Flat-PastRate"
"5deeae4afe675754baef331c",95,"6","twice","week 2",1,5,3.976,20,1,1,"Flat-PastRate"
"5deeae4afe675754baef331c",95,"7","twice","week 2",1,5,4.445,20,1,1,"Flat-PastRate"
"5deeae4afe675754baef331c",95,"8","twice","week 2",0,5,3.021,20,1,1,"Flat-PastRate"
"5deeb0b931a7e054a1be30e6",163,"1","once","week 1",1,5,6.148,20,1,1,"PPM"
"5deeb0b931a7e054a1be30e6",163,"2","once","week 1",1,5,8.025,20,1,1,"PPM"
"5deeb0b931a7e054a1be30e6",163,"3","once","week 1",0,5,9.419,20,1,1,"PPM"
"5deeb0b931a7e054a1be30e6",163,"4","once","week 1",0,5,8.867,20,1,1,"PPM"
"5deeb0b931a7e054a1be30e6",163,"5","once","week 1",1,5,8.1,20,1,1,"PPM"
"5deeb0b931a7e054a1be30e6",163,"6","once","week 1",0,5,7.201,20,1,1,"PPM"
"5deeb0b931a7e054a1be30e6",163,"7","once","week 1",1,5,8.501,20,1,1,"PPM"
"5deeb0b931a7e054a1be30e6",163,"8","once","week 1",0,5,6.7,20,1,1,"PPM"
"5df4d2d8e297d536051bd215",82,"1","twice","week 2",0,5,3.735,26,1,1,"Flat"
"5df4d2d8e297d536051bd215",82,"2","twice","week 2",0,5,4.14,26,1,1,"Flat"
"5df4d2d8e297d536051bd215",82,"3","twice","week 2",0,5,4.718,26,1,1,"Flat"
"5df4d2d8e297d536051bd215",82,"4","twice","week 2",0,5,2.612,26,1,1,"Flat"
"5df4d2d8e297d536051bd215",82,"5","twice","week 2",0,5,4.1,26,1,1,"Flat"
"5df4d2d8e297d536051bd215",82,"6","twice","week 2",0,5,8.22,26,1,1,"Flat"
"5df4d2d8e297d536051bd215",82,"7","twice","week 2",0,5,3.743,26,1,1,"Flat"
"5df4d2d8e297d536051bd215",82,"8","twice","week 2",0,5,5.127,26,1,1,"Flat"
"5dfd0442c4fba502ac52a918",187,"1","twice","week 1",0,5,34.279,20,1,0,"Flat"
"5dfd0442c4fba502ac52a918",187,"2","twice","week 1",0,5,9.659,20,1,0,"Flat"
"5dfd0442c4fba502ac52a918",187,"3","twice","week 1",0,5,13.449,20,1,0,"Flat"
"5dfd0442c4fba502ac52a918",187,"4","twice","week 1",0,5,8.676,20,1,0,"Flat"
"5dfd0442c4fba502ac52a918",187,"5","twice","week 1",0,5,9.068,20,1,0,"Flat"
"5dfd0442c4fba502ac52a918",187,"6","twice","week 1",1,5,19.889,20,1,0,"Flat"
"5dfd0442c4fba502ac52a918",187,"7","twice","week 1",0,5,26.504,20,1,0,"Flat"
"5dfd0442c4fba502ac52a918",187,"8","twice","week 1",0,5,5.775,20,1,0,"Flat"
"5dfe6f8018e869b0afbd65ca",526,"1","once","week 2",0,5,4.171,24,1,1,"PPM"
"5dfe6f8018e869b0afbd65ca",526,"2","once","week 2",1,5,11.925,24,1,1,"PPM"
"5dfe6f8018e869b0afbd65ca",526,"3","once","week 2",0,5,10.428,24,1,1,"PPM"
"5dfe6f8018e869b0afbd65ca",526,"4","once","week 2",0,5,5.543,24,1,1,"PPM"
"5dfe6f8018e869b0afbd65ca",526,"5","once","week 2",1,5,5.013,24,1,1,"PPM"
"5dfe6f8018e869b0afbd65ca",526,"6","once","week 2",0,5,6.595,24,1,1,"PPM"
"5dfe6f8018e869b0afbd65ca",526,"7","once","week 2",0,5,8.902,24,1,1,"PPM"
"5dfe6f8018e869b0afbd65ca",526,"8","once","week 2",0,5,9.327,24,1,1,"PPM"
"5dffec287adf4bc24db21677",197,"1","once","week 1",0,5,6.251,42,0,1,"PPM"
"5dffec287adf4bc24db21677",197,"2","once","week 1",1,5,3.959,42,0,1,"PPM"
"5dffec287adf4bc24db21677",197,"3","once","week 1",0,5,10.15,42,0,1,"PPM"
"5dffec287adf4bc24db21677",197,"4","once","week 1",0,5,5.485,42,0,1,"PPM"
"5dffec287adf4bc24db21677",197,"5","once","week 1",1,5,5.497,42,0,1,"PPM"
"5dffec287adf4bc24db21677",197,"6","once","week 1",0,5,3.53,42,0,1,"PPM"
"5dffec287adf4bc24db21677",197,"7","once","week 1",0,5,9.352,42,0,1,"PPM"
"5dffec287adf4bc24db21677",197,"8","once","week 1",0,5,4.904,42,0,1,"PPM"
"5e076044dc265f0d23386aae",96,"1","once","week 1",0,5,10.315,19,0,1,"Flat"
"5e076044dc265f0d23386aae",96,"2","once","week 1",1,5,2.156,19,0,1,"Flat"
"5e076044dc265f0d23386aae",96,"3","once","week 1",0,5,4.94,19,0,1,"Flat"
"5e076044dc265f0d23386aae",96,"4","once","week 1",0,5,4.593,19,0,1,"Flat"
"5e076044dc265f0d23386aae",96,"5","once","week 1",1,5,5.434,19,0,1,"Flat"
"5e076044dc265f0d23386aae",96,"6","once","week 1",0,5,6.327,19,0,1,"Flat"
"5e076044dc265f0d23386aae",96,"7","once","week 1",0,5,3.098,19,0,1,"Flat"
"5e076044dc265f0d23386aae",96,"8","once","week 1",0,5,3.045,19,0,1,"Flat"
"5e0d967dbbaeff4f1003e941",81,"1","once","week 2",1,5,4.152,29,1,1,"Flat-PastRate"
"5e0d967dbbaeff4f1003e941",81,"2","once","week 2",1,5,3.408,29,1,1,"Flat-PastRate"
"5e0d967dbbaeff4f1003e941",81,"3","once","week 2",0,5,6.114,29,1,1,"Flat-PastRate"
"5e0d967dbbaeff4f1003e941",81,"4","once","week 2",0,5,2.26,29,1,1,"Flat-PastRate"
"5e0d967dbbaeff4f1003e941",81,"5","once","week 2",1,5,3.781,29,1,1,"Flat-PastRate"
"5e0d967dbbaeff4f1003e941",81,"6","once","week 2",0,5,3.354,29,1,1,"Flat-PastRate"
"5e0d967dbbaeff4f1003e941",81,"7","once","week 2",1,5,4.814,29,1,1,"Flat-PastRate"
"5e0d967dbbaeff4f1003e941",81,"8","once","week 2",0,5,4.129,29,1,1,"Flat-PastRate"
"5e0fdde8b638537085d51b6c",206,"1","once","week 2",0,5,2.964,26,1,1,"Flat-PastRate"
"5e0fdde8b638537085d51b6c",206,"2","once","week 2",1,5,4.699,26,1,1,"Flat-PastRate"
"5e0fdde8b638537085d51b6c",206,"3","once","week 2",1,5,31.4,26,1,1,"Flat-PastRate"
"5e0fdde8b638537085d51b6c",206,"4","once","week 2",1,5,2.721,26,1,1,"Flat-PastRate"
"5e0fdde8b638537085d51b6c",206,"5","once","week 2",1,5,6.845,26,1,1,"Flat-PastRate"
"5e0fdde8b638537085d51b6c",206,"6","once","week 2",0,5,6.26,26,1,1,"Flat-PastRate"
"5e0fdde8b638537085d51b6c",206,"7","once","week 2",1,5,3.067,26,1,1,"Flat-PastRate"
"5e0fdde8b638537085d51b6c",206,"8","once","week 2",0,5,3.498,26,1,1,"Flat-PastRate"
"5e17539b62e93406168e8957",150,"1","twice","week 1",0,5,2.864,35,1,1,"PPM"
"5e17539b62e93406168e8957",150,"2","twice","week 1",0,5,10.267,35,1,1,"PPM"
"5e17539b62e93406168e8957",150,"3","twice","week 1",0,5,6.459,35,1,1,"PPM"
"5e17539b62e93406168e8957",150,"4","twice","week 1",0,5,6.833,35,1,1,"PPM"
"5e17539b62e93406168e8957",150,"5","twice","week 1",0,5,16.223,35,1,1,"PPM"
"5e17539b62e93406168e8957",150,"6","twice","week 1",1,5,20.359,35,1,1,"PPM"
"5e17539b62e93406168e8957",150,"7","twice","week 1",0,5,4.354,35,1,1,"PPM"
"5e17539b62e93406168e8957",150,"8","twice","week 1",0,5,3.267,35,1,1,"PPM"
"5e185aa1c5d9d7000b9c4149",82,"1","once","week 1",1,5,6.196,21,1,1,"Flat"
"5e185aa1c5d9d7000b9c4149",82,"2","once","week 1",1,5,7.898,21,1,1,"Flat"
"5e185aa1c5d9d7000b9c4149",82,"3","once","week 1",1,5,6.519,21,1,1,"Flat"
"5e185aa1c5d9d7000b9c4149",82,"4","once","week 1",0,5,4.107,21,1,1,"Flat"
"5e185aa1c5d9d7000b9c4149",82,"5","once","week 1",1,5,3.454,21,1,1,"Flat"
"5e185aa1c5d9d7000b9c4149",82,"6","once","week 1",0,5,3.378,21,1,1,"Flat"
"5e185aa1c5d9d7000b9c4149",82,"7","once","week 1",1,5,3.623,21,1,1,"Flat"
"5e185aa1c5d9d7000b9c4149",82,"8","once","week 1",0,5,7.756,21,1,1,"Flat"
"5e1876aa7018aa148a843ece",191,"1","once","week 1",0,5,3.402,21,1,1,"PPM"
"5e1876aa7018aa148a843ece",191,"2","once","week 1",1,5,6.382,21,1,1,"PPM"
"5e1876aa7018aa148a843ece",191,"3","once","week 1",0,5,6.807,21,1,1,"PPM"
"5e1876aa7018aa148a843ece",191,"4","once","week 1",1,5,7.328,21,1,1,"PPM"
"5e1876aa7018aa148a843ece",191,"5","once","week 1",1,5,7.202,21,1,1,"PPM"
"5e1876aa7018aa148a843ece",191,"6","once","week 1",0,5,9.745,21,1,1,"PPM"
"5e1876aa7018aa148a843ece",191,"7","once","week 1",1,5,6.454,21,1,1,"PPM"
"5e1876aa7018aa148a843ece",191,"8","once","week 1",0,5,10.331,21,1,1,"PPM"
"5e19af8708b5ba232a45629a",196,"1","twice","week 1",0,4,3.839,20,1,0,"Flat"
"5e19af8708b5ba232a45629a",196,"2","twice","week 1",1,4,6.604,20,1,0,"Flat"
"5e19af8708b5ba232a45629a",196,"3","twice","week 1",0,4,16.327,20,1,0,"Flat"
"5e19af8708b5ba232a45629a",196,"4","twice","week 1",0,4,15.492,20,1,0,"Flat"
"5e19af8708b5ba232a45629a",196,"5","twice","week 1",0,4,13.376,20,1,0,"Flat"
"5e19af8708b5ba232a45629a",196,"6","twice","week 1",0,4,4.824,20,1,0,"Flat"
"5e19af8708b5ba232a45629a",196,"7","twice","week 1",0,4,24.088,20,1,0,"Flat"
"5e19af8708b5ba232a45629a",196,"8","twice","week 1",0,4,9.679,20,1,0,"Flat"
"5e201890d6b7e131dd2bb2dd",162,"1","twice","week 2",0,5,8.325,19,1,1,"Flat-PastRate"
"5e201890d6b7e131dd2bb2dd",162,"2","twice","week 2",0,5,6.01,19,1,1,"Flat-PastRate"
"5e201890d6b7e131dd2bb2dd",162,"3","twice","week 2",0,5,6.763,19,1,1,"Flat-PastRate"
"5e201890d6b7e131dd2bb2dd",162,"4","twice","week 2",0,5,5.054,19,1,1,"Flat-PastRate"
"5e201890d6b7e131dd2bb2dd",162,"5","twice","week 2",0,5,10.051,19,1,1,"Flat-PastRate"
"5e201890d6b7e131dd2bb2dd",162,"6","twice","week 2",0,5,18.35,19,1,1,"Flat-PastRate"
"5e201890d6b7e131dd2bb2dd",162,"7","twice","week 2",0,5,7.618,19,1,1,"Flat-PastRate"
"5e201890d6b7e131dd2bb2dd",162,"8","twice","week 2",1,5,12.385,19,1,1,"Flat-PastRate"
"5e25e96fd9ab6083b581ed08",339,"1","once","week 2",0,5,4.018,22,1,0,"Flat-PastRate"
"5e25e96fd9ab6083b581ed08",339,"2","once","week 2",0,5,36.73,22,1,0,"Flat-PastRate"
"5e25e96fd9ab6083b581ed08",339,"3","once","week 2",0,5,14.553,22,1,0,"Flat-PastRate"
"5e25e96fd9ab6083b581ed08",339,"4","once","week 2",0,5,6.5,22,1,0,"Flat-PastRate"
"5e25e96fd9ab6083b581ed08",339,"5","once","week 2",0,5,22.081,22,1,0,"Flat-PastRate"
"5e25e96fd9ab6083b581ed08",339,"6","once","week 2",0,5,9.614,22,1,0,"Flat-PastRate"
"5e25e96fd9ab6083b581ed08",339,"7","once","week 2",0,5,36.156,22,1,0,"Flat-PastRate"
"5e25e96fd9ab6083b581ed08",339,"8","once","week 2",0,5,14.221,22,1,0,"Flat-PastRate"
"5e26285cbb31cc8845606403",169,"1","twice","week 1",0,5,6.036,20,1,1,"Flat-PastRate"
"5e26285cbb31cc8845606403",169,"2","twice","week 1",0,5,5.545,20,1,1,"Flat-PastRate"
"5e26285cbb31cc8845606403",169,"3","twice","week 1",0,5,6.861,20,1,1,"Flat-PastRate"
"5e26285cbb31cc8845606403",169,"4","twice","week 1",0,5,37.662,20,1,1,"Flat-PastRate"
"5e26285cbb31cc8845606403",169,"5","twice","week 1",0,5,10.881,20,1,1,"Flat-PastRate"
"5e26285cbb31cc8845606403",169,"6","twice","week 1",1,5,15.448,20,1,1,"Flat-PastRate"
"5e26285cbb31cc8845606403",169,"7","twice","week 1",1,5,6.486,20,1,1,"Flat-PastRate"
"5e26285cbb31cc8845606403",169,"8","twice","week 1",0,5,4.673,20,1,1,"Flat-PastRate"
"5e2abe71c449a810e90ce7c1",190,"1","twice","week 2",0,5,4.42,20,0,1,"Flat-PastRate"
"5e2abe71c449a810e90ce7c1",190,"2","twice","week 2",0,5,10.968,20,0,1,"Flat-PastRate"
"5e2abe71c449a810e90ce7c1",190,"3","twice","week 2",0,5,7.326,20,0,1,"Flat-PastRate"
"5e2abe71c449a810e90ce7c1",190,"4","twice","week 2",0,5,5.022,20,0,1,"Flat-PastRate"
"5e2abe71c449a810e90ce7c1",190,"5","twice","week 2",0,5,17.591,20,0,1,"Flat-PastRate"
"5e2abe71c449a810e90ce7c1",190,"6","twice","week 2",0,5,7.24,20,0,1,"Flat-PastRate"
"5e2abe71c449a810e90ce7c1",190,"7","twice","week 2",1,5,7.442,20,0,1,"Flat-PastRate"
"5e2abe71c449a810e90ce7c1",190,"8","twice","week 2",0,5,7.497,20,0,1,"Flat-PastRate"
"5e2afb5b970346000a080075",153,"1","twice","week 2",0,5,3.912,25,1,1,"Flat"
"5e2afb5b970346000a080075",153,"2","twice","week 2",0,5,5.506,25,1,1,"Flat"
"5e2afb5b970346000a080075",153,"3","twice","week 2",0,5,9.35,25,1,1,"Flat"
"5e2afb5b970346000a080075",153,"4","twice","week 2",0,5,5.744,25,1,1,"Flat"
"5e2afb5b970346000a080075",153,"5","twice","week 2",0,5,17.333,25,1,1,"Flat"
"5e2afb5b970346000a080075",153,"6","twice","week 2",0,5,8.568,25,1,1,"Flat"
"5e2afb5b970346000a080075",153,"7","twice","week 2",1,5,11.018,25,1,1,"Flat"
"5e2afb5b970346000a080075",153,"8","twice","week 2",0,5,6.184,25,1,1,"Flat"
"5e2eb30e270214000b247d1b",102,"1","twice","week 2",0,5,4.301,28,0,1,"Flat"
"5e2eb30e270214000b247d1b",102,"2","twice","week 2",0,5,6.123,28,0,1,"Flat"
"5e2eb30e270214000b247d1b",102,"3","twice","week 2",0,5,5.011,28,0,1,"Flat"
"5e2eb30e270214000b247d1b",102,"4","twice","week 2",0,5,3.48,28,0,1,"Flat"
"5e2eb30e270214000b247d1b",102,"5","twice","week 2",0,5,8.816,28,0,1,"Flat"
"5e2eb30e270214000b247d1b",102,"6","twice","week 2",0,5,4.877,28,0,1,"Flat"
"5e2eb30e270214000b247d1b",102,"7","twice","week 2",1,5,6.515,28,0,1,"Flat"
"5e2eb30e270214000b247d1b",102,"8","twice","week 2",0,5,4.165,28,0,1,"Flat"
"5e3964db34f9ab172aac9283",187,"1","twice","week 2",0,5,4.657,20,1,1,"Flat-PastRate"
"5e3964db34f9ab172aac9283",187,"2","twice","week 2",1,5,6.87,20,1,1,"Flat-PastRate"
"5e3964db34f9ab172aac9283",187,"3","twice","week 2",0,5,4.768,20,1,1,"Flat-PastRate"
"5e3964db34f9ab172aac9283",187,"4","twice","week 2",1,5,16.215,20,1,1,"Flat-PastRate"
"5e3964db34f9ab172aac9283",187,"5","twice","week 2",1,5,15.452,20,1,1,"Flat-PastRate"
"5e3964db34f9ab172aac9283",187,"6","twice","week 2",1,5,11.339,20,1,1,"Flat-PastRate"
"5e3964db34f9ab172aac9283",187,"7","twice","week 2",1,5,5.3,20,1,1,"Flat-PastRate"
"5e3964db34f9ab172aac9283",187,"8","twice","week 2",0,5,4.649,20,1,1,"Flat-PastRate"
"5e398a6ef906aa19bb160842",150,"1","twice","week 1",0,5,4.922,20,1,1,"Flat"
"5e398a6ef906aa19bb160842",150,"2","twice","week 1",0,5,3.928,20,1,1,"Flat"
"5e398a6ef906aa19bb160842",150,"3","twice","week 1",0,5,5.548,20,1,1,"Flat"
"5e398a6ef906aa19bb160842",150,"4","twice","week 1",0,5,6.871,20,1,1,"Flat"
"5e398a6ef906aa19bb160842",150,"5","twice","week 1",0,5,7.927,20,1,1,"Flat"
"5e398a6ef906aa19bb160842",150,"6","twice","week 1",0,5,3.518,20,1,1,"Flat"
"5e398a6ef906aa19bb160842",150,"7","twice","week 1",1,5,8.235,20,1,1,"Flat"
"5e398a6ef906aa19bb160842",150,"8","twice","week 1",0,5,5.725,20,1,1,"Flat"
"5e399832a6df461b2f4db341",187,"1","once","week 2",0,5,31.358,23,1,1,"PPM"
"5e399832a6df461b2f4db341",187,"2","once","week 2",0,5,5.423,23,1,1,"PPM"
"5e399832a6df461b2f4db341",187,"3","once","week 2",0,5,5.918,23,1,1,"PPM"
"5e399832a6df461b2f4db341",187,"4","once","week 2",0,5,3.529,23,1,1,"PPM"
"5e399832a6df461b2f4db341",187,"5","once","week 2",0,5,8.231,23,1,1,"PPM"
"5e399832a6df461b2f4db341",187,"6","once","week 2",0,5,8.155,23,1,1,"PPM"
"5e399832a6df461b2f4db341",187,"7","once","week 2",0,5,11.535,23,1,1,"PPM"
"5e399832a6df461b2f4db341",187,"8","once","week 2",1,5,5.532,23,1,1,"PPM"
"5e3b42f6986aab000b194033",85,"1","twice","week 1",0,5,3.694,27,1,1,"Flat"
"5e3b42f6986aab000b194033",85,"2","twice","week 1",0,5,4.826,27,1,1,"Flat"
"5e3b42f6986aab000b194033",85,"3","twice","week 1",0,5,3.485,27,1,1,"Flat"
"5e3b42f6986aab000b194033",85,"4","twice","week 1",0,5,3.228,27,1,1,"Flat"
"5e3b42f6986aab000b194033",85,"5","twice","week 1",1,5,5.343,27,1,1,"Flat"
"5e3b42f6986aab000b194033",85,"6","twice","week 1",0,5,6.415,27,1,1,"Flat"
"5e3b42f6986aab000b194033",85,"7","twice","week 1",1,5,4.397,27,1,1,"Flat"
"5e3b42f6986aab000b194033",85,"8","twice","week 1",0,5,2.854,27,1,1,"Flat"
"5e3c7cf5eaf82406cfd6b815",131,"1","once","week 2",0,5,4.558,55,1,1,"Flat-PastRate"
"5e3c7cf5eaf82406cfd6b815",131,"2","once","week 2",0,5,12.517,55,1,1,"Flat-PastRate"
"5e3c7cf5eaf82406cfd6b815",131,"3","once","week 2",0,5,5.499,55,1,1,"Flat-PastRate"
"5e3c7cf5eaf82406cfd6b815",131,"4","once","week 2",0,5,8.004,55,1,1,"Flat-PastRate"
"5e3c7cf5eaf82406cfd6b815",131,"5","once","week 2",1,5,8.358,55,1,1,"Flat-PastRate"
"5e3c7cf5eaf82406cfd6b815",131,"6","once","week 2",0,5,4.587,55,1,1,"Flat-PastRate"
"5e3c7cf5eaf82406cfd6b815",131,"7","once","week 2",1,5,7.255,55,1,1,"Flat-PastRate"
"5e3c7cf5eaf82406cfd6b815",131,"8","once","week 2",0,5,5.181,55,1,1,"Flat-PastRate"
"5e3cb8b34a4f380aa4e72538",103,"1","once","week 2",0,5,3.401,19,0,1,"Flat"
"5e3cb8b34a4f380aa4e72538",103,"2","once","week 2",1,5,14.011,19,0,1,"Flat"
"5e3cb8b34a4f380aa4e72538",103,"3","once","week 2",0,5,4.908,19,0,1,"Flat"
"5e3cb8b34a4f380aa4e72538",103,"4","once","week 2",0,5,4.765,19,0,1,"Flat"
"5e3cb8b34a4f380aa4e72538",103,"5","once","week 2",1,5,4.397,19,0,1,"Flat"
"5e3cb8b34a4f380aa4e72538",103,"6","once","week 2",0,5,2.874,19,0,1,"Flat"
"5e3cb8b34a4f380aa4e72538",103,"7","once","week 2",1,5,3.879,19,0,1,"Flat"
"5e3cb8b34a4f380aa4e72538",103,"8","once","week 2",0,5,4.542,19,0,1,"Flat"
"5e428c10862600119b1bf307",242,"1","twice","week 2",1,5,11.822,37,1,1,"PPM"
"5e428c10862600119b1bf307",242,"2","twice","week 2",1,5,9.503,37,1,1,"PPM"
"5e428c10862600119b1bf307",242,"3","twice","week 2",0,5,10.864,37,1,1,"PPM"
"5e428c10862600119b1bf307",242,"4","twice","week 2",0,5,13.156,37,1,1,"PPM"
"5e428c10862600119b1bf307",242,"5","twice","week 2",1,5,12.541,37,1,1,"PPM"
"5e428c10862600119b1bf307",242,"6","twice","week 2",1,5,47.781,37,1,1,"PPM"
"5e428c10862600119b1bf307",242,"7","twice","week 2",1,5,12.201,37,1,1,"PPM"
"5e428c10862600119b1bf307",242,"8","twice","week 2",0,5,6.29,37,1,1,"PPM"
"5e42f03607b468000d8eb912",134,"1","once","week 1",0,5,8.672,20,1,0,"Flat-PastRate"
"5e42f03607b468000d8eb912",134,"2","once","week 1",1,5,5.565,20,1,0,"Flat-PastRate"
"5e42f03607b468000d8eb912",134,"3","once","week 1",1,5,5.615,20,1,0,"Flat-PastRate"
"5e42f03607b468000d8eb912",134,"4","once","week 1",0,5,5.419,20,1,0,"Flat-PastRate"
"5e42f03607b468000d8eb912",134,"5","once","week 1",1,5,7.323,20,1,0,"Flat-PastRate"
"5e42f03607b468000d8eb912",134,"6","once","week 1",0,5,6.502,20,1,0,"Flat-PastRate"
"5e42f03607b468000d8eb912",134,"7","once","week 1",0,5,8.508,20,1,0,"Flat-PastRate"
"5e42f03607b468000d8eb912",134,"8","once","week 1",0,5,11.7,20,1,0,"Flat-PastRate"
"5e49a1928a2a3f000aa0b802",96,"1","once","week 2",0,5,2.246,29,1,1,"Flat"
"5e49a1928a2a3f000aa0b802",96,"2","once","week 2",0,5,9.317,29,1,1,"Flat"
"5e49a1928a2a3f000aa0b802",96,"3","once","week 2",0,5,2.389,29,1,1,"Flat"
"5e49a1928a2a3f000aa0b802",96,"4","once","week 2",0,5,6.755,29,1,1,"Flat"
"5e49a1928a2a3f000aa0b802",96,"5","once","week 2",1,5,3.549,29,1,1,"Flat"
"5e49a1928a2a3f000aa0b802",96,"6","once","week 2",0,5,6.749,29,1,1,"Flat"
"5e49a1928a2a3f000aa0b802",96,"7","once","week 2",1,5,7.136,29,1,1,"Flat"
"5e49a1928a2a3f000aa0b802",96,"8","once","week 2",0,5,5.972,29,1,1,"Flat"
"5e4a7bdc5607634daa90356d",164,"1","twice","week 1",0,5,12.172,19,1,1,"PPM"
"5e4a7bdc5607634daa90356d",164,"2","twice","week 1",1,5,5.596,19,1,1,"PPM"
"5e4a7bdc5607634daa90356d",164,"3","twice","week 1",0,5,12.742,19,1,1,"PPM"
"5e4a7bdc5607634daa90356d",164,"4","twice","week 1",0,5,11.427,19,1,1,"PPM"
"5e4a7bdc5607634daa90356d",164,"5","twice","week 1",1,5,6.658,19,1,1,"PPM"
"5e4a7bdc5607634daa90356d",164,"6","twice","week 1",0,5,4.908,19,1,1,"PPM"
"5e4a7bdc5607634daa90356d",164,"7","twice","week 1",0,5,9.816,19,1,1,"PPM"
"5e4a7bdc5607634daa90356d",164,"8","twice","week 1",0,5,5.886,19,1,1,"PPM"
"5e4bc4eb2e6151011d4ecb14",79,"1","once","week 2",0,5,2.815,19,1,0,"Flat"
"5e4bc4eb2e6151011d4ecb14",79,"2","once","week 2",1,5,2.808,19,1,0,"Flat"
"5e4bc4eb2e6151011d4ecb14",79,"3","once","week 2",0,5,6.075,19,1,0,"Flat"
"5e4bc4eb2e6151011d4ecb14",79,"4","once","week 2",0,5,3.859,19,1,0,"Flat"
"5e4bc4eb2e6151011d4ecb14",79,"5","once","week 2",1,5,5.138,19,1,0,"Flat"
"5e4bc4eb2e6151011d4ecb14",79,"6","once","week 2",0,5,3.023,19,1,0,"Flat"
"5e4bc4eb2e6151011d4ecb14",79,"7","once","week 2",1,5,3.421,19,1,0,"Flat"
"5e4bc4eb2e6151011d4ecb14",79,"8","once","week 2",0,5,3.257,19,1,0,"Flat"
"5e4bdb0a5f962e025484358c",434,"1","once","week 1",0,4,4.086,21,1,0,"PPM"
"5e4bdb0a5f962e025484358c",434,"2","once","week 1",1,4,4.172,21,1,0,"PPM"
"5e4bdb0a5f962e025484358c",434,"3","once","week 1",0,4,19.883,21,1,0,"PPM"
"5e4bdb0a5f962e025484358c",434,"4","once","week 1",0,4,34.156,21,1,0,"PPM"
"5e4bdb0a5f962e025484358c",434,"5","once","week 1",1,4,55.342,21,1,0,"PPM"
"5e4bdb0a5f962e025484358c",434,"6","once","week 1",0,4,7.186,21,1,0,"PPM"
"5e4bdb0a5f962e025484358c",434,"7","once","week 1",1,4,7.52,21,1,0,"PPM"
"5e4bdb0a5f962e025484358c",434,"8","once","week 1",1,4,14.81,21,1,0,"PPM"
"5e4d94e8ee0d4509aacdfbc8",183,"1","twice","week 2",0,5,6.059,18,1,1,"PPM"
"5e4d94e8ee0d4509aacdfbc8",183,"2","twice","week 2",1,5,9.524,18,1,1,"PPM"
"5e4d94e8ee0d4509aacdfbc8",183,"3","twice","week 2",0,5,4.72,18,1,1,"PPM"
"5e4d94e8ee0d4509aacdfbc8",183,"4","twice","week 2",0,5,3.736,18,1,1,"PPM"
"5e4d94e8ee0d4509aacdfbc8",183,"5","twice","week 2",1,5,12.861,18,1,1,"PPM"
"5e4d94e8ee0d4509aacdfbc8",183,"6","twice","week 2",0,5,7.108,18,1,1,"PPM"
"5e4d94e8ee0d4509aacdfbc8",183,"7","twice","week 2",1,5,6.631,18,1,1,"PPM"
"5e4d94e8ee0d4509aacdfbc8",183,"8","twice","week 2",0,5,3.16,18,1,1,"PPM"
"5e52df7a581a0c2ecc331e67",82,"1","once","week 1",1,5,5.848,37,0,1,"PPM"
"5e52df7a581a0c2ecc331e67",82,"2","once","week 1",1,5,3.423,37,0,1,"PPM"
"5e52df7a581a0c2ecc331e67",82,"3","once","week 1",0,5,3.122,37,0,1,"PPM"
"5e52df7a581a0c2ecc331e67",82,"4","once","week 1",0,5,6.779,37,0,1,"PPM"
"5e52df7a581a0c2ecc331e67",82,"5","once","week 1",1,5,3.379,37,0,1,"PPM"
"5e52df7a581a0c2ecc331e67",82,"6","once","week 1",0,5,7.53,37,0,1,"PPM"
"5e52df7a581a0c2ecc331e67",82,"7","once","week 1",1,5,4.843,37,0,1,"PPM"
"5e52df7a581a0c2ecc331e67",82,"8","once","week 1",1,5,5.456,37,0,1,"PPM"
"5e56a20d412e89053bc365bf",127,"1","twice","week 2",0,5,4.121,19,0,1,"PPM"
"5e56a20d412e89053bc365bf",127,"2","twice","week 2",1,5,3.968,19,0,1,"PPM"
"5e56a20d412e89053bc365bf",127,"3","twice","week 2",0,5,5.529,19,0,1,"PPM"
"5e56a20d412e89053bc365bf",127,"4","twice","week 2",1,5,6.814,19,0,1,"PPM"
"5e56a20d412e89053bc365bf",127,"5","twice","week 2",1,5,4.486,19,0,1,"PPM"
"5e56a20d412e89053bc365bf",127,"6","twice","week 2",1,5,6.217,19,0,1,"PPM"
"5e56a20d412e89053bc365bf",127,"7","twice","week 2",0,5,3.546,19,0,1,"PPM"
"5e56a20d412e89053bc365bf",127,"8","twice","week 2",0,5,4.073,19,0,1,"PPM"
"5e5e512705c3c2162749e9da",143,"1","twice","week 1",0,5,3.77,20,1,1,"Flat-PastRate"
"5e5e512705c3c2162749e9da",143,"2","twice","week 1",1,5,10.029,20,1,1,"Flat-PastRate"
"5e5e512705c3c2162749e9da",143,"3","twice","week 1",0,5,12.371,20,1,1,"Flat-PastRate"
"5e5e512705c3c2162749e9da",143,"4","twice","week 1",0,5,5.726,20,1,1,"Flat-PastRate"
"5e5e512705c3c2162749e9da",143,"5","twice","week 1",0,5,20.707,20,1,1,"Flat-PastRate"
"5e5e512705c3c2162749e9da",143,"6","twice","week 1",0,5,5.554,20,1,1,"Flat-PastRate"
"5e5e512705c3c2162749e9da",143,"7","twice","week 1",1,5,4.478,20,1,1,"Flat-PastRate"
"5e5e512705c3c2162749e9da",143,"8","twice","week 1",0,5,4.979,20,1,1,"Flat-PastRate"
"5e5eb4149ad3de1ea79c3b68",128,"1","once","week 2",0,5,5.711,23,1,1,"PPM"
"5e5eb4149ad3de1ea79c3b68",128,"2","once","week 2",1,5,11.992,23,1,1,"PPM"
"5e5eb4149ad3de1ea79c3b68",128,"3","once","week 2",0,5,5.685,23,1,1,"PPM"
"5e5eb4149ad3de1ea79c3b68",128,"4","once","week 2",0,5,2.865,23,1,1,"PPM"
"5e5eb4149ad3de1ea79c3b68",128,"5","once","week 2",1,5,3.743,23,1,1,"PPM"
"5e5eb4149ad3de1ea79c3b68",128,"6","once","week 2",0,5,5.386,23,1,1,"PPM"
"5e5eb4149ad3de1ea79c3b68",128,"7","once","week 2",0,5,4.299,23,1,1,"PPM"
"5e5eb4149ad3de1ea79c3b68",128,"8","once","week 2",1,5,5.034,23,1,1,"PPM"
"5e5f715ddcec7b2acb5bba54",184,"1","twice","week 2",0,4,8.211,24,1,1,"PPM"
"5e5f715ddcec7b2acb5bba54",184,"2","twice","week 2",0,4,3.907,24,1,1,"PPM"
"5e5f715ddcec7b2acb5bba54",184,"3","twice","week 2",1,4,7.793,24,1,1,"PPM"
"5e5f715ddcec7b2acb5bba54",184,"4","twice","week 2",0,4,7.906,24,1,1,"PPM"
"5e5f715ddcec7b2acb5bba54",184,"5","twice","week 2",0,4,5.428,24,1,1,"PPM"
"5e5f715ddcec7b2acb5bba54",184,"6","twice","week 2",0,4,9.248,24,1,1,"PPM"
"5e5f715ddcec7b2acb5bba54",184,"7","twice","week 2",1,4,7.14,24,1,1,"PPM"
"5e5f715ddcec7b2acb5bba54",184,"8","twice","week 2",0,4,8.032,24,1,1,"PPM"
"5e60f7b720abd6000eaf36ed",190,"1","twice","week 2",0,4,8.344,37,1,1,"PPM"
"5e60f7b720abd6000eaf36ed",190,"2","twice","week 2",1,4,4.597,37,1,1,"PPM"
"5e60f7b720abd6000eaf36ed",190,"3","twice","week 2",1,4,8.083,37,1,1,"PPM"
"5e60f7b720abd6000eaf36ed",190,"4","twice","week 2",0,4,10.775,37,1,1,"PPM"
"5e60f7b720abd6000eaf36ed",190,"5","twice","week 2",1,4,4.424,37,1,1,"PPM"
"5e60f7b720abd6000eaf36ed",190,"6","twice","week 2",0,4,5.217,37,1,1,"PPM"
"5e60f7b720abd6000eaf36ed",190,"7","twice","week 2",0,4,7.235,37,1,1,"PPM"
"5e60f7b720abd6000eaf36ed",190,"8","twice","week 2",0,4,4.74,37,1,1,"PPM"
"5e6390db8a25da10a0ca6eca",138,"1","twice","week 2",0,5,4.894,31,0,1,"Flat-PastRate"
"5e6390db8a25da10a0ca6eca",138,"2","twice","week 2",1,5,7.481,31,0,1,"Flat-PastRate"
"5e6390db8a25da10a0ca6eca",138,"3","twice","week 2",1,5,10.898,31,0,1,"Flat-PastRate"
"5e6390db8a25da10a0ca6eca",138,"4","twice","week 2",0,5,5.151,31,0,1,"Flat-PastRate"
"5e6390db8a25da10a0ca6eca",138,"5","twice","week 2",0,5,7.463,31,0,1,"Flat-PastRate"
"5e6390db8a25da10a0ca6eca",138,"6","twice","week 2",0,5,4,31,0,1,"Flat-PastRate"
"5e6390db8a25da10a0ca6eca",138,"7","twice","week 2",1,5,4.262,31,0,1,"Flat-PastRate"
"5e6390db8a25da10a0ca6eca",138,"8","twice","week 2",0,5,6.059,31,0,1,"Flat-PastRate"
"5e6528037f7cf82a6f5a1456",75,"1","once","week 2",0,5,2.777,20,1,1,"Flat"
"5e6528037f7cf82a6f5a1456",75,"2","once","week 2",1,5,2.612,20,1,1,"Flat"
"5e6528037f7cf82a6f5a1456",75,"3","once","week 2",1,5,6.265,20,1,1,"Flat"
"5e6528037f7cf82a6f5a1456",75,"4","once","week 2",0,5,2.576,20,1,1,"Flat"
"5e6528037f7cf82a6f5a1456",75,"5","once","week 2",1,5,3.832,20,1,1,"Flat"
"5e6528037f7cf82a6f5a1456",75,"6","once","week 2",0,5,4.166,20,1,1,"Flat"
"5e6528037f7cf82a6f5a1456",75,"7","once","week 2",1,5,4.327,20,1,1,"Flat"
"5e6528037f7cf82a6f5a1456",75,"8","once","week 2",0,5,3.252,20,1,1,"Flat"
"5e6a1b480650cd000c4ac495",137,"1","twice","week 2",0,5,3.701,28,0,1,"PPM"
"5e6a1b480650cd000c4ac495",137,"2","twice","week 2",1,5,9.514,28,0,1,"PPM"
"5e6a1b480650cd000c4ac495",137,"3","twice","week 2",0,5,6.498,28,0,1,"PPM"
"5e6a1b480650cd000c4ac495",137,"4","twice","week 2",0,5,6.019,28,0,1,"PPM"
"5e6a1b480650cd000c4ac495",137,"5","twice","week 2",0,5,6.328,28,0,1,"PPM"
"5e6a1b480650cd000c4ac495",137,"6","twice","week 2",0,5,4.628,28,0,1,"PPM"
"5e6a1b480650cd000c4ac495",137,"7","twice","week 2",1,5,9.274,28,0,1,"PPM"
"5e6a1b480650cd000c4ac495",137,"8","twice","week 2",1,5,6.807,28,0,1,"PPM"
"5e6a53649dae0e000cbe6857",175,"1","twice","week 2",0,5,6.451,29,1,0,"Flat"
"5e6a53649dae0e000cbe6857",175,"2","twice","week 2",1,5,4.238,29,1,0,"Flat"
"5e6a53649dae0e000cbe6857",175,"3","twice","week 2",1,5,17.768,29,1,0,"Flat"
"5e6a53649dae0e000cbe6857",175,"4","twice","week 2",0,5,4.87,29,1,0,"Flat"
"5e6a53649dae0e000cbe6857",175,"5","twice","week 2",1,5,8.809,29,1,0,"Flat"
"5e6a53649dae0e000cbe6857",175,"6","twice","week 2",0,5,5.55,29,1,0,"Flat"
"5e6a53649dae0e000cbe6857",175,"7","twice","week 2",0,5,20.745,29,1,0,"Flat"
"5e6a53649dae0e000cbe6857",175,"8","twice","week 2",0,5,4.213,29,1,0,"Flat"
"5e6d90e61689b0361c2bd7e1",80,"1","once","week 2",0,5,3.596,20,0,0,"Flat"
"5e6d90e61689b0361c2bd7e1",80,"2","once","week 2",1,5,4.101,20,0,0,"Flat"
"5e6d90e61689b0361c2bd7e1",80,"3","once","week 2",0,5,2.673,20,0,0,"Flat"
"5e6d90e61689b0361c2bd7e1",80,"4","once","week 2",0,5,9.901,20,0,0,"Flat"
"5e6d90e61689b0361c2bd7e1",80,"5","once","week 2",0,5,9.479,20,0,0,"Flat"
"5e6d90e61689b0361c2bd7e1",80,"6","once","week 2",0,5,3.298,20,0,0,"Flat"
"5e6d90e61689b0361c2bd7e1",80,"7","once","week 2",1,5,4.733,20,0,0,"Flat"
"5e6d90e61689b0361c2bd7e1",80,"8","once","week 2",0,5,6.25,20,0,0,"Flat"
"5e6e244a1814a43cc31f430a",117,"1","once","week 2",0,5,4.542,20,1,1,"Flat-PastRate"
"5e6e244a1814a43cc31f430a",117,"2","once","week 2",0,5,6.705,20,1,1,"Flat-PastRate"
"5e6e244a1814a43cc31f430a",117,"3","once","week 2",1,5,7.072,20,1,1,"Flat-PastRate"
"5e6e244a1814a43cc31f430a",117,"4","once","week 2",1,5,8.563,20,1,1,"Flat-PastRate"
"5e6e244a1814a43cc31f430a",117,"5","once","week 2",1,5,7.286,20,1,1,"Flat-PastRate"
"5e6e244a1814a43cc31f430a",117,"6","once","week 2",1,5,6.122,20,1,1,"Flat-PastRate"
"5e6e244a1814a43cc31f430a",117,"7","once","week 2",1,5,4.766,20,1,1,"Flat-PastRate"
"5e6e244a1814a43cc31f430a",117,"8","once","week 2",0,5,9.632,20,1,1,"Flat-PastRate"
"5e724d9eafe9d90680b0766a",248,"1","twice","week 2",0,5,4.438,18,1,1,"Flat"
"5e724d9eafe9d90680b0766a",248,"2","twice","week 2",0,5,13.85,18,1,1,"Flat"
"5e724d9eafe9d90680b0766a",248,"3","twice","week 2",0,5,12.678,18,1,1,"Flat"
"5e724d9eafe9d90680b0766a",248,"4","twice","week 2",0,5,8.732,18,1,1,"Flat"
"5e724d9eafe9d90680b0766a",248,"5","twice","week 2",0,5,7.109,18,1,1,"Flat"
"5e724d9eafe9d90680b0766a",248,"6","twice","week 2",0,5,30.531,18,1,1,"Flat"
"5e724d9eafe9d90680b0766a",248,"7","twice","week 2",0,5,7.012,18,1,1,"Flat"
"5e724d9eafe9d90680b0766a",248,"8","twice","week 2",0,5,9.833,18,1,1,"Flat"
"5e7629e7b6b83e01143a20fe",99,"1","once","week 2",0,4,2.595,22,1,0,"PPM"
"5e7629e7b6b83e01143a20fe",99,"2","once","week 2",1,4,2.034,22,1,0,"PPM"
"5e7629e7b6b83e01143a20fe",99,"3","once","week 2",0,4,5.342,22,1,0,"PPM"
"5e7629e7b6b83e01143a20fe",99,"4","once","week 2",0,4,6.215,22,1,0,"PPM"
"5e7629e7b6b83e01143a20fe",99,"5","once","week 2",1,4,5.935,22,1,0,"PPM"
"5e7629e7b6b83e01143a20fe",99,"6","once","week 2",0,4,4.265,22,1,0,"PPM"
"5e7629e7b6b83e01143a20fe",99,"7","once","week 2",0,4,4.784,22,1,0,"PPM"
"5e7629e7b6b83e01143a20fe",99,"8","once","week 2",0,4,1.521,22,1,0,"PPM"
"5e7769860b2d822d7f8720fa",117,"1","once","week 1",0,5,5.928,20,1,1,"PPM"
"5e7769860b2d822d7f8720fa",117,"2","once","week 1",1,5,4.969,20,1,1,"PPM"
"5e7769860b2d822d7f8720fa",117,"3","once","week 1",1,5,4.201,20,1,1,"PPM"
"5e7769860b2d822d7f8720fa",117,"4","once","week 1",0,5,8.025,20,1,1,"PPM"
"5e7769860b2d822d7f8720fa",117,"5","once","week 1",1,5,3.248,20,1,1,"PPM"
"5e7769860b2d822d7f8720fa",117,"6","once","week 1",0,5,2.912,20,1,1,"PPM"
"5e7769860b2d822d7f8720fa",117,"7","once","week 1",0,5,7.105,20,1,1,"PPM"
"5e7769860b2d822d7f8720fa",117,"8","once","week 1",0,5,5.052,20,1,1,"PPM"
"5e7772003da1362dc44fdea9",2106,"1","twice","week 2",0,5,3.299,24,1,0,"PPM"
"5e7772003da1362dc44fdea9",2106,"2","twice","week 2",1,5,4.134,24,1,0,"PPM"
"5e7772003da1362dc44fdea9",2106,"3","twice","week 2",0,5,5.673,24,1,0,"PPM"
"5e7772003da1362dc44fdea9",2106,"4","twice","week 2",0,5,4.257,24,1,0,"PPM"
"5e7772003da1362dc44fdea9",2106,"5","twice","week 2",1,5,5.662,24,1,0,"PPM"
"5e7772003da1362dc44fdea9",2106,"6","twice","week 2",0,5,5.757,24,1,0,"PPM"
"5e7772003da1362dc44fdea9",2106,"7","twice","week 2",0,5,5.433,24,1,0,"PPM"
"5e7772003da1362dc44fdea9",2106,"8","twice","week 2",0,5,6.122,24,1,0,"PPM"
"5e777586ccc2372dd1311e30",100,"1","twice","week 1",0,5,3.422,21,1,0,"Flat"
"5e777586ccc2372dd1311e30",100,"2","twice","week 1",1,5,3.202,21,1,0,"Flat"
"5e777586ccc2372dd1311e30",100,"3","twice","week 1",0,5,8.436,21,1,0,"Flat"
"5e777586ccc2372dd1311e30",100,"4","twice","week 1",0,5,7.017,21,1,0,"Flat"
"5e777586ccc2372dd1311e30",100,"5","twice","week 1",0,5,9.837,21,1,0,"Flat"
"5e777586ccc2372dd1311e30",100,"6","twice","week 1",0,5,3.387,21,1,0,"Flat"
"5e777586ccc2372dd1311e30",100,"7","twice","week 1",0,5,5.769,21,1,0,"Flat"
"5e777586ccc2372dd1311e30",100,"8","twice","week 1",0,5,4.113,21,1,0,"Flat"
"5e77c30a4cc508344080694e",86,"1","twice","week 1",0,5,4.432,23,0,1,"Flat"
"5e77c30a4cc508344080694e",86,"2","twice","week 1",1,5,3.834,23,0,1,"Flat"
"5e77c30a4cc508344080694e",86,"3","twice","week 1",0,5,6.287,23,0,1,"Flat"
"5e77c30a4cc508344080694e",86,"4","twice","week 1",0,5,3.431,23,0,1,"Flat"
"5e77c30a4cc508344080694e",86,"5","twice","week 1",1,5,7.392,23,0,1,"Flat"
"5e77c30a4cc508344080694e",86,"6","twice","week 1",0,5,4.284,23,0,1,"Flat"
"5e77c30a4cc508344080694e",86,"7","twice","week 1",1,5,3.756,23,0,1,"Flat"
"5e77c30a4cc508344080694e",86,"8","twice","week 1",0,5,6.107,23,0,1,"Flat"
"5e77e5cd23ab77079e09851a",137,"1","twice","week 2",0,5,13.488,18,0,0,"PPM"
"5e77e5cd23ab77079e09851a",137,"2","twice","week 2",1,5,5.7,18,0,0,"PPM"
"5e77e5cd23ab77079e09851a",137,"3","twice","week 2",0,5,6.201,18,0,0,"PPM"
"5e77e5cd23ab77079e09851a",137,"4","twice","week 2",0,5,3.99,18,0,0,"PPM"
"5e77e5cd23ab77079e09851a",137,"5","twice","week 2",0,5,8.114,18,0,0,"PPM"
"5e77e5cd23ab77079e09851a",137,"6","twice","week 2",0,5,6.638,18,0,0,"PPM"
"5e77e5cd23ab77079e09851a",137,"7","twice","week 2",1,5,4.644,18,0,0,"PPM"
"5e77e5cd23ab77079e09851a",137,"8","twice","week 2",0,5,7.219,18,0,0,"PPM"
"5e787106a9d3b53ee4281eb1",142,"1","twice","week 2",0,4,16.691,19,1,1,"PPM"
"5e787106a9d3b53ee4281eb1",142,"2","twice","week 2",1,4,10.87,19,1,1,"PPM"
"5e787106a9d3b53ee4281eb1",142,"3","twice","week 2",0,4,5.739,19,1,1,"PPM"
"5e787106a9d3b53ee4281eb1",142,"4","twice","week 2",0,4,8.364,19,1,1,"PPM"
"5e787106a9d3b53ee4281eb1",142,"5","twice","week 2",1,4,5.172,19,1,1,"PPM"
"5e787106a9d3b53ee4281eb1",142,"6","twice","week 2",0,4,5.146,19,1,1,"PPM"
"5e787106a9d3b53ee4281eb1",142,"7","twice","week 2",0,4,7.755,19,1,1,"PPM"
"5e787106a9d3b53ee4281eb1",142,"8","twice","week 2",0,4,12.265,19,1,1,"PPM"
"5e7949a8dafa1e04a1ce49ce",143,"1","twice","week 2",0,4,4.471,18,1,1,"PPM"
"5e7949a8dafa1e04a1ce49ce",143,"2","twice","week 2",1,4,4.265,18,1,1,"PPM"
"5e7949a8dafa1e04a1ce49ce",143,"3","twice","week 2",0,4,17.801,18,1,1,"PPM"
"5e7949a8dafa1e04a1ce49ce",143,"4","twice","week 2",0,4,5.242,18,1,1,"PPM"
"5e7949a8dafa1e04a1ce49ce",143,"5","twice","week 2",0,4,4.286,18,1,1,"PPM"
"5e7949a8dafa1e04a1ce49ce",143,"6","twice","week 2",0,4,3.533,18,1,1,"PPM"
"5e7949a8dafa1e04a1ce49ce",143,"7","twice","week 2",0,4,7.799,18,1,1,"PPM"
"5e7949a8dafa1e04a1ce49ce",143,"8","twice","week 2",0,4,4.783,18,1,1,"PPM"
"5e7a4f0bab558a02ff3eeb61",94,"1","twice","week 2",0,5,3.3,23,1,0,"Flat-PastRate"
"5e7a4f0bab558a02ff3eeb61",94,"2","twice","week 2",0,5,3.392,23,1,0,"Flat-PastRate"
"5e7a4f0bab558a02ff3eeb61",94,"3","twice","week 2",0,5,4.825,23,1,0,"Flat-PastRate"
"5e7a4f0bab558a02ff3eeb61",94,"4","twice","week 2",0,5,6.377,23,1,0,"Flat-PastRate"
"5e7a4f0bab558a02ff3eeb61",94,"5","twice","week 2",0,5,6.729,23,1,0,"Flat-PastRate"
"5e7a4f0bab558a02ff3eeb61",94,"6","twice","week 2",0,5,7.71,23,1,0,"Flat-PastRate"
"5e7a4f0bab558a02ff3eeb61",94,"7","twice","week 2",0,5,6.462,23,1,0,"Flat-PastRate"
"5e7a4f0bab558a02ff3eeb61",94,"8","twice","week 2",0,5,4.228,23,1,0,"Flat-PastRate"
"5e7b5dd2e47a3d153c6329a8",181,"1","twice","week 2",0,5,3.523,28,1,1,"PPM"
"5e7b5dd2e47a3d153c6329a8",181,"2","twice","week 2",0,5,7.729,28,1,1,"PPM"
"5e7b5dd2e47a3d153c6329a8",181,"3","twice","week 2",0,5,5.246,28,1,1,"PPM"
"5e7b5dd2e47a3d153c6329a8",181,"4","twice","week 2",0,5,5.191,28,1,1,"PPM"
"5e7b5dd2e47a3d153c6329a8",181,"5","twice","week 2",0,5,5.144,28,1,1,"PPM"
"5e7b5dd2e47a3d153c6329a8",181,"6","twice","week 2",0,5,4.229,28,1,1,"PPM"
"5e7b5dd2e47a3d153c6329a8",181,"7","twice","week 2",0,5,10.495,28,1,1,"PPM"
"5e7b5dd2e47a3d153c6329a8",181,"8","twice","week 2",0,5,10.6,28,1,1,"PPM"
"5e7dd515aa9da60009e412f2",141,"1","twice","week 2",0,5,2.996,20,1,1,"Flat"
"5e7dd515aa9da60009e412f2",141,"2","twice","week 2",0,5,19.616,20,1,1,"Flat"
"5e7dd515aa9da60009e412f2",141,"3","twice","week 2",1,5,13.072,20,1,1,"Flat"
"5e7dd515aa9da60009e412f2",141,"4","twice","week 2",0,5,4.001,20,1,1,"Flat"
"5e7dd515aa9da60009e412f2",141,"5","twice","week 2",0,5,10.672,20,1,1,"Flat"
"5e7dd515aa9da60009e412f2",141,"6","twice","week 2",0,5,5.121,20,1,1,"Flat"
"5e7dd515aa9da60009e412f2",141,"7","twice","week 2",0,5,12.074,20,1,1,"Flat"
"5e7dd515aa9da60009e412f2",141,"8","twice","week 2",0,5,6.688,20,1,1,"Flat"
"5e7e37db239c344e7cacbe86",304,"1","twice","week 1",1,5,99.08,18,1,1,"Flat-PastRate"
"5e7e37db239c344e7cacbe86",304,"2","twice","week 1",0,5,6.076,18,1,1,"Flat-PastRate"
"5e7e37db239c344e7cacbe86",304,"3","twice","week 1",0,5,36.629,18,1,1,"Flat-PastRate"
"5e7e37db239c344e7cacbe86",304,"4","twice","week 1",0,5,4.757,18,1,1,"Flat-PastRate"
"5e7e37db239c344e7cacbe86",304,"5","twice","week 1",0,5,31.368,18,1,1,"Flat-PastRate"
"5e7e37db239c344e7cacbe86",304,"6","twice","week 1",0,5,4.061,18,1,1,"Flat-PastRate"
"5e7e37db239c344e7cacbe86",304,"7","twice","week 1",0,5,16.965,18,1,1,"Flat-PastRate"
"5e7e37db239c344e7cacbe86",304,"8","twice","week 1",0,5,16.074,18,1,1,"Flat-PastRate"
"5e7e54d45d1c4c0af175e6c7",125,"1","twice","week 1",0,5,8.446,20,1,1,"Flat"
"5e7e54d45d1c4c0af175e6c7",125,"2","twice","week 1",1,5,4.272,20,1,1,"Flat"
"5e7e54d45d1c4c0af175e6c7",125,"3","twice","week 1",0,5,9.474,20,1,1,"Flat"
"5e7e54d45d1c4c0af175e6c7",125,"4","twice","week 1",0,5,6.252,20,1,1,"Flat"
"5e7e54d45d1c4c0af175e6c7",125,"5","twice","week 1",0,5,11.941,20,1,1,"Flat"
"5e7e54d45d1c4c0af175e6c7",125,"6","twice","week 1",1,5,12.917,20,1,1,"Flat"
"5e7e54d45d1c4c0af175e6c7",125,"7","twice","week 1",1,5,3.77,20,1,1,"Flat"
"5e7e54d45d1c4c0af175e6c7",125,"8","twice","week 1",0,5,3.779,20,1,1,"Flat"
"5e7f5cf737976e000850a4bb",189,"1","twice","week 2",0,5,3.08,46,0,1,"PPM"
"5e7f5cf737976e000850a4bb",189,"2","twice","week 2",1,5,6.331,46,0,1,"PPM"
"5e7f5cf737976e000850a4bb",189,"3","twice","week 2",1,5,24.54,46,0,1,"PPM"
"5e7f5cf737976e000850a4bb",189,"4","twice","week 2",0,5,7.99,46,0,1,"PPM"
"5e7f5cf737976e000850a4bb",189,"5","twice","week 2",1,5,5.719,46,0,1,"PPM"
"5e7f5cf737976e000850a4bb",189,"6","twice","week 2",1,5,10.001,46,0,1,"PPM"
"5e7f5cf737976e000850a4bb",189,"7","twice","week 2",1,5,6.301,46,0,1,"PPM"
"5e7f5cf737976e000850a4bb",189,"8","twice","week 2",0,5,23.587,46,0,1,"PPM"
"5e80d324c76eb20008269bed",95,"1","once","week 1",1,5,7.458,19,0,1,"Flat-PastRate"
"5e80d324c76eb20008269bed",95,"2","once","week 1",0,5,3.83,19,0,1,"Flat-PastRate"
"5e80d324c76eb20008269bed",95,"3","once","week 1",0,5,5.976,19,0,1,"Flat-PastRate"
"5e80d324c76eb20008269bed",95,"4","once","week 1",1,5,9.06,19,0,1,"Flat-PastRate"
"5e80d324c76eb20008269bed",95,"5","once","week 1",1,5,10.623,19,0,1,"Flat-PastRate"
"5e80d324c76eb20008269bed",95,"6","once","week 1",1,5,5.77,19,0,1,"Flat-PastRate"
"5e80d324c76eb20008269bed",95,"7","once","week 1",1,5,8.539,19,0,1,"Flat-PastRate"
"5e80d324c76eb20008269bed",95,"8","once","week 1",0,5,5.476,19,0,1,"Flat-PastRate"
"5e821d00f510ba06f5b3de56",178,"1","once","week 1",0,5,4.488,20,1,1,"PPM"
"5e821d00f510ba06f5b3de56",178,"2","once","week 1",1,5,4.151,20,1,1,"PPM"
"5e821d00f510ba06f5b3de56",178,"3","once","week 1",0,5,10.969,20,1,1,"PPM"
"5e821d00f510ba06f5b3de56",178,"4","once","week 1",0,5,6.918,20,1,1,"PPM"
"5e821d00f510ba06f5b3de56",178,"5","once","week 1",0,5,7.899,20,1,1,"PPM"
"5e821d00f510ba06f5b3de56",178,"6","once","week 1",0,5,5.335,20,1,1,"PPM"
"5e821d00f510ba06f5b3de56",178,"7","once","week 1",1,5,6.169,20,1,1,"PPM"
"5e821d00f510ba06f5b3de56",178,"8","once","week 1",0,5,4.716,20,1,1,"PPM"
"5e835bd7ab372c059d771188",116,"1","twice","week 2",0,5,4.03,21,0,1,"Flat"
"5e835bd7ab372c059d771188",116,"2","twice","week 2",1,5,5.444,21,0,1,"Flat"
"5e835bd7ab372c059d771188",116,"3","twice","week 2",0,5,4.44,21,0,1,"Flat"
"5e835bd7ab372c059d771188",116,"4","twice","week 2",0,5,6.59,21,0,1,"Flat"
"5e835bd7ab372c059d771188",116,"5","twice","week 2",1,5,11.537,21,0,1,"Flat"
"5e835bd7ab372c059d771188",116,"6","twice","week 2",0,5,5.929,21,0,1,"Flat"
"5e835bd7ab372c059d771188",116,"7","twice","week 2",1,5,9.572,21,0,1,"Flat"
"5e835bd7ab372c059d771188",116,"8","twice","week 2",0,5,4.723,21,0,1,"Flat"
"5e85dd630d7d0a1dbe601308",345,"1","twice","week 2",0,5,5.756,47,0,1,"PPM"
"5e85dd630d7d0a1dbe601308",345,"2","twice","week 2",0,5,19.833,47,0,1,"PPM"
"5e85dd630d7d0a1dbe601308",345,"3","twice","week 2",0,5,10.301,47,0,1,"PPM"
"5e85dd630d7d0a1dbe601308",345,"4","twice","week 2",0,5,5.737,47,0,1,"PPM"
"5e85dd630d7d0a1dbe601308",345,"5","twice","week 2",1,5,12.229,47,0,1,"PPM"
"5e85dd630d7d0a1dbe601308",345,"6","twice","week 2",0,5,4.618,47,0,1,"PPM"
"5e85dd630d7d0a1dbe601308",345,"7","twice","week 2",1,5,51.637,47,0,1,"PPM"
"5e85dd630d7d0a1dbe601308",345,"8","twice","week 2",0,5,5.875,47,0,1,"PPM"
"5e870e38ca754f0121b24765",132,"1","once","week 2",0,5,3.601,19,1,1,"PPM"
"5e870e38ca754f0121b24765",132,"2","once","week 2",0,5,10.027,19,1,1,"PPM"
"5e870e38ca754f0121b24765",132,"3","once","week 2",1,5,6.624,19,1,1,"PPM"
"5e870e38ca754f0121b24765",132,"4","once","week 2",0,5,9.655,19,1,1,"PPM"
"5e870e38ca754f0121b24765",132,"5","once","week 2",1,5,4.098,19,1,1,"PPM"
"5e870e38ca754f0121b24765",132,"6","once","week 2",0,5,2.919,19,1,1,"PPM"
"5e870e38ca754f0121b24765",132,"7","once","week 2",1,5,36.478,19,1,1,"PPM"
"5e870e38ca754f0121b24765",132,"8","once","week 2",0,5,6.533,19,1,1,"PPM"
"5e87c4c242701c45712423d9",105,"1","once","week 2",0,5,2.108,20,1,1,"Flat-PastRate"
"5e87c4c242701c45712423d9",105,"2","once","week 2",1,5,3.318,20,1,1,"Flat-PastRate"
"5e87c4c242701c45712423d9",105,"3","once","week 2",0,5,3.582,20,1,1,"Flat-PastRate"
"5e87c4c242701c45712423d9",105,"4","once","week 2",0,5,3.828,20,1,1,"Flat-PastRate"
"5e87c4c242701c45712423d9",105,"5","once","week 2",1,5,7.102,20,1,1,"Flat-PastRate"
"5e87c4c242701c45712423d9",105,"6","once","week 2",0,5,2.291,20,1,1,"Flat-PastRate"
"5e87c4c242701c45712423d9",105,"7","once","week 2",1,5,6.699,20,1,1,"Flat-PastRate"
"5e87c4c242701c45712423d9",105,"8","once","week 2",0,5,3.368,20,1,1,"Flat-PastRate"
"5e8b4e6b21c71f0168b12158",629,"1","twice","week 1",0,5,3.941,18,0,0,"PPM"
"5e8b4e6b21c71f0168b12158",629,"2","twice","week 1",0,5,3.622,18,0,0,"PPM"
"5e8b4e6b21c71f0168b12158",629,"3","twice","week 1",1,5,3.932,18,0,0,"PPM"
"5e8b4e6b21c71f0168b12158",629,"4","twice","week 1",0,5,4.543,18,0,0,"PPM"
"5e8b4e6b21c71f0168b12158",629,"5","twice","week 1",0,5,185.663,18,0,0,"PPM"
"5e8b4e6b21c71f0168b12158",629,"6","twice","week 1",0,5,53.818,18,0,0,"PPM"
"5e8b4e6b21c71f0168b12158",629,"7","twice","week 1",0,5,2.96,18,0,0,"PPM"
"5e8b4e6b21c71f0168b12158",629,"8","twice","week 1",0,5,2.527,18,0,0,"PPM"
"5e8d7f9636e20a000916ea2f",132,"1","twice","week 1",0,5,6.612,30,1,1,"Flat"
"5e8d7f9636e20a000916ea2f",132,"2","twice","week 1",0,5,5.701,30,1,1,"Flat"
"5e8d7f9636e20a000916ea2f",132,"3","twice","week 1",0,5,6.77,30,1,1,"Flat"
"5e8d7f9636e20a000916ea2f",132,"4","twice","week 1",0,5,4.873,30,1,1,"Flat"
"5e8d7f9636e20a000916ea2f",132,"5","twice","week 1",0,5,9.666,30,1,1,"Flat"
"5e8d7f9636e20a000916ea2f",132,"6","twice","week 1",0,5,5.74,30,1,1,"Flat"
"5e8d7f9636e20a000916ea2f",132,"7","twice","week 1",0,5,6.687,30,1,1,"Flat"
"5e8d7f9636e20a000916ea2f",132,"8","twice","week 1",0,5,4.44,30,1,1,"Flat"
"5e90540a9622ec3628270555",159,"1","twice","week 1",0,5,4.918,20,1,1,"Flat"
"5e90540a9622ec3628270555",159,"2","twice","week 1",1,5,4.813,20,1,1,"Flat"
"5e90540a9622ec3628270555",159,"3","twice","week 1",1,5,6.776,20,1,1,"Flat"
"5e90540a9622ec3628270555",159,"4","twice","week 1",0,5,26.662,20,1,1,"Flat"
"5e90540a9622ec3628270555",159,"5","twice","week 1",1,5,6.416,20,1,1,"Flat"
"5e90540a9622ec3628270555",159,"6","twice","week 1",0,5,11.899,20,1,1,"Flat"
"5e90540a9622ec3628270555",159,"7","twice","week 1",1,5,6.883,20,1,1,"Flat"
"5e90540a9622ec3628270555",159,"8","twice","week 1",0,5,9.426,20,1,1,"Flat"
"5e90781c06c6ee000974d087",109,"1","twice","week 2",0,5,5.146,19,1,1,"Flat"
"5e90781c06c6ee000974d087",109,"2","twice","week 2",0,5,3.422,19,1,1,"Flat"
"5e90781c06c6ee000974d087",109,"3","twice","week 2",0,5,9.592,19,1,1,"Flat"
"5e90781c06c6ee000974d087",109,"4","twice","week 2",0,5,3.536,19,1,1,"Flat"
"5e90781c06c6ee000974d087",109,"5","twice","week 2",0,5,4.801,19,1,1,"Flat"
"5e90781c06c6ee000974d087",109,"6","twice","week 2",1,5,7.363,19,1,1,"Flat"
"5e90781c06c6ee000974d087",109,"7","twice","week 2",1,5,5.682,19,1,1,"Flat"
"5e90781c06c6ee000974d087",109,"8","twice","week 2",0,5,4.059,19,1,1,"Flat"
"5e94dc714b34ff84c349e18c",564,"1","twice","week 2",0,4,11.641,22,0,1,"PPM"
"5e94dc714b34ff84c349e18c",564,"2","twice","week 2",1,4,7.62,22,0,1,"PPM"
"5e94dc714b34ff84c349e18c",564,"3","twice","week 2",0,4,10.286,22,0,1,"PPM"
"5e94dc714b34ff84c349e18c",564,"4","twice","week 2",0,4,13.265,22,0,1,"PPM"
"5e94dc714b34ff84c349e18c",564,"5","twice","week 2",1,4,10.224,22,0,1,"PPM"
"5e94dc714b34ff84c349e18c",564,"6","twice","week 2",0,4,7.217,22,0,1,"PPM"
"5e94dc714b34ff84c349e18c",564,"7","twice","week 2",1,4,18.162,22,0,1,"PPM"
"5e94dc714b34ff84c349e18c",564,"8","twice","week 2",0,4,12.214,22,0,1,"PPM"
"5e9631ad46d0e20b50650a6a",127,"1","once","week 2",0,5,5.789,19,0,1,"Flat-PastRate"
"5e9631ad46d0e20b50650a6a",127,"2","once","week 2",1,5,11.13,19,0,1,"Flat-PastRate"
"5e9631ad46d0e20b50650a6a",127,"3","once","week 2",0,5,4.951,19,0,1,"Flat-PastRate"
"5e9631ad46d0e20b50650a6a",127,"4","once","week 2",0,5,9.938,19,0,1,"Flat-PastRate"
"5e9631ad46d0e20b50650a6a",127,"5","once","week 2",1,5,4.617,19,0,1,"Flat-PastRate"
"5e9631ad46d0e20b50650a6a",127,"6","once","week 2",0,5,5.12,19,0,1,"Flat-PastRate"
"5e9631ad46d0e20b50650a6a",127,"7","once","week 2",1,5,4.543,19,0,1,"Flat-PastRate"
"5e9631ad46d0e20b50650a6a",127,"8","once","week 2",0,5,4.309,19,0,1,"Flat-PastRate"
"5e982fff8aed7f012583e8e7",208,"1","once","week 2",0,5,5.442,31,1,0,"Flat-PastRate"
"5e982fff8aed7f012583e8e7",208,"2","once","week 2",1,5,19.547,31,1,0,"Flat-PastRate"
"5e982fff8aed7f012583e8e7",208,"3","once","week 2",0,5,24.368,31,1,0,"Flat-PastRate"
"5e982fff8aed7f012583e8e7",208,"4","once","week 2",0,5,7.104,31,1,0,"Flat-PastRate"
"5e982fff8aed7f012583e8e7",208,"5","once","week 2",0,5,13.117,31,1,0,"Flat-PastRate"
"5e982fff8aed7f012583e8e7",208,"6","once","week 2",0,5,11.521,31,1,0,"Flat-PastRate"
"5e982fff8aed7f012583e8e7",208,"7","once","week 2",1,5,7.531,31,1,0,"Flat-PastRate"
"5e982fff8aed7f012583e8e7",208,"8","once","week 2",0,5,7.695,31,1,0,"Flat-PastRate"
"5e99ee312893af06071c30de",182,"1","once","week 2",0,5,4.671,22,1,1,"Flat-PastRate"
"5e99ee312893af06071c30de",182,"2","once","week 2",1,5,12.671,22,1,1,"Flat-PastRate"
"5e99ee312893af06071c30de",182,"3","once","week 2",1,5,9.911,22,1,1,"Flat-PastRate"
"5e99ee312893af06071c30de",182,"4","once","week 2",0,5,22.653,22,1,1,"Flat-PastRate"
"5e99ee312893af06071c30de",182,"5","once","week 2",0,5,15.407,22,1,1,"Flat-PastRate"
"5e99ee312893af06071c30de",182,"6","once","week 2",0,5,8.775,22,1,1,"Flat-PastRate"
"5e99ee312893af06071c30de",182,"7","once","week 2",1,5,12.335,22,1,1,"Flat-PastRate"
"5e99ee312893af06071c30de",182,"8","once","week 2",0,5,10.761,22,1,1,"Flat-PastRate"
"5e99f1ab02672c06c51487bd",124,"1","once","week 2",0,5,2.903,22,0,1,"Flat-PastRate"
"5e99f1ab02672c06c51487bd",124,"2","once","week 2",1,5,4.788,22,0,1,"Flat-PastRate"
"5e99f1ab02672c06c51487bd",124,"3","once","week 2",0,5,7.483,22,0,1,"Flat-PastRate"
"5e99f1ab02672c06c51487bd",124,"4","once","week 2",0,5,3.479,22,0,1,"Flat-PastRate"
"5e99f1ab02672c06c51487bd",124,"5","once","week 2",0,5,7.106,22,0,1,"Flat-PastRate"
"5e99f1ab02672c06c51487bd",124,"6","once","week 2",0,5,7.793,22,0,1,"Flat-PastRate"
"5e99f1ab02672c06c51487bd",124,"7","once","week 2",0,5,12.2,22,0,1,"Flat-PastRate"
"5e99f1ab02672c06c51487bd",124,"8","once","week 2",0,5,5.557,22,0,1,"Flat-PastRate"
"5e9a4793c4069d0dd2e7eb4f",165,"1","twice","week 1",1,5,11.335,20,1,1,"Flat-PastRate"
"5e9a4793c4069d0dd2e7eb4f",165,"2","twice","week 1",1,5,6.426,20,1,1,"Flat-PastRate"
"5e9a4793c4069d0dd2e7eb4f",165,"3","twice","week 1",0,5,7.493,20,1,1,"Flat-PastRate"
"5e9a4793c4069d0dd2e7eb4f",165,"4","twice","week 1",0,5,9.764,20,1,1,"Flat-PastRate"
"5e9a4793c4069d0dd2e7eb4f",165,"5","twice","week 1",0,5,7.601,20,1,1,"Flat-PastRate"
"5e9a4793c4069d0dd2e7eb4f",165,"6","twice","week 1",0,5,5.716,20,1,1,"Flat-PastRate"
"5e9a4793c4069d0dd2e7eb4f",165,"7","twice","week 1",0,5,17.088,20,1,1,"Flat-PastRate"
"5e9a4793c4069d0dd2e7eb4f",165,"8","twice","week 1",0,5,5.864,20,1,1,"Flat-PastRate"
"5e9c5564c745a0174729ab3c",285,"1","once","week 1",0,5,5.254,23,1,0,"PPM"
"5e9c5564c745a0174729ab3c",285,"2","once","week 1",0,5,15.868,23,1,0,"PPM"
"5e9c5564c745a0174729ab3c",285,"3","once","week 1",1,5,10.382,23,1,0,"PPM"
"5e9c5564c745a0174729ab3c",285,"4","once","week 1",0,5,17.165,23,1,0,"PPM"
"5e9c5564c745a0174729ab3c",285,"5","once","week 1",1,5,27.394,23,1,0,"PPM"
"5e9c5564c745a0174729ab3c",285,"6","once","week 1",0,5,11.398,23,1,0,"PPM"
"5e9c5564c745a0174729ab3c",285,"7","once","week 1",1,5,19.801,23,1,0,"PPM"
"5e9c5564c745a0174729ab3c",285,"8","once","week 1",0,5,6.1,23,1,0,"PPM"
"5e9e1d11ac750d1e12b11187",157,"1","twice","week 2",1,5,3.864,18,1,1,"Flat-PastRate"
"5e9e1d11ac750d1e12b11187",157,"2","twice","week 2",1,5,4.639,18,1,1,"Flat-PastRate"
"5e9e1d11ac750d1e12b11187",157,"3","twice","week 2",0,5,8.695,18,1,1,"Flat-PastRate"
"5e9e1d11ac750d1e12b11187",157,"4","twice","week 2",0,5,3.265,18,1,1,"Flat-PastRate"
"5e9e1d11ac750d1e12b11187",157,"5","twice","week 2",1,5,3.981,18,1,1,"Flat-PastRate"
"5e9e1d11ac750d1e12b11187",157,"6","twice","week 2",0,5,4.508,18,1,1,"Flat-PastRate"
"5e9e1d11ac750d1e12b11187",157,"7","twice","week 2",1,5,6.759,18,1,1,"Flat-PastRate"
"5e9e1d11ac750d1e12b11187",157,"8","twice","week 2",0,5,4.129,18,1,1,"Flat-PastRate"
"5e9f5b1969874d0acf8a48c4",135,"1","once","week 2",1,5,6.967,21,1,1,"Flat"
"5e9f5b1969874d0acf8a48c4",135,"2","once","week 2",1,5,4.081,21,1,1,"Flat"
"5e9f5b1969874d0acf8a48c4",135,"3","once","week 2",1,5,4.44,21,1,1,"Flat"
"5e9f5b1969874d0acf8a48c4",135,"4","once","week 2",1,5,10.172,21,1,1,"Flat"
"5e9f5b1969874d0acf8a48c4",135,"5","once","week 2",0,5,19.462,21,1,1,"Flat"
"5e9f5b1969874d0acf8a48c4",135,"6","once","week 2",1,5,4.782,21,1,1,"Flat"
"5e9f5b1969874d0acf8a48c4",135,"7","once","week 2",0,5,5.308,21,1,1,"Flat"
"5e9f5b1969874d0acf8a48c4",135,"8","once","week 2",0,5,4.6,21,1,1,"Flat"
"5e9f6d2a0f600f0dc07ea1f8",341,"1","twice","week 1",0,4,20.194,22,1,1,"PPM"
"5e9f6d2a0f600f0dc07ea1f8",341,"2","twice","week 1",1,4,6.818,22,1,1,"PPM"
"5e9f6d2a0f600f0dc07ea1f8",341,"3","twice","week 1",0,4,8.884,22,1,1,"PPM"
"5e9f6d2a0f600f0dc07ea1f8",341,"4","twice","week 1",0,4,11.51,22,1,1,"PPM"
"5e9f6d2a0f600f0dc07ea1f8",341,"5","twice","week 1",0,4,10.511,22,1,1,"PPM"
"5e9f6d2a0f600f0dc07ea1f8",341,"6","twice","week 1",1,4,18.714,22,1,1,"PPM"
"5e9f6d2a0f600f0dc07ea1f8",341,"7","twice","week 1",0,4,17.042,22,1,1,"PPM"
"5e9f6d2a0f600f0dc07ea1f8",341,"8","twice","week 1",1,4,14.776,22,1,1,"PPM"
"5ea0340f9e25cb00094e39bd",335,"1","once","week 2",0,5,7.838,18,1,1,"PPM"
"5ea0340f9e25cb00094e39bd",335,"2","once","week 2",1,5,14.165,18,1,1,"PPM"
"5ea0340f9e25cb00094e39bd",335,"3","once","week 2",0,5,20.601,18,1,1,"PPM"
"5ea0340f9e25cb00094e39bd",335,"4","once","week 2",0,5,30.586,18,1,1,"PPM"
"5ea0340f9e25cb00094e39bd",335,"5","once","week 2",1,5,6.161,18,1,1,"PPM"
"5ea0340f9e25cb00094e39bd",335,"6","once","week 2",0,5,21.412,18,1,1,"PPM"
"5ea0340f9e25cb00094e39bd",335,"7","once","week 2",0,5,33.531,18,1,1,"PPM"
"5ea0340f9e25cb00094e39bd",335,"8","once","week 2",0,5,6.679,18,1,1,"PPM"
"5ea18016d72aeb03027f476e",88,"1","once","week 1",1,4,1.841,30,0,0,"Flat-PastRate"
"5ea18016d72aeb03027f476e",88,"2","once","week 1",1,4,2.628,30,0,0,"Flat-PastRate"
"5ea18016d72aeb03027f476e",88,"3","once","week 1",1,4,1.735,30,0,0,"Flat-PastRate"
"5ea18016d72aeb03027f476e",88,"4","once","week 1",0,4,1.689,30,0,0,"Flat-PastRate"
"5ea18016d72aeb03027f476e",88,"5","once","week 1",1,4,27.346,30,0,0,"Flat-PastRate"
"5ea18016d72aeb03027f476e",88,"6","once","week 1",0,4,1.036,30,0,0,"Flat-PastRate"
"5ea18016d72aeb03027f476e",88,"7","once","week 1",1,4,1.306,30,0,0,"Flat-PastRate"
"5ea18016d72aeb03027f476e",88,"8","once","week 1",0,4,1.894,30,0,0,"Flat-PastRate"
"5ea1bc928a9acd095f3274ee",184,"1","twice","week 1",0,5,4.176,19,0,1,"PPM"
"5ea1bc928a9acd095f3274ee",184,"2","twice","week 1",1,5,10.79,19,0,1,"PPM"
"5ea1bc928a9acd095f3274ee",184,"3","twice","week 1",1,5,6.937,19,0,1,"PPM"
"5ea1bc928a9acd095f3274ee",184,"4","twice","week 1",0,5,5.846,19,0,1,"PPM"
"5ea1bc928a9acd095f3274ee",184,"5","twice","week 1",0,5,4.787,19,0,1,"PPM"
"5ea1bc928a9acd095f3274ee",184,"6","twice","week 1",0,5,4.632,19,0,1,"PPM"
"5ea1bc928a9acd095f3274ee",184,"7","twice","week 1",1,5,14.128,19,0,1,"PPM"
"5ea1bc928a9acd095f3274ee",184,"8","twice","week 1",0,5,5.7,19,0,1,"PPM"
"5ea35c4c1d36a81597d48873",178,"1","twice","week 1",0,5,4.796,43,1,1,"PPM"
"5ea35c4c1d36a81597d48873",178,"2","twice","week 1",1,5,9.657,43,1,1,"PPM"
"5ea35c4c1d36a81597d48873",178,"3","twice","week 1",0,5,5.545,43,1,1,"PPM"
"5ea35c4c1d36a81597d48873",178,"4","twice","week 1",0,5,6.679,43,1,1,"PPM"
"5ea35c4c1d36a81597d48873",178,"5","twice","week 1",1,5,11.361,43,1,1,"PPM"
"5ea35c4c1d36a81597d48873",178,"6","twice","week 1",0,5,4.895,43,1,1,"PPM"
"5ea35c4c1d36a81597d48873",178,"7","twice","week 1",0,5,8.179,43,1,1,"PPM"
"5ea35c4c1d36a81597d48873",178,"8","twice","week 1",0,5,6.483,43,1,1,"PPM"
"5ea4235890d52b3c59125f7b",120,"1","twice","week 2",0,5,3.806,29,1,1,"Flat"
"5ea4235890d52b3c59125f7b",120,"2","twice","week 2",0,5,8.415,29,1,1,"Flat"
"5ea4235890d52b3c59125f7b",120,"3","twice","week 2",0,5,4.44,29,1,1,"Flat"
"5ea4235890d52b3c59125f7b",120,"4","twice","week 2",0,5,4.277,29,1,1,"Flat"
"5ea4235890d52b3c59125f7b",120,"5","twice","week 2",1,5,7.498,29,1,1,"Flat"
"5ea4235890d52b3c59125f7b",120,"6","twice","week 2",0,5,5.727,29,1,1,"Flat"
"5ea4235890d52b3c59125f7b",120,"7","twice","week 2",0,5,12.254,29,1,1,"Flat"
"5ea4235890d52b3c59125f7b",120,"8","twice","week 2",0,5,9.142,29,1,1,"Flat"
"5ea42e40492d2d000c1fe837",133,"1","once","week 2",0,3,5.694,22,1,1,"Flat-PastRate"
"5ea42e40492d2d000c1fe837",133,"2","once","week 2",0,3,3.514,22,1,1,"Flat-PastRate"
"5ea42e40492d2d000c1fe837",133,"3","once","week 2",0,3,4.501,22,1,1,"Flat-PastRate"
"5ea42e40492d2d000c1fe837",133,"4","once","week 2",0,3,3.373,22,1,1,"Flat-PastRate"
"5ea42e40492d2d000c1fe837",133,"5","once","week 2",0,3,7.41,22,1,1,"Flat-PastRate"
"5ea42e40492d2d000c1fe837",133,"6","once","week 2",0,3,4.401,22,1,1,"Flat-PastRate"
"5ea42e40492d2d000c1fe837",133,"7","once","week 2",0,3,5.134,22,1,1,"Flat-PastRate"
"5ea42e40492d2d000c1fe837",133,"8","once","week 2",0,3,11.427,22,1,1,"Flat-PastRate"
"5ea44ed32e1321000822b7db",182,"1","once","week 1",1,5,11.329,20,0,0,"PPM"
"5ea44ed32e1321000822b7db",182,"2","once","week 1",1,5,19.362,20,0,0,"PPM"
"5ea44ed32e1321000822b7db",182,"3","once","week 1",0,5,7.534,20,0,0,"PPM"
"5ea44ed32e1321000822b7db",182,"4","once","week 1",0,5,4.472,20,0,0,"PPM"
"5ea44ed32e1321000822b7db",182,"5","once","week 1",0,5,13.686,20,0,0,"PPM"
"5ea44ed32e1321000822b7db",182,"6","once","week 1",1,5,13.135,20,0,0,"PPM"
"5ea44ed32e1321000822b7db",182,"7","once","week 1",1,5,4.294,20,0,0,"PPM"
"5ea44ed32e1321000822b7db",182,"8","once","week 1",0,5,14.013,20,0,0,"PPM"
"5ea572bedfd09255284a08e1",201,"1","twice","week 2",0,5,10.5,19,0,0,"PPM"
"5ea572bedfd09255284a08e1",201,"2","twice","week 2",1,5,12.511,19,0,0,"PPM"
"5ea572bedfd09255284a08e1",201,"3","twice","week 2",1,5,25.269,19,0,0,"PPM"
"5ea572bedfd09255284a08e1",201,"4","twice","week 2",0,5,26.411,19,0,0,"PPM"
"5ea572bedfd09255284a08e1",201,"5","twice","week 2",0,5,7.882,19,0,0,"PPM"
"5ea572bedfd09255284a08e1",201,"6","twice","week 2",0,5,9.538,19,0,0,"PPM"
"5ea572bedfd09255284a08e1",201,"7","twice","week 2",1,5,4.436,19,0,0,"PPM"
"5ea572bedfd09255284a08e1",201,"8","twice","week 2",0,5,8.411,19,0,0,"PPM"
"5ea5bbd62788e55b4895fecf",849,"1","once","week 1",0,4,3.887,36,1,0,"Flat-PastRate"
"5ea5bbd62788e55b4895fecf",849,"2","once","week 1",1,4,4.583,36,1,0,"Flat-PastRate"
"5ea5bbd62788e55b4895fecf",849,"3","once","week 1",0,4,15.196,36,1,0,"Flat-PastRate"
"5ea5bbd62788e55b4895fecf",849,"4","once","week 1",0,4,5.654,36,1,0,"Flat-PastRate"
"5ea5bbd62788e55b4895fecf",849,"5","once","week 1",0,4,9.208,36,1,0,"Flat-PastRate"
"5ea5bbd62788e55b4895fecf",849,"6","once","week 1",1,4,5.983,36,1,0,"Flat-PastRate"
"5ea5bbd62788e55b4895fecf",849,"7","once","week 1",1,4,12.768,36,1,0,"Flat-PastRate"
"5ea5bbd62788e55b4895fecf",849,"8","once","week 1",0,4,6.141,36,1,0,"Flat-PastRate"
"5ea6db215a4011076de48877",134,"1","once","week 2",0,5,5.091,22,1,1,"Flat-PastRate"
"5ea6db215a4011076de48877",134,"2","once","week 2",1,5,4.077,22,1,1,"Flat-PastRate"
"5ea6db215a4011076de48877",134,"3","once","week 2",0,5,12.726,22,1,1,"Flat-PastRate"
"5ea6db215a4011076de48877",134,"4","once","week 2",0,5,7.801,22,1,1,"Flat-PastRate"
"5ea6db215a4011076de48877",134,"5","once","week 2",1,5,13.6,22,1,1,"Flat-PastRate"
"5ea6db215a4011076de48877",134,"6","once","week 2",0,5,6.72,22,1,1,"Flat-PastRate"
"5ea6db215a4011076de48877",134,"7","once","week 2",1,5,4.996,22,1,1,"Flat-PastRate"
"5ea6db215a4011076de48877",134,"8","once","week 2",0,5,6.799,22,1,1,"Flat-PastRate"
"5ea6f14cf0ff0709b0331957",91,"1","twice","week 1",0,5,2.914,24,1,1,"Flat"
"5ea6f14cf0ff0709b0331957",91,"2","twice","week 1",0,5,4.571,24,1,1,"Flat"
"5ea6f14cf0ff0709b0331957",91,"3","twice","week 1",0,5,9.083,24,1,1,"Flat"
"5ea6f14cf0ff0709b0331957",91,"4","twice","week 1",0,5,12.408,24,1,1,"Flat"
"5ea6f14cf0ff0709b0331957",91,"5","twice","week 1",0,5,5.021,24,1,1,"Flat"
"5ea6f14cf0ff0709b0331957",91,"6","twice","week 1",0,5,5.235,24,1,1,"Flat"
"5ea6f14cf0ff0709b0331957",91,"7","twice","week 1",0,5,1.868,24,1,1,"Flat"
"5ea6f14cf0ff0709b0331957",91,"8","twice","week 1",0,5,3.093,24,1,1,"Flat"
"5ea721158bfde70ca3b31580",226,"1","once","week 2",0,5,9.358,27,1,0,"Flat-PastRate"
"5ea721158bfde70ca3b31580",226,"2","once","week 2",1,5,7.101,27,1,0,"Flat-PastRate"
"5ea721158bfde70ca3b31580",226,"3","once","week 2",0,5,19.478,27,1,0,"Flat-PastRate"
"5ea721158bfde70ca3b31580",226,"4","once","week 2",0,5,6.62,27,1,0,"Flat-PastRate"
"5ea721158bfde70ca3b31580",226,"5","once","week 2",0,5,13.34,27,1,0,"Flat-PastRate"
"5ea721158bfde70ca3b31580",226,"6","once","week 2",0,5,11.357,27,1,0,"Flat-PastRate"
"5ea721158bfde70ca3b31580",226,"7","once","week 2",1,5,8.948,27,1,0,"Flat-PastRate"
"5ea721158bfde70ca3b31580",226,"8","once","week 2",0,5,8.254,27,1,0,"Flat-PastRate"
"5ea74136ed475611fa75345e",78,"1","twice","week 1",0,5,2.454,21,0,1,"Flat-PastRate"
"5ea74136ed475611fa75345e",78,"2","twice","week 1",1,5,6.495,21,0,1,"Flat-PastRate"
"5ea74136ed475611fa75345e",78,"3","twice","week 1",0,5,5.156,21,0,1,"Flat-PastRate"
"5ea74136ed475611fa75345e",78,"4","twice","week 1",0,5,8.557,21,0,1,"Flat-PastRate"
"5ea74136ed475611fa75345e",78,"5","twice","week 1",0,5,4.643,21,0,1,"Flat-PastRate"
"5ea74136ed475611fa75345e",78,"6","twice","week 1",0,5,2.985,21,0,1,"Flat-PastRate"
"5ea74136ed475611fa75345e",78,"7","twice","week 1",1,5,7.546,21,0,1,"Flat-PastRate"
"5ea74136ed475611fa75345e",78,"8","twice","week 1",0,5,2.542,21,0,1,"Flat-PastRate"
"5ea985311389ca099f0d6602",119,"1","once","week 1",0,5,4.021,18,0,0,"Flat-PastRate"
"5ea985311389ca099f0d6602",119,"2","once","week 1",1,5,5.907,18,0,0,"Flat-PastRate"
"5ea985311389ca099f0d6602",119,"3","once","week 1",0,5,6.964,18,0,0,"Flat-PastRate"
"5ea985311389ca099f0d6602",119,"4","once","week 1",0,5,5.268,18,0,0,"Flat-PastRate"
"5ea985311389ca099f0d6602",119,"5","once","week 1",1,5,5.534,18,0,0,"Flat-PastRate"
"5ea985311389ca099f0d6602",119,"6","once","week 1",0,5,7.547,18,0,0,"Flat-PastRate"
"5ea985311389ca099f0d6602",119,"7","once","week 1",1,5,10.442,18,0,0,"Flat-PastRate"
"5ea985311389ca099f0d6602",119,"8","once","week 1",0,5,4.753,18,0,0,"Flat-PastRate"
"5ea9a41b87b4150bf9634637",175,"1","once","week 2",0,5,6.064,19,1,1,"Flat-PastRate"
"5ea9a41b87b4150bf9634637",175,"2","once","week 2",1,5,7.066,19,1,1,"Flat-PastRate"
"5ea9a41b87b4150bf9634637",175,"3","once","week 2",0,5,19.949,19,1,1,"Flat-PastRate"
"5ea9a41b87b4150bf9634637",175,"4","once","week 2",0,5,23.202,19,1,1,"Flat-PastRate"
"5ea9a41b87b4150bf9634637",175,"5","once","week 2",0,5,8.87,19,1,1,"Flat-PastRate"
"5ea9a41b87b4150bf9634637",175,"6","once","week 2",0,5,7.261,19,1,1,"Flat-PastRate"
"5ea9a41b87b4150bf9634637",175,"7","once","week 2",1,5,7.918,19,1,1,"Flat-PastRate"
"5ea9a41b87b4150bf9634637",175,"8","once","week 2",0,5,5.386,19,1,1,"Flat-PastRate"
"5ea9b32b5a6a4e0f5b38cb35",197,"1","once","week 1",0,5,7.505,19,1,1,"PPM"
"5ea9b32b5a6a4e0f5b38cb35",197,"2","once","week 1",1,5,11.128,19,1,1,"PPM"
"5ea9b32b5a6a4e0f5b38cb35",197,"3","once","week 1",1,5,12.572,19,1,1,"PPM"
"5ea9b32b5a6a4e0f5b38cb35",197,"4","once","week 1",1,5,8.022,19,1,1,"PPM"
"5ea9b32b5a6a4e0f5b38cb35",197,"5","once","week 1",1,5,11.569,19,1,1,"PPM"
"5ea9b32b5a6a4e0f5b38cb35",197,"6","once","week 1",1,5,12.479,19,1,1,"PPM"
"5ea9b32b5a6a4e0f5b38cb35",197,"7","once","week 1",0,5,3.585,19,1,1,"PPM"
"5ea9b32b5a6a4e0f5b38cb35",197,"8","once","week 1",1,5,7.814,19,1,1,"PPM"
"5ea9f6033c203a1547cc870b",223,"1","twice","week 1",0,5,8.102,23,1,1,"PPM"
"5ea9f6033c203a1547cc870b",223,"2","twice","week 1",0,5,10.569,23,1,1,"PPM"
"5ea9f6033c203a1547cc870b",223,"3","twice","week 1",0,5,24.614,23,1,1,"PPM"
"5ea9f6033c203a1547cc870b",223,"4","twice","week 1",0,5,10.326,23,1,1,"PPM"
"5ea9f6033c203a1547cc870b",223,"5","twice","week 1",1,5,6.853,23,1,1,"PPM"
"5ea9f6033c203a1547cc870b",223,"6","twice","week 1",0,5,10.786,23,1,1,"PPM"
"5ea9f6033c203a1547cc870b",223,"7","twice","week 1",0,5,30,23,1,1,"PPM"
"5ea9f6033c203a1547cc870b",223,"8","twice","week 1",0,5,12.355,23,1,1,"PPM"
"5eaa97d07eda6e01ec108107",171,"1","once","week 2",0,5,4.112,21,1,1,"Flat"
"5eaa97d07eda6e01ec108107",171,"2","once","week 2",1,5,6.787,21,1,1,"Flat"
"5eaa97d07eda6e01ec108107",171,"3","once","week 2",1,5,11.91,21,1,1,"Flat"
"5eaa97d07eda6e01ec108107",171,"4","once","week 2",1,5,9.385,21,1,1,"Flat"
"5eaa97d07eda6e01ec108107",171,"5","once","week 2",0,5,17.689,21,1,1,"Flat"
"5eaa97d07eda6e01ec108107",171,"6","once","week 2",1,5,13.229,21,1,1,"Flat"
"5eaa97d07eda6e01ec108107",171,"7","once","week 2",0,5,12.282,21,1,1,"Flat"
"5eaa97d07eda6e01ec108107",171,"8","once","week 2",0,5,10.892,21,1,1,"Flat"
"5eac654405e9160cfcdc7110",231,"1","once","week 1",0,4,5.317,48,1,1,"Flat"
"5eac654405e9160cfcdc7110",231,"2","once","week 1",1,4,18.081,48,1,1,"Flat"
"5eac654405e9160cfcdc7110",231,"3","once","week 1",1,4,15.173,48,1,1,"Flat"
"5eac654405e9160cfcdc7110",231,"4","once","week 1",0,4,6.388,48,1,1,"Flat"
"5eac654405e9160cfcdc7110",231,"5","once","week 1",0,4,8.057,48,1,1,"Flat"
"5eac654405e9160cfcdc7110",231,"6","once","week 1",0,4,5.625,48,1,1,"Flat"
"5eac654405e9160cfcdc7110",231,"7","once","week 1",0,4,6.636,48,1,1,"Flat"
"5eac654405e9160cfcdc7110",231,"8","once","week 1",0,4,6.722,48,1,1,"Flat"
"5eaee1fd7af2520426d8b9bd",175,"1","twice","week 1",0,5,6.185,18,0,0,"PPM"
"5eaee1fd7af2520426d8b9bd",175,"2","twice","week 1",1,5,5.499,18,0,0,"PPM"
"5eaee1fd7af2520426d8b9bd",175,"3","twice","week 1",0,5,11.087,18,0,0,"PPM"
"5eaee1fd7af2520426d8b9bd",175,"4","twice","week 1",0,5,4.96,18,0,0,"PPM"
"5eaee1fd7af2520426d8b9bd",175,"5","twice","week 1",0,5,10.533,18,0,0,"PPM"
"5eaee1fd7af2520426d8b9bd",175,"6","twice","week 1",0,5,4.219,18,0,0,"PPM"
"5eaee1fd7af2520426d8b9bd",175,"7","twice","week 1",0,5,8.291,18,0,0,"PPM"
"5eaee1fd7af2520426d8b9bd",175,"8","twice","week 1",0,5,12.705,18,0,0,"PPM"
"5eb1e23ebf6e0032a2571367",114,"1","twice","week 2",1,5,6.44,20,1,1,"Flat-PastRate"
"5eb1e23ebf6e0032a2571367",114,"2","twice","week 2",0,5,4.567,20,1,1,"Flat-PastRate"
"5eb1e23ebf6e0032a2571367",114,"3","twice","week 2",0,5,4.878,20,1,1,"Flat-PastRate"
"5eb1e23ebf6e0032a2571367",114,"4","twice","week 2",0,5,5.045,20,1,1,"Flat-PastRate"
"5eb1e23ebf6e0032a2571367",114,"5","twice","week 2",1,5,7.529,20,1,1,"Flat-PastRate"
"5eb1e23ebf6e0032a2571367",114,"6","twice","week 2",0,5,12.774,20,1,1,"Flat-PastRate"
"5eb1e23ebf6e0032a2571367",114,"7","twice","week 2",1,5,5.853,20,1,1,"Flat-PastRate"
"5eb1e23ebf6e0032a2571367",114,"8","twice","week 2",0,5,4.276,20,1,1,"Flat-PastRate"
"5eb27bd5a6c0ee1d12179563",224,"1","twice","week 1",0,5,4.972,18,0,1,"Flat-PastRate"
"5eb27bd5a6c0ee1d12179563",224,"2","twice","week 1",1,5,10.349,18,0,1,"Flat-PastRate"
"5eb27bd5a6c0ee1d12179563",224,"3","twice","week 1",0,5,14.099,18,0,1,"Flat-PastRate"
"5eb27bd5a6c0ee1d12179563",224,"4","twice","week 1",0,5,7.966,18,0,1,"Flat-PastRate"
"5eb27bd5a6c0ee1d12179563",224,"5","twice","week 1",0,5,7.178,18,0,1,"Flat-PastRate"
"5eb27bd5a6c0ee1d12179563",224,"6","twice","week 1",0,5,4.86,18,0,1,"Flat-PastRate"
"5eb27bd5a6c0ee1d12179563",224,"7","twice","week 1",0,5,7.99,18,0,1,"Flat-PastRate"
"5eb27bd5a6c0ee1d12179563",224,"8","twice","week 1",0,5,5.572,18,0,1,"Flat-PastRate"
"5eb2cdde72398906db05df37",152,"1","once","week 2",0,5,5.832,22,0,1,"Flat-PastRate"
"5eb2cdde72398906db05df37",152,"2","once","week 2",0,5,14.369,22,0,1,"Flat-PastRate"
"5eb2cdde72398906db05df37",152,"3","once","week 2",0,5,4.934,22,0,1,"Flat-PastRate"
"5eb2cdde72398906db05df37",152,"4","once","week 2",0,5,4.632,22,0,1,"Flat-PastRate"
"5eb2cdde72398906db05df37",152,"5","once","week 2",0,5,4.701,22,0,1,"Flat-PastRate"
"5eb2cdde72398906db05df37",152,"6","once","week 2",0,5,10.054,22,0,1,"Flat-PastRate"
"5eb2cdde72398906db05df37",152,"7","once","week 2",0,5,5.24,22,0,1,"Flat-PastRate"
"5eb2cdde72398906db05df37",152,"8","once","week 2",0,5,7.582,22,0,1,"Flat-PastRate"
"5eb3180b1cfc100f09a7015a",98,"1","twice","week 2",0,5,2.032,20,1,1,"Flat"
"5eb3180b1cfc100f09a7015a",98,"2","twice","week 2",0,5,3.707,20,1,1,"Flat"
"5eb3180b1cfc100f09a7015a",98,"3","twice","week 2",0,5,8.18,20,1,1,"Flat"
"5eb3180b1cfc100f09a7015a",98,"4","twice","week 2",0,5,2.727,20,1,1,"Flat"
"5eb3180b1cfc100f09a7015a",98,"5","twice","week 2",0,5,3.324,20,1,1,"Flat"
"5eb3180b1cfc100f09a7015a",98,"6","twice","week 2",0,5,6.048,20,1,1,"Flat"
"5eb3180b1cfc100f09a7015a",98,"7","twice","week 2",0,5,6.706,20,1,1,"Flat"
"5eb3180b1cfc100f09a7015a",98,"8","twice","week 2",0,5,11.599,20,1,1,"Flat"
"5eb4208c076e4723c65d31dd",123,"1","once","week 2",0,5,6.255,31,1,1,"Flat-PastRate"
"5eb4208c076e4723c65d31dd",123,"2","once","week 2",0,5,4.874,31,1,1,"Flat-PastRate"
"5eb4208c076e4723c65d31dd",123,"3","once","week 2",0,5,9.201,31,1,1,"Flat-PastRate"
"5eb4208c076e4723c65d31dd",123,"4","once","week 2",0,5,11.797,31,1,1,"Flat-PastRate"
"5eb4208c076e4723c65d31dd",123,"5","once","week 2",0,5,6.181,31,1,1,"Flat-PastRate"
"5eb4208c076e4723c65d31dd",123,"6","once","week 2",0,5,5.502,31,1,1,"Flat-PastRate"
"5eb4208c076e4723c65d31dd",123,"7","once","week 2",0,5,7.471,31,1,1,"Flat-PastRate"
"5eb4208c076e4723c65d31dd",123,"8","once","week 2",1,5,7.673,31,1,1,"Flat-PastRate"
"5eb45f0df625d52a7ebdf0ea",859,"1","twice","week 2",0,4,3.5,20,1,1,"PPM"
"5eb45f0df625d52a7ebdf0ea",859,"2","twice","week 2",1,4,15.135,20,1,1,"PPM"
"5eb45f0df625d52a7ebdf0ea",859,"3","twice","week 2",0,4,10.068,20,1,1,"PPM"
"5eb45f0df625d52a7ebdf0ea",859,"4","twice","week 2",1,4,20.397,20,1,1,"PPM"
"5eb45f0df625d52a7ebdf0ea",859,"5","twice","week 2",0,4,5.656,20,1,1,"PPM"
"5eb45f0df625d52a7ebdf0ea",859,"6","twice","week 2",1,4,9.215,20,1,1,"PPM"
"5eb45f0df625d52a7ebdf0ea",859,"7","twice","week 2",0,4,5.652,20,1,1,"PPM"
"5eb45f0df625d52a7ebdf0ea",859,"8","twice","week 2",0,4,4.346,20,1,1,"PPM"
"5eb465c81f70082bd5198797",124,"1","once","week 1",0,5,3.557,20,1,0,"Flat"
"5eb465c81f70082bd5198797",124,"2","once","week 1",0,5,3.069,20,1,0,"Flat"
"5eb465c81f70082bd5198797",124,"3","once","week 1",0,5,5.016,20,1,0,"Flat"
"5eb465c81f70082bd5198797",124,"4","once","week 1",0,5,13.46,20,1,0,"Flat"
"5eb465c81f70082bd5198797",124,"5","once","week 1",0,5,6.25,20,1,0,"Flat"
"5eb465c81f70082bd5198797",124,"6","once","week 1",0,5,4.17,20,1,0,"Flat"
"5eb465c81f70082bd5198797",124,"7","once","week 1",1,5,5.328,20,1,0,"Flat"
"5eb465c81f70082bd5198797",124,"8","once","week 1",0,5,5.424,20,1,0,"Flat"
"5eb4ba4ec885940009ecee48",173,"1","once","week 2",1,5,6.494,20,1,1,"PPM"
"5eb4ba4ec885940009ecee48",173,"2","once","week 2",1,5,8.017,20,1,1,"PPM"
"5eb4ba4ec885940009ecee48",173,"3","once","week 2",1,5,14.764,20,1,1,"PPM"
"5eb4ba4ec885940009ecee48",173,"4","once","week 2",0,5,8.858,20,1,1,"PPM"
"5eb4ba4ec885940009ecee48",173,"5","once","week 2",0,5,10.679,20,1,1,"PPM"
"5eb4ba4ec885940009ecee48",173,"6","once","week 2",1,5,11.563,20,1,1,"PPM"
"5eb4ba4ec885940009ecee48",173,"7","once","week 2",1,5,4.173,20,1,1,"PPM"
"5eb4ba4ec885940009ecee48",173,"8","once","week 2",0,5,6.446,20,1,1,"PPM"
"5eb69421b2c9c859401188bf",194,"1","twice","week 2",0,4,4.989,20,1,1,"PPM"
"5eb69421b2c9c859401188bf",194,"2","twice","week 2",0,4,8.369,20,1,1,"PPM"
"5eb69421b2c9c859401188bf",194,"3","twice","week 2",0,4,8.992,20,1,1,"PPM"
"5eb69421b2c9c859401188bf",194,"4","twice","week 2",0,4,14.513,20,1,1,"PPM"
"5eb69421b2c9c859401188bf",194,"5","twice","week 2",0,4,5.171,20,1,1,"PPM"
"5eb69421b2c9c859401188bf",194,"6","twice","week 2",0,4,6.646,20,1,1,"PPM"
"5eb69421b2c9c859401188bf",194,"7","twice","week 2",0,4,8.655,20,1,1,"PPM"
"5eb69421b2c9c859401188bf",194,"8","twice","week 2",0,4,5.367,20,1,1,"PPM"
"5eb6d6c86b2e3c071bdd963e",145,"1","once","week 2",0,4,3.269,19,1,1,"Flat-PastRate"
"5eb6d6c86b2e3c071bdd963e",145,"2","once","week 2",1,4,11.43,19,1,1,"Flat-PastRate"
"5eb6d6c86b2e3c071bdd963e",145,"3","once","week 2",0,4,4.952,19,1,1,"Flat-PastRate"
"5eb6d6c86b2e3c071bdd963e",145,"4","once","week 2",0,4,4.573,19,1,1,"Flat-PastRate"
"5eb6d6c86b2e3c071bdd963e",145,"5","once","week 2",0,4,9.678,19,1,1,"Flat-PastRate"
"5eb6d6c86b2e3c071bdd963e",145,"6","once","week 2",0,4,10.612,19,1,1,"Flat-PastRate"
"5eb6d6c86b2e3c071bdd963e",145,"7","once","week 2",0,4,21.396,19,1,1,"Flat-PastRate"
"5eb6d6c86b2e3c071bdd963e",145,"8","once","week 2",0,4,4.179,19,1,1,"Flat-PastRate"
"5ebaf4c9e55c630a395d4413",129,"1","twice","week 1",0,5,7.349,18,0,1,"Flat"
"5ebaf4c9e55c630a395d4413",129,"2","twice","week 1",1,5,3.666,18,0,1,"Flat"
"5ebaf4c9e55c630a395d4413",129,"3","twice","week 1",0,5,6.981,18,0,1,"Flat"
"5ebaf4c9e55c630a395d4413",129,"4","twice","week 1",0,5,4.971,18,0,1,"Flat"
"5ebaf4c9e55c630a395d4413",129,"5","twice","week 1",0,5,6.091,18,0,1,"Flat"
"5ebaf4c9e55c630a395d4413",129,"6","twice","week 1",0,5,3.866,18,0,1,"Flat"
"5ebaf4c9e55c630a395d4413",129,"7","twice","week 1",0,5,9.432,18,0,1,"Flat"
"5ebaf4c9e55c630a395d4413",129,"8","twice","week 1",0,5,8.546,18,0,1,"Flat"
"5ebcfff7dd01e202809f3887",76,"1","twice","week 1",0,5,3.147,22,0,1,"Flat"
"5ebcfff7dd01e202809f3887",76,"2","twice","week 1",1,5,6.524,22,0,1,"Flat"
"5ebcfff7dd01e202809f3887",76,"3","twice","week 1",0,5,4.073,22,0,1,"Flat"
"5ebcfff7dd01e202809f3887",76,"4","twice","week 1",0,5,3.57,22,0,1,"Flat"
"5ebcfff7dd01e202809f3887",76,"5","twice","week 1",0,5,4.552,22,0,1,"Flat"
"5ebcfff7dd01e202809f3887",76,"6","twice","week 1",1,5,5.435,22,0,1,"Flat"
"5ebcfff7dd01e202809f3887",76,"7","twice","week 1",1,5,3.352,22,0,1,"Flat"
"5ebcfff7dd01e202809f3887",76,"8","twice","week 1",0,5,4.139,22,0,1,"Flat"
"5ebdd6168e3cee1209a0332f",174,"1","once","week 1",0,5,3.817,29,1,0,"Flat-PastRate"
"5ebdd6168e3cee1209a0332f",174,"2","once","week 1",0,5,8.135,29,1,0,"Flat-PastRate"
"5ebdd6168e3cee1209a0332f",174,"3","once","week 1",0,5,9.755,29,1,0,"Flat-PastRate"
"5ebdd6168e3cee1209a0332f",174,"4","once","week 1",0,5,4.457,29,1,0,"Flat-PastRate"
"5ebdd6168e3cee1209a0332f",174,"5","once","week 1",1,5,16.76,29,1,0,"Flat-PastRate"
"5ebdd6168e3cee1209a0332f",174,"6","once","week 1",0,5,11.686,29,1,0,"Flat-PastRate"
"5ebdd6168e3cee1209a0332f",174,"7","once","week 1",1,5,6.921,29,1,0,"Flat-PastRate"
"5ebdd6168e3cee1209a0332f",174,"8","once","week 1",0,5,6.113,29,1,0,"Flat-PastRate"
"5ec13dbbb585e04065f009d9",173,"1","twice","week 1",0,5,4.891,21,1,1,"Flat"
"5ec13dbbb585e04065f009d9",173,"2","twice","week 1",1,5,4.791,21,1,1,"Flat"
"5ec13dbbb585e04065f009d9",173,"3","twice","week 1",0,5,8.734,21,1,1,"Flat"
"5ec13dbbb585e04065f009d9",173,"4","twice","week 1",0,5,7.163,21,1,1,"Flat"
"5ec13dbbb585e04065f009d9",173,"5","twice","week 1",0,5,8.656,21,1,1,"Flat"
"5ec13dbbb585e04065f009d9",173,"6","twice","week 1",0,5,9.742,21,1,1,"Flat"
"5ec13dbbb585e04065f009d9",173,"7","twice","week 1",1,5,13.069,21,1,1,"Flat"
"5ec13dbbb585e04065f009d9",173,"8","twice","week 1",0,5,25.356,21,1,1,"Flat"
"5ec1908afa6533211eb93144",162,"1","once","week 1",0,4,9.354,24,0,1,"PPM"
"5ec1908afa6533211eb93144",162,"2","once","week 1",1,4,4.974,24,0,1,"PPM"
"5ec1908afa6533211eb93144",162,"3","once","week 1",1,4,9.849,24,0,1,"PPM"
"5ec1908afa6533211eb93144",162,"4","once","week 1",0,4,5.575,24,0,1,"PPM"
"5ec1908afa6533211eb93144",162,"5","once","week 1",1,4,8.228,24,0,1,"PPM"
"5ec1908afa6533211eb93144",162,"6","once","week 1",0,4,8.524,24,0,1,"PPM"
"5ec1908afa6533211eb93144",162,"7","once","week 1",1,4,5.77,24,0,1,"PPM"
"5ec1908afa6533211eb93144",162,"8","once","week 1",0,4,4.853,24,0,1,"PPM"
"5ec3dd98ce3cd40668c0115f",149,"1","once","week 1",0,5,11.069,20,1,1,"Flat-PastRate"
"5ec3dd98ce3cd40668c0115f",149,"2","once","week 1",1,5,4.882,20,1,1,"Flat-PastRate"
"5ec3dd98ce3cd40668c0115f",149,"3","once","week 1",0,5,7.373,20,1,1,"Flat-PastRate"
"5ec3dd98ce3cd40668c0115f",149,"4","once","week 1",0,5,6.675,20,1,1,"Flat-PastRate"
"5ec3dd98ce3cd40668c0115f",149,"5","once","week 1",1,5,18.07,20,1,1,"Flat-PastRate"
"5ec3dd98ce3cd40668c0115f",149,"6","once","week 1",0,5,18.078,20,1,1,"Flat-PastRate"
"5ec3dd98ce3cd40668c0115f",149,"7","once","week 1",1,5,9.738,20,1,1,"Flat-PastRate"
"5ec3dd98ce3cd40668c0115f",149,"8","once","week 1",0,5,6.132,20,1,1,"Flat-PastRate"
"5ec3f2caaa5afd2827ae4f67",183,"1","once","week 2",0,5,4.133,32,0,1,"Flat-PastRate"
"5ec3f2caaa5afd2827ae4f67",183,"2","once","week 2",0,5,9.122,32,0,1,"Flat-PastRate"
"5ec3f2caaa5afd2827ae4f67",183,"3","once","week 2",1,5,10.942,32,0,1,"Flat-PastRate"
"5ec3f2caaa5afd2827ae4f67",183,"4","once","week 2",1,5,6.377,32,0,1,"Flat-PastRate"
"5ec3f2caaa5afd2827ae4f67",183,"5","once","week 2",0,5,48.006,32,0,1,"Flat-PastRate"
"5ec3f2caaa5afd2827ae4f67",183,"6","once","week 2",0,5,6.668,32,0,1,"Flat-PastRate"
"5ec3f2caaa5afd2827ae4f67",183,"7","once","week 2",0,5,4.491,32,0,1,"Flat-PastRate"
"5ec3f2caaa5afd2827ae4f67",183,"8","once","week 2",0,5,7.933,32,0,1,"Flat-PastRate"
"5ec40a2e6675b90b3e7e3340",140,"1","once","week 1",0,5,3.449,22,1,1,"Flat-PastRate"
"5ec40a2e6675b90b3e7e3340",140,"2","once","week 1",1,5,7.764,22,1,1,"Flat-PastRate"
"5ec40a2e6675b90b3e7e3340",140,"3","once","week 1",1,5,6.761,22,1,1,"Flat-PastRate"
"5ec40a2e6675b90b3e7e3340",140,"4","once","week 1",0,5,8.821,22,1,1,"Flat-PastRate"
"5ec40a2e6675b90b3e7e3340",140,"5","once","week 1",1,5,5.068,22,1,1,"Flat-PastRate"
"5ec40a2e6675b90b3e7e3340",140,"6","once","week 1",0,5,6.078,22,1,1,"Flat-PastRate"
"5ec40a2e6675b90b3e7e3340",140,"7","once","week 1",1,5,4.979,22,1,1,"Flat-PastRate"
"5ec40a2e6675b90b3e7e3340",140,"8","once","week 1",0,5,4.052,22,1,1,"Flat-PastRate"
"5ec43d07622b9730e2ae46b7",278,"1","once","week 2",0,5,6.066,20,0,1,"Flat"
"5ec43d07622b9730e2ae46b7",278,"2","once","week 2",1,5,15.568,20,0,1,"Flat"
"5ec43d07622b9730e2ae46b7",278,"3","once","week 2",1,5,11.568,20,0,1,"Flat"
"5ec43d07622b9730e2ae46b7",278,"4","once","week 2",1,5,9.321,20,0,1,"Flat"
"5ec43d07622b9730e2ae46b7",278,"5","once","week 2",0,5,9.214,20,0,1,"Flat"
"5ec43d07622b9730e2ae46b7",278,"6","once","week 2",1,5,67.074,20,0,1,"Flat"
"5ec43d07622b9730e2ae46b7",278,"7","once","week 2",1,5,12.466,20,0,1,"Flat"
"5ec43d07622b9730e2ae46b7",278,"8","once","week 2",0,5,15.349,20,0,1,"Flat"
"5ec513570e821a440f878858",106,"1","once","week 1",0,5,6.69,21,1,1,"Flat-PastRate"
"5ec513570e821a440f878858",106,"2","once","week 1",1,5,3.84,21,1,1,"Flat-PastRate"
"5ec513570e821a440f878858",106,"3","once","week 1",1,5,7.985,21,1,1,"Flat-PastRate"
"5ec513570e821a440f878858",106,"4","once","week 1",0,5,8.733,21,1,1,"Flat-PastRate"
"5ec513570e821a440f878858",106,"5","once","week 1",1,5,7.697,21,1,1,"Flat-PastRate"
"5ec513570e821a440f878858",106,"6","once","week 1",0,5,9.115,21,1,1,"Flat-PastRate"
"5ec513570e821a440f878858",106,"7","once","week 1",1,5,4.994,21,1,1,"Flat-PastRate"
"5ec513570e821a440f878858",106,"8","once","week 1",0,5,4.4,21,1,1,"Flat-PastRate"
"5ec6563b04e80f030b94e03c",94,"1","once","week 2",0,5,5.19,37,1,1,"Flat"
"5ec6563b04e80f030b94e03c",94,"2","once","week 2",0,5,3.533,37,1,1,"Flat"
"5ec6563b04e80f030b94e03c",94,"3","once","week 2",0,5,4.69,37,1,1,"Flat"
"5ec6563b04e80f030b94e03c",94,"4","once","week 2",0,5,2.757,37,1,1,"Flat"
"5ec6563b04e80f030b94e03c",94,"5","once","week 2",1,5,4.876,37,1,1,"Flat"
"5ec6563b04e80f030b94e03c",94,"6","once","week 2",0,5,2.769,37,1,1,"Flat"
"5ec6563b04e80f030b94e03c",94,"7","once","week 2",1,5,7.1,37,1,1,"Flat"
"5ec6563b04e80f030b94e03c",94,"8","once","week 2",0,5,5.013,37,1,1,"Flat"
"5ec665a1191e78021cd99df5",151,"1","once","week 2",0,3,2.719,25,1,0,"PPM"
"5ec665a1191e78021cd99df5",151,"2","once","week 2",1,3,2.442,25,1,0,"PPM"
"5ec665a1191e78021cd99df5",151,"3","once","week 2",0,3,12.642,25,1,0,"PPM"
"5ec665a1191e78021cd99df5",151,"4","once","week 2",1,3,10.056,25,1,0,"PPM"
"5ec665a1191e78021cd99df5",151,"5","once","week 2",1,3,4.751,25,1,0,"PPM"
"5ec665a1191e78021cd99df5",151,"6","once","week 2",0,3,6.894,25,1,0,"PPM"
"5ec665a1191e78021cd99df5",151,"7","once","week 2",0,3,4.592,25,1,0,"PPM"
"5ec665a1191e78021cd99df5",151,"8","once","week 2",0,3,3.699,25,1,0,"PPM"
"5ec6dc260f6f6211b434e57c",82,"1","twice","week 1",0,5,3.173,23,1,1,"Flat"
"5ec6dc260f6f6211b434e57c",82,"2","twice","week 1",1,5,3.378,23,1,1,"Flat"
"5ec6dc260f6f6211b434e57c",82,"3","twice","week 1",0,5,3.625,23,1,1,"Flat"
"5ec6dc260f6f6211b434e57c",82,"4","twice","week 1",0,5,6.28,23,1,1,"Flat"
"5ec6dc260f6f6211b434e57c",82,"5","twice","week 1",0,5,5.633,23,1,1,"Flat"
"5ec6dc260f6f6211b434e57c",82,"6","twice","week 1",0,5,5.186,23,1,1,"Flat"
"5ec6dc260f6f6211b434e57c",82,"7","twice","week 1",0,5,6.269,23,1,1,"Flat"
"5ec6dc260f6f6211b434e57c",82,"8","twice","week 1",0,5,5.991,23,1,1,"Flat"
"5ec70087ac7d6b14612ce128",168,"1","once","week 1",0,5,4.735,39,0,1,"Flat"
"5ec70087ac7d6b14612ce128",168,"2","once","week 1",0,5,20.048,39,0,1,"Flat"
"5ec70087ac7d6b14612ce128",168,"3","once","week 1",1,5,5.735,39,0,1,"Flat"
"5ec70087ac7d6b14612ce128",168,"4","once","week 1",1,5,11.587,39,0,1,"Flat"
"5ec70087ac7d6b14612ce128",168,"5","once","week 1",0,5,4.581,39,0,1,"Flat"
"5ec70087ac7d6b14612ce128",168,"6","once","week 1",1,5,8.457,39,0,1,"Flat"
"5ec70087ac7d6b14612ce128",168,"7","once","week 1",1,5,5.288,39,0,1,"Flat"
"5ec70087ac7d6b14612ce128",168,"8","once","week 1",0,5,9.064,39,0,1,"Flat"
"5ec7a3794f89b8205c25fba3",281,"1","twice","week 1",0,4,12.689,18,0,1,"PPM"
"5ec7a3794f89b8205c25fba3",281,"2","twice","week 1",1,4,11.889,18,0,1,"PPM"
"5ec7a3794f89b8205c25fba3",281,"3","twice","week 1",0,4,4.143,18,0,1,"PPM"
"5ec7a3794f89b8205c25fba3",281,"4","twice","week 1",0,4,4.707,18,0,1,"PPM"
"5ec7a3794f89b8205c25fba3",281,"5","twice","week 1",1,4,6.333,18,0,1,"PPM"
"5ec7a3794f89b8205c25fba3",281,"6","twice","week 1",0,4,6.474,18,0,1,"PPM"
"5ec7a3794f89b8205c25fba3",281,"7","twice","week 1",0,4,10.003,18,0,1,"PPM"
"5ec7a3794f89b8205c25fba3",281,"8","twice","week 1",0,4,4.607,18,0,1,"PPM"
"5ec875255c6a2700081554ac",158,"1","twice","week 2",1,5,6.07,19,0,1,"Flat-PastRate"
"5ec875255c6a2700081554ac",158,"2","twice","week 2",0,5,4.862,19,0,1,"Flat-PastRate"
"5ec875255c6a2700081554ac",158,"3","twice","week 2",0,5,5.88,19,0,1,"Flat-PastRate"
"5ec875255c6a2700081554ac",158,"4","twice","week 2",0,5,3.359,19,0,1,"Flat-PastRate"
"5ec875255c6a2700081554ac",158,"5","twice","week 2",0,5,7.622,19,0,1,"Flat-PastRate"
"5ec875255c6a2700081554ac",158,"6","twice","week 2",0,5,8.458,19,0,1,"Flat-PastRate"
"5ec875255c6a2700081554ac",158,"7","twice","week 2",1,5,5.251,19,0,1,"Flat-PastRate"
"5ec875255c6a2700081554ac",158,"8","twice","week 2",0,5,16.034,19,0,1,"Flat-PastRate"
"5ec94c415b7920456c117cbe",171,"1","once","week 2",0,5,4.115,22,1,1,"Flat-PastRate"
"5ec94c415b7920456c117cbe",171,"2","once","week 2",1,5,3.177,22,1,1,"Flat-PastRate"
"5ec94c415b7920456c117cbe",171,"3","once","week 2",0,5,5.42,22,1,1,"Flat-PastRate"
"5ec94c415b7920456c117cbe",171,"4","once","week 2",0,5,8.279,22,1,1,"Flat-PastRate"
"5ec94c415b7920456c117cbe",171,"5","once","week 2",0,5,4.601,22,1,1,"Flat-PastRate"
"5ec94c415b7920456c117cbe",171,"6","once","week 2",0,5,4.316,22,1,1,"Flat-PastRate"
"5ec94c415b7920456c117cbe",171,"7","once","week 2",1,5,7.811,22,1,1,"Flat-PastRate"
"5ec94c415b7920456c117cbe",171,"8","once","week 2",0,5,7.154,22,1,1,"Flat-PastRate"
"5ec98ddcf32d5d0c0e70b4b9",266,"1","twice","week 1",0,3,17.874,23,1,1,"PPM"
"5ec98ddcf32d5d0c0e70b4b9",266,"2","twice","week 1",1,3,9.78,23,1,1,"PPM"
"5ec98ddcf32d5d0c0e70b4b9",266,"3","twice","week 1",1,3,6.471,23,1,1,"PPM"
"5ec98ddcf32d5d0c0e70b4b9",266,"4","twice","week 1",1,3,13.811,23,1,1,"PPM"
"5ec98ddcf32d5d0c0e70b4b9",266,"5","twice","week 1",1,3,8.504,23,1,1,"PPM"
"5ec98ddcf32d5d0c0e70b4b9",266,"6","twice","week 1",0,3,13.096,23,1,1,"PPM"
"5ec98ddcf32d5d0c0e70b4b9",266,"7","twice","week 1",1,3,5.486,23,1,1,"PPM"
"5ec98ddcf32d5d0c0e70b4b9",266,"8","twice","week 1",0,3,7.959,23,1,1,"PPM"
"5ecabd093cd0510651db7004",147,"1","twice","week 1",0,5,4.581,18,0,1,"Flat"
"5ecabd093cd0510651db7004",147,"2","twice","week 1",0,5,9.976,18,0,1,"Flat"
"5ecabd093cd0510651db7004",147,"3","twice","week 1",0,5,10.296,18,0,1,"Flat"
"5ecabd093cd0510651db7004",147,"4","twice","week 1",0,5,7.186,18,0,1,"Flat"
"5ecabd093cd0510651db7004",147,"5","twice","week 1",0,5,4.468,18,0,1,"Flat"
"5ecabd093cd0510651db7004",147,"6","twice","week 1",0,5,4.526,18,0,1,"Flat"
"5ecabd093cd0510651db7004",147,"7","twice","week 1",0,5,10.527,18,0,1,"Flat"
"5ecabd093cd0510651db7004",147,"8","twice","week 1",0,5,6.536,18,0,1,"Flat"
"5ecad1b6093c7a610c563a93",176,"1","twice","week 1",0,5,10.057,NA,0,0,"PPM"
"5ecad1b6093c7a610c563a93",176,"2","twice","week 1",1,5,17.439,NA,0,0,"PPM"
"5ecad1b6093c7a610c563a93",176,"3","twice","week 1",0,5,6.132,NA,0,0,"PPM"
"5ecad1b6093c7a610c563a93",176,"4","twice","week 1",0,5,7.887,NA,0,0,"PPM"
"5ecad1b6093c7a610c563a93",176,"5","twice","week 1",0,5,9.391,NA,0,0,"PPM"
"5ecad1b6093c7a610c563a93",176,"6","twice","week 1",0,5,7.538,NA,0,0,"PPM"
"5ecad1b6093c7a610c563a93",176,"7","twice","week 1",0,5,11.274,NA,0,0,"PPM"
"5ecad1b6093c7a610c563a93",176,"8","twice","week 1",0,5,5.623,NA,0,0,"PPM"
"5ecc0b5614e1260be3ff6052",166,"1","twice","week 2",0,5,3.554,32,1,1,"Flat-PastRate"
"5ecc0b5614e1260be3ff6052",166,"2","twice","week 2",0,5,6.764,32,1,1,"Flat-PastRate"
"5ecc0b5614e1260be3ff6052",166,"3","twice","week 2",0,5,3.032,32,1,1,"Flat-PastRate"
"5ecc0b5614e1260be3ff6052",166,"4","twice","week 2",0,5,3.301,32,1,1,"Flat-PastRate"
"5ecc0b5614e1260be3ff6052",166,"5","twice","week 2",0,5,47.846,32,1,1,"Flat-PastRate"
"5ecc0b5614e1260be3ff6052",166,"6","twice","week 2",0,5,5.641,32,1,1,"Flat-PastRate"
"5ecc0b5614e1260be3ff6052",166,"7","twice","week 2",1,5,21.718,32,1,1,"Flat-PastRate"
"5ecc0b5614e1260be3ff6052",166,"8","twice","week 2",0,5,4.401,32,1,1,"Flat-PastRate"
"5ecc51493457af81cdd2ee05",156,"1","twice","week 2",0,5,6.677,21,1,1,"Flat-PastRate"
"5ecc51493457af81cdd2ee05",156,"2","twice","week 2",1,5,27.896,21,1,1,"Flat-PastRate"
"5ecc51493457af81cdd2ee05",156,"3","twice","week 2",1,5,8.999,21,1,1,"Flat-PastRate"
"5ecc51493457af81cdd2ee05",156,"4","twice","week 2",0,5,6.914,21,1,1,"Flat-PastRate"
"5ecc51493457af81cdd2ee05",156,"5","twice","week 2",0,5,7.448,21,1,1,"Flat-PastRate"
"5ecc51493457af81cdd2ee05",156,"6","twice","week 2",0,5,5.195,21,1,1,"Flat-PastRate"
"5ecc51493457af81cdd2ee05",156,"7","twice","week 2",0,5,4.547,21,1,1,"Flat-PastRate"
"5ecc51493457af81cdd2ee05",156,"8","twice","week 2",0,5,6.8,21,1,1,"Flat-PastRate"
"5ecce69b797c178cd1c5f65c",135,"1","once","week 1",0,5,3.918,22,1,0,"Flat"
"5ecce69b797c178cd1c5f65c",135,"2","once","week 1",0,5,6.39,22,1,0,"Flat"
"5ecce69b797c178cd1c5f65c",135,"3","once","week 1",1,5,9.355,22,1,0,"Flat"
"5ecce69b797c178cd1c5f65c",135,"4","once","week 1",1,5,16.889,22,1,0,"Flat"
"5ecce69b797c178cd1c5f65c",135,"5","once","week 1",0,5,9.574,22,1,0,"Flat"
"5ecce69b797c178cd1c5f65c",135,"6","once","week 1",0,5,7.026,22,1,0,"Flat"
"5ecce69b797c178cd1c5f65c",135,"7","once","week 1",0,5,6.698,22,1,0,"Flat"
"5ecce69b797c178cd1c5f65c",135,"8","once","week 1",0,5,4.655,22,1,0,"Flat"
"5ece2f54b53e7d1af98b011c",187,"1","once","week 2",1,5,10.17,29,0,1,"Flat-PastRate"
"5ece2f54b53e7d1af98b011c",187,"2","once","week 2",1,5,10.178,29,0,1,"Flat-PastRate"
"5ece2f54b53e7d1af98b011c",187,"3","once","week 2",1,5,15.027,29,0,1,"Flat-PastRate"
"5ece2f54b53e7d1af98b011c",187,"4","once","week 2",0,5,13.372,29,0,1,"Flat-PastRate"
"5ece2f54b53e7d1af98b011c",187,"5","once","week 2",1,5,10.734,29,0,1,"Flat-PastRate"
"5ece2f54b53e7d1af98b011c",187,"6","once","week 2",0,5,10.706,29,0,1,"Flat-PastRate"
"5ece2f54b53e7d1af98b011c",187,"7","once","week 2",1,5,8.852,29,0,1,"Flat-PastRate"
"5ece2f54b53e7d1af98b011c",187,"8","once","week 2",0,5,7.859,29,0,1,"Flat-PastRate"
"5ed17172ae88660bc7bc3d77",81,"1","once","week 2",1,5,4.028,18,1,1,"Flat"
"5ed17172ae88660bc7bc3d77",81,"2","once","week 2",1,5,4.939,18,1,1,"Flat"
"5ed17172ae88660bc7bc3d77",81,"3","once","week 2",0,5,7.352,18,1,1,"Flat"
"5ed17172ae88660bc7bc3d77",81,"4","once","week 2",0,5,3.595,18,1,1,"Flat"
"5ed17172ae88660bc7bc3d77",81,"5","once","week 2",1,5,7.814,18,1,1,"Flat"
"5ed17172ae88660bc7bc3d77",81,"6","once","week 2",0,5,3.069,18,1,1,"Flat"
"5ed17172ae88660bc7bc3d77",81,"7","once","week 2",1,5,3.692,18,1,1,"Flat"
"5ed17172ae88660bc7bc3d77",81,"8","once","week 2",0,5,4.125,18,1,1,"Flat"
"5ed225b7b49d48185e9e56ae",109,"1","twice","week 2",0,5,4.363,22,1,1,"Flat"
"5ed225b7b49d48185e9e56ae",109,"2","twice","week 2",1,5,5.248,22,1,1,"Flat"
"5ed225b7b49d48185e9e56ae",109,"3","twice","week 2",1,5,10.507,22,1,1,"Flat"
"5ed225b7b49d48185e9e56ae",109,"4","twice","week 2",0,5,5.306,22,1,1,"Flat"
"5ed225b7b49d48185e9e56ae",109,"5","twice","week 2",0,5,6.737,22,1,1,"Flat"
"5ed225b7b49d48185e9e56ae",109,"6","twice","week 2",0,5,5.295,22,1,1,"Flat"
"5ed225b7b49d48185e9e56ae",109,"7","twice","week 2",1,5,5.197,22,1,1,"Flat"
"5ed225b7b49d48185e9e56ae",109,"8","twice","week 2",0,5,5.291,22,1,1,"Flat"
"5ed379193cb4893118c46f19",125,"1","once","week 1",1,5,5.327,23,1,0,"Flat"
"5ed379193cb4893118c46f19",125,"2","once","week 1",0,5,11.57,23,1,0,"Flat"
"5ed379193cb4893118c46f19",125,"3","once","week 1",1,5,6.218,23,1,0,"Flat"
"5ed379193cb4893118c46f19",125,"4","once","week 1",1,5,5.771,23,1,0,"Flat"
"5ed379193cb4893118c46f19",125,"5","once","week 1",1,5,6.095,23,1,0,"Flat"
"5ed379193cb4893118c46f19",125,"6","once","week 1",0,5,8.943,23,1,0,"Flat"
"5ed379193cb4893118c46f19",125,"7","once","week 1",1,5,5.124,23,1,0,"Flat"
"5ed379193cb4893118c46f19",125,"8","once","week 1",0,5,6.175,23,1,0,"Flat"
"5ed3a0abd5144e000b1f7575",73,"1","once","week 2",0,3,2.857,20,1,1,"PPM"
"5ed3a0abd5144e000b1f7575",73,"2","once","week 2",0,3,2.977,20,1,1,"PPM"
"5ed3a0abd5144e000b1f7575",73,"3","once","week 2",0,3,1.127,20,1,1,"PPM"
"5ed3a0abd5144e000b1f7575",73,"4","once","week 2",1,3,3.714,20,1,1,"PPM"
"5ed3a0abd5144e000b1f7575",73,"5","once","week 2",1,3,1.875,20,1,1,"PPM"
"5ed3a0abd5144e000b1f7575",73,"6","once","week 2",1,3,1.232,20,1,1,"PPM"
"5ed3a0abd5144e000b1f7575",73,"7","once","week 2",0,3,4.565,20,1,1,"PPM"
"5ed3a0abd5144e000b1f7575",73,"8","once","week 2",0,3,1.557,20,1,1,"PPM"
"5ed639bc957a4d03f126c90a",173,"1","once","week 1",1,5,4.91,21,1,1,"PPM"
"5ed639bc957a4d03f126c90a",173,"2","once","week 1",1,5,4.739,21,1,1,"PPM"
"5ed639bc957a4d03f126c90a",173,"3","once","week 1",1,5,4.765,21,1,1,"PPM"
"5ed639bc957a4d03f126c90a",173,"4","once","week 1",0,5,4.106,21,1,1,"PPM"
"5ed639bc957a4d03f126c90a",173,"5","once","week 1",0,5,20.968,21,1,1,"PPM"
"5ed639bc957a4d03f126c90a",173,"6","once","week 1",0,5,12.476,21,1,1,"PPM"
"5ed639bc957a4d03f126c90a",173,"7","once","week 1",1,5,6.269,21,1,1,"PPM"
"5ed639bc957a4d03f126c90a",173,"8","once","week 1",0,5,7.672,21,1,1,"PPM"
"5ed66ce4f02f1209fc2bc33a",206,"1","twice","week 1",0,5,6.499,19,1,1,"Flat"
"5ed66ce4f02f1209fc2bc33a",206,"2","twice","week 1",1,5,4.015,19,1,1,"Flat"
"5ed66ce4f02f1209fc2bc33a",206,"3","twice","week 1",1,5,7.129,19,1,1,"Flat"
"5ed66ce4f02f1209fc2bc33a",206,"4","twice","week 1",1,5,4.611,19,1,1,"Flat"
"5ed66ce4f02f1209fc2bc33a",206,"5","twice","week 1",0,5,5.863,19,1,1,"Flat"
"5ed66ce4f02f1209fc2bc33a",206,"6","twice","week 1",1,5,18.441,19,1,1,"Flat"
"5ed66ce4f02f1209fc2bc33a",206,"7","twice","week 1",1,5,5.239,19,1,1,"Flat"
"5ed66ce4f02f1209fc2bc33a",206,"8","twice","week 1",0,5,4.464,19,1,1,"Flat"
"5ed80aebb1cd3b12cd6a9bb5",259,"1","twice","week 2",0,5,44.197,23,1,1,"Flat"
"5ed80aebb1cd3b12cd6a9bb5",259,"2","twice","week 2",1,5,54.149,23,1,1,"Flat"
"5ed80aebb1cd3b12cd6a9bb5",259,"3","twice","week 2",1,5,6.258,23,1,1,"Flat"
"5ed80aebb1cd3b12cd6a9bb5",259,"4","twice","week 2",0,5,4.929,23,1,1,"Flat"
"5ed80aebb1cd3b12cd6a9bb5",259,"5","twice","week 2",1,5,27.369,23,1,1,"Flat"
"5ed80aebb1cd3b12cd6a9bb5",259,"6","twice","week 2",0,5,6.052,23,1,1,"Flat"
"5ed80aebb1cd3b12cd6a9bb5",259,"7","twice","week 2",0,5,32.974,23,1,1,"Flat"
"5ed80aebb1cd3b12cd6a9bb5",259,"8","twice","week 2",0,5,14.501,23,1,1,"Flat"
"5ed8162f9883863100f36190",100,"1","twice","week 2",1,5,4.124,19,0,1,"Flat-PastRate"
"5ed8162f9883863100f36190",100,"2","twice","week 2",1,5,3.285,19,0,1,"Flat-PastRate"
"5ed8162f9883863100f36190",100,"3","twice","week 2",1,5,4.88,19,0,1,"Flat-PastRate"
"5ed8162f9883863100f36190",100,"4","twice","week 2",0,5,6.61,19,0,1,"Flat-PastRate"
"5ed8162f9883863100f36190",100,"5","twice","week 2",1,5,4.725,19,0,1,"Flat-PastRate"
"5ed8162f9883863100f36190",100,"6","twice","week 2",0,5,5.548,19,0,1,"Flat-PastRate"
"5ed8162f9883863100f36190",100,"7","twice","week 2",1,5,6.815,19,0,1,"Flat-PastRate"
"5ed8162f9883863100f36190",100,"8","twice","week 2",0,5,10.219,19,0,1,"Flat-PastRate"
"5ed8f53aca05b8417fef05e7",77,"1","once","week 2",0,5,2.497,22,0,1,"Flat"
"5ed8f53aca05b8417fef05e7",77,"2","once","week 2",1,5,2.754,22,0,1,"Flat"
"5ed8f53aca05b8417fef05e7",77,"3","once","week 2",0,5,4.623,22,0,1,"Flat"
"5ed8f53aca05b8417fef05e7",77,"4","once","week 2",0,5,2.072,22,0,1,"Flat"
"5ed8f53aca05b8417fef05e7",77,"5","once","week 2",1,5,3.662,22,0,1,"Flat"
"5ed8f53aca05b8417fef05e7",77,"6","once","week 2",0,5,4.539,22,0,1,"Flat"
"5ed8f53aca05b8417fef05e7",77,"7","once","week 2",1,5,2.663,22,0,1,"Flat"
"5ed8f53aca05b8417fef05e7",77,"8","once","week 2",0,5,3.422,22,0,1,"Flat"
"5ed91ca79e50c2472f4045a2",158,"1","twice","week 2",0,5,6.363,37,1,1,"Flat"
"5ed91ca79e50c2472f4045a2",158,"2","twice","week 2",0,5,15.165,37,1,1,"Flat"
"5ed91ca79e50c2472f4045a2",158,"3","twice","week 2",0,5,6.973,37,1,1,"Flat"
"5ed91ca79e50c2472f4045a2",158,"4","twice","week 2",0,5,5.512,37,1,1,"Flat"
"5ed91ca79e50c2472f4045a2",158,"5","twice","week 2",0,5,24.788,37,1,1,"Flat"
"5ed91ca79e50c2472f4045a2",158,"6","twice","week 2",0,5,9.82,37,1,1,"Flat"
"5ed91ca79e50c2472f4045a2",158,"7","twice","week 2",1,5,6.43,37,1,1,"Flat"
"5ed91ca79e50c2472f4045a2",158,"8","twice","week 2",0,5,7.706,37,1,1,"Flat"
"5ed97291fac0cc510c9bb3f2",159,"1","once","week 1",0,5,11.044,25,1,0,"Flat-PastRate"
"5ed97291fac0cc510c9bb3f2",159,"2","once","week 1",0,5,7.724,25,1,0,"Flat-PastRate"
"5ed97291fac0cc510c9bb3f2",159,"3","once","week 1",0,5,7.413,25,1,0,"Flat-PastRate"
"5ed97291fac0cc510c9bb3f2",159,"4","once","week 1",0,5,8.131,25,1,0,"Flat-PastRate"
"5ed97291fac0cc510c9bb3f2",159,"5","once","week 1",0,5,6.894,25,1,0,"Flat-PastRate"
"5ed97291fac0cc510c9bb3f2",159,"6","once","week 1",0,5,4.829,25,1,0,"Flat-PastRate"
"5ed97291fac0cc510c9bb3f2",159,"7","once","week 1",0,5,5.914,25,1,0,"Flat-PastRate"
"5ed97291fac0cc510c9bb3f2",159,"8","once","week 1",0,5,7.294,25,1,0,"Flat-PastRate"
"5eda19fa68ef200309777c96",153,"1","once","week 2",0,5,4.027,19,1,1,"Flat-PastRate"
"5eda19fa68ef200309777c96",153,"2","once","week 2",1,5,3.249,19,1,1,"Flat-PastRate"
"5eda19fa68ef200309777c96",153,"3","once","week 2",1,5,5.288,19,1,1,"Flat-PastRate"
"5eda19fa68ef200309777c96",153,"4","once","week 2",0,5,12.012,19,1,1,"Flat-PastRate"
"5eda19fa68ef200309777c96",153,"5","once","week 2",0,5,16.668,19,1,1,"Flat-PastRate"
"5eda19fa68ef200309777c96",153,"6","once","week 2",0,5,9.1,19,1,1,"Flat-PastRate"
"5eda19fa68ef200309777c96",153,"7","once","week 2",0,5,12.914,19,1,1,"Flat-PastRate"
"5eda19fa68ef200309777c96",153,"8","once","week 2",0,5,3.643,19,1,1,"Flat-PastRate"
"5eda72f857f96266db9ffbc5",199,"1","twice","week 2",0,5,12.277,19,1,1,"PPM"
"5eda72f857f96266db9ffbc5",199,"2","twice","week 2",1,5,11.704,19,1,1,"PPM"
"5eda72f857f96266db9ffbc5",199,"3","twice","week 2",1,5,6.443,19,1,1,"PPM"
"5eda72f857f96266db9ffbc5",199,"4","twice","week 2",1,5,6.691,19,1,1,"PPM"
"5eda72f857f96266db9ffbc5",199,"5","twice","week 2",1,5,5.924,19,1,1,"PPM"
"5eda72f857f96266db9ffbc5",199,"6","twice","week 2",1,5,5.254,19,1,1,"PPM"
"5eda72f857f96266db9ffbc5",199,"7","twice","week 2",1,5,23.377,19,1,1,"PPM"
"5eda72f857f96266db9ffbc5",199,"8","twice","week 2",0,5,5.252,19,1,1,"PPM"
"5edbf6a29a8d508920c14f6c",116,"1","once","week 1",0,5,5.726,31,0,1,"Flat-PastRate"
"5edbf6a29a8d508920c14f6c",116,"2","once","week 1",0,5,5.694,31,0,1,"Flat-PastRate"
"5edbf6a29a8d508920c14f6c",116,"3","once","week 1",0,5,5.871,31,0,1,"Flat-PastRate"
"5edbf6a29a8d508920c14f6c",116,"4","once","week 1",0,5,4.928,31,0,1,"Flat-PastRate"
"5edbf6a29a8d508920c14f6c",116,"5","once","week 1",0,5,5.978,31,0,1,"Flat-PastRate"
"5edbf6a29a8d508920c14f6c",116,"6","once","week 1",0,5,4.945,31,0,1,"Flat-PastRate"
"5edbf6a29a8d508920c14f6c",116,"7","once","week 1",0,5,5.443,31,0,1,"Flat-PastRate"
"5edbf6a29a8d508920c14f6c",116,"8","once","week 1",0,5,5.872,31,0,1,"Flat-PastRate"
"5ede418ca9b96f06161a20e0",116,"1","once","week 2",0,5,2.965,23,1,0,"Flat"
"5ede418ca9b96f06161a20e0",116,"2","once","week 2",1,5,6.617,23,1,0,"Flat"
"5ede418ca9b96f06161a20e0",116,"3","once","week 2",1,5,4.107,23,1,0,"Flat"
"5ede418ca9b96f06161a20e0",116,"4","once","week 2",0,5,5.702,23,1,0,"Flat"
"5ede418ca9b96f06161a20e0",116,"5","once","week 2",1,5,9.981,23,1,0,"Flat"
"5ede418ca9b96f06161a20e0",116,"6","once","week 2",0,5,12.553,23,1,0,"Flat"
"5ede418ca9b96f06161a20e0",116,"7","once","week 2",1,5,7.263,23,1,0,"Flat"
"5ede418ca9b96f06161a20e0",116,"8","once","week 2",0,5,4.412,23,1,0,"Flat"
"5ede7a6077b7da0ede09a3e8",154,"1","twice","week 1",0,5,4.393,22,1,1,"PPM"
"5ede7a6077b7da0ede09a3e8",154,"2","twice","week 1",1,5,6.341,22,1,1,"PPM"
"5ede7a6077b7da0ede09a3e8",154,"3","twice","week 1",1,5,7.106,22,1,1,"PPM"
"5ede7a6077b7da0ede09a3e8",154,"4","twice","week 1",0,5,4.399,22,1,1,"PPM"
"5ede7a6077b7da0ede09a3e8",154,"5","twice","week 1",0,5,6.979,22,1,1,"PPM"
"5ede7a6077b7da0ede09a3e8",154,"6","twice","week 1",0,5,13.464,22,1,1,"PPM"
"5ede7a6077b7da0ede09a3e8",154,"7","twice","week 1",0,5,5.361,22,1,1,"PPM"
"5ede7a6077b7da0ede09a3e8",154,"8","twice","week 1",0,5,8.974,22,1,1,"PPM"
"5edfbf8606e3cc2c3693d9bd",126,"1","once","week 2",0,5,2.517,29,1,1,"Flat"
"5edfbf8606e3cc2c3693d9bd",126,"2","once","week 2",0,5,3.803,29,1,1,"Flat"
"5edfbf8606e3cc2c3693d9bd",126,"3","once","week 2",0,5,10.326,29,1,1,"Flat"
"5edfbf8606e3cc2c3693d9bd",126,"4","once","week 2",0,5,16.188,29,1,1,"Flat"
"5edfbf8606e3cc2c3693d9bd",126,"5","once","week 2",0,5,8.305,29,1,1,"Flat"
"5edfbf8606e3cc2c3693d9bd",126,"6","once","week 2",0,5,4.938,29,1,1,"Flat"
"5edfbf8606e3cc2c3693d9bd",126,"7","once","week 2",0,5,9.451,29,1,1,"Flat"
"5edfbf8606e3cc2c3693d9bd",126,"8","once","week 2",1,5,6.915,29,1,1,"Flat"
"5ee0da54b18ae2447ddff833",104,"1","once","week 1",0,5,5.645,24,0,1,"Flat"
"5ee0da54b18ae2447ddff833",104,"2","once","week 1",1,5,6.973,24,0,1,"Flat"
"5ee0da54b18ae2447ddff833",104,"3","once","week 1",1,5,11.157,24,0,1,"Flat"
"5ee0da54b18ae2447ddff833",104,"4","once","week 1",0,5,4.294,24,0,1,"Flat"
"5ee0da54b18ae2447ddff833",104,"5","once","week 1",1,5,6.102,24,0,1,"Flat"
"5ee0da54b18ae2447ddff833",104,"6","once","week 1",1,5,9.642,24,0,1,"Flat"
"5ee0da54b18ae2447ddff833",104,"7","once","week 1",0,5,5.196,24,0,1,"Flat"
"5ee0da54b18ae2447ddff833",104,"8","once","week 1",0,5,3.925,24,0,1,"Flat"
"5ee0fc80afc30b0ccf0ea0d3",288,"1","twice","week 1",0,5,17.304,22,0,1,"Flat-PastRate"
"5ee0fc80afc30b0ccf0ea0d3",288,"2","twice","week 1",1,5,10.839,22,0,1,"Flat-PastRate"
"5ee0fc80afc30b0ccf0ea0d3",288,"3","twice","week 1",0,5,9.146,22,0,1,"Flat-PastRate"
"5ee0fc80afc30b0ccf0ea0d3",288,"4","twice","week 1",0,5,30.323,22,0,1,"Flat-PastRate"
"5ee0fc80afc30b0ccf0ea0d3",288,"5","twice","week 1",0,5,21.639,22,0,1,"Flat-PastRate"
"5ee0fc80afc30b0ccf0ea0d3",288,"6","twice","week 1",0,5,17.624,22,0,1,"Flat-PastRate"
"5ee0fc80afc30b0ccf0ea0d3",288,"7","twice","week 1",0,5,25.002,22,0,1,"Flat-PastRate"
"5ee0fc80afc30b0ccf0ea0d3",288,"8","twice","week 1",0,5,6.743,22,0,1,"Flat-PastRate"
"5ee142292ef80a5137f0b6b8",120,"1","once","week 1",1,5,9.49,23,1,1,"Flat"
"5ee142292ef80a5137f0b6b8",120,"2","once","week 1",0,5,4.438,23,1,1,"Flat"
"5ee142292ef80a5137f0b6b8",120,"3","once","week 1",0,5,6.54,23,1,1,"Flat"
"5ee142292ef80a5137f0b6b8",120,"4","once","week 1",0,5,6.715,23,1,1,"Flat"
"5ee142292ef80a5137f0b6b8",120,"5","once","week 1",0,5,10.074,23,1,1,"Flat"
"5ee142292ef80a5137f0b6b8",120,"6","once","week 1",0,5,3.266,23,1,1,"Flat"
"5ee142292ef80a5137f0b6b8",120,"7","once","week 1",1,5,7.43,23,1,1,"Flat"
"5ee142292ef80a5137f0b6b8",120,"8","once","week 1",0,5,3.937,23,1,1,"Flat"
"5ee17767c5575d567bb7ba8d",126,"1","once","week 1",0,5,6.85,24,1,1,"Flat-PastRate"
"5ee17767c5575d567bb7ba8d",126,"2","once","week 1",1,5,6.005,24,1,1,"Flat-PastRate"
"5ee17767c5575d567bb7ba8d",126,"3","once","week 1",0,5,12.131,24,1,1,"Flat-PastRate"
"5ee17767c5575d567bb7ba8d",126,"4","once","week 1",0,5,8.104,24,1,1,"Flat-PastRate"
"5ee17767c5575d567bb7ba8d",126,"5","once","week 1",1,5,6.855,24,1,1,"Flat-PastRate"
"5ee17767c5575d567bb7ba8d",126,"6","once","week 1",0,5,5.394,24,1,1,"Flat-PastRate"
"5ee17767c5575d567bb7ba8d",126,"7","once","week 1",0,5,11.699,24,1,1,"Flat-PastRate"
"5ee17767c5575d567bb7ba8d",126,"8","once","week 1",0,5,7.101,24,1,1,"Flat-PastRate"
"5ee1eca821c28b5e2e65b2e1",97,"1","twice","week 1",0,4,3.534,19,0,1,"PPM"
"5ee1eca821c28b5e2e65b2e1",97,"2","twice","week 1",1,4,5.453,19,0,1,"PPM"
"5ee1eca821c28b5e2e65b2e1",97,"3","twice","week 1",1,4,6.447,19,0,1,"PPM"
"5ee1eca821c28b5e2e65b2e1",97,"4","twice","week 1",0,4,5.556,19,0,1,"PPM"
"5ee1eca821c28b5e2e65b2e1",97,"5","twice","week 1",0,4,4.583,19,0,1,"PPM"
"5ee1eca821c28b5e2e65b2e1",97,"6","twice","week 1",0,4,3.599,19,0,1,"PPM"
"5ee1eca821c28b5e2e65b2e1",97,"7","twice","week 1",1,4,8.159,19,0,1,"PPM"
"5ee1eca821c28b5e2e65b2e1",97,"8","twice","week 1",0,4,3.992,19,0,1,"PPM"
"5ee26a75d30bbc737f104e93",133,"1","twice","week 2",0,5,4.815,30,1,1,"Flat-PastRate"
"5ee26a75d30bbc737f104e93",133,"2","twice","week 2",0,5,7.728,30,1,1,"Flat-PastRate"
"5ee26a75d30bbc737f104e93",133,"3","twice","week 2",0,5,9.974,30,1,1,"Flat-PastRate"
"5ee26a75d30bbc737f104e93",133,"4","twice","week 2",0,5,5.871,30,1,1,"Flat-PastRate"
"5ee26a75d30bbc737f104e93",133,"5","twice","week 2",0,5,6.763,30,1,1,"Flat-PastRate"
"5ee26a75d30bbc737f104e93",133,"6","twice","week 2",0,5,7.116,30,1,1,"Flat-PastRate"
"5ee26a75d30bbc737f104e93",133,"7","twice","week 2",0,5,10.116,30,1,1,"Flat-PastRate"
"5ee26a75d30bbc737f104e93",133,"8","twice","week 2",0,5,8.195,30,1,1,"Flat-PastRate"
"5ee5162df29f760a66fb6cad",177,"1","once","week 2",0,4,11.447,20,0,1,"PPM"
"5ee5162df29f760a66fb6cad",177,"2","once","week 2",1,4,8.128,20,0,1,"PPM"
"5ee5162df29f760a66fb6cad",177,"3","once","week 2",1,4,4.452,20,0,1,"PPM"
"5ee5162df29f760a66fb6cad",177,"4","once","week 2",0,4,4.152,20,0,1,"PPM"
"5ee5162df29f760a66fb6cad",177,"5","once","week 2",0,4,9.716,20,0,1,"PPM"
"5ee5162df29f760a66fb6cad",177,"6","once","week 2",0,4,4.761,20,0,1,"PPM"
"5ee5162df29f760a66fb6cad",177,"7","once","week 2",1,4,5.579,20,0,1,"PPM"
"5ee5162df29f760a66fb6cad",177,"8","once","week 2",0,4,4.408,20,0,1,"PPM"
"5ee5483b1dfa3b0ded826eee",107,"1","once","week 1",1,4,10.34,20,0,1,"PPM"
"5ee5483b1dfa3b0ded826eee",107,"2","once","week 1",1,4,4.323,20,0,1,"PPM"
"5ee5483b1dfa3b0ded826eee",107,"3","once","week 1",1,4,10.464,20,0,1,"PPM"
"5ee5483b1dfa3b0ded826eee",107,"4","once","week 1",0,4,11.99,20,0,1,"PPM"
"5ee5483b1dfa3b0ded826eee",107,"5","once","week 1",1,4,5.253,20,0,1,"PPM"
"5ee5483b1dfa3b0ded826eee",107,"6","once","week 1",0,4,3.158,20,0,1,"PPM"
"5ee5483b1dfa3b0ded826eee",107,"7","once","week 1",1,4,2.935,20,0,1,"PPM"
"5ee5483b1dfa3b0ded826eee",107,"8","once","week 1",0,4,3.092,20,0,1,"PPM"
"5ee7da76f7718e0bf830b8c4",142,"1","once","week 1",0,5,5.858,29,1,0,"Flat"
"5ee7da76f7718e0bf830b8c4",142,"2","once","week 1",0,5,6.659,29,1,0,"Flat"
"5ee7da76f7718e0bf830b8c4",142,"3","once","week 1",0,5,7.584,29,1,0,"Flat"
"5ee7da76f7718e0bf830b8c4",142,"4","once","week 1",0,5,8.137,29,1,0,"Flat"
"5ee7da76f7718e0bf830b8c4",142,"5","once","week 1",1,5,12.642,29,1,0,"Flat"
"5ee7da76f7718e0bf830b8c4",142,"6","once","week 1",0,5,4.871,29,1,0,"Flat"
"5ee7da76f7718e0bf830b8c4",142,"7","once","week 1",1,5,15.548,29,1,0,"Flat"
"5ee7da76f7718e0bf830b8c4",142,"8","once","week 1",0,5,5.181,29,1,0,"Flat"
"5eea0992417b5b04b131bee8",132,"1","twice","week 1",0,5,13.851,19,1,1,"Flat"
"5eea0992417b5b04b131bee8",132,"2","twice","week 1",1,5,7.466,19,1,1,"Flat"
"5eea0992417b5b04b131bee8",132,"3","twice","week 1",0,5,18.225,19,1,1,"Flat"
"5eea0992417b5b04b131bee8",132,"4","twice","week 1",0,5,4.212,19,1,1,"Flat"
"5eea0992417b5b04b131bee8",132,"5","twice","week 1",0,5,14.224,19,1,1,"Flat"
"5eea0992417b5b04b131bee8",132,"6","twice","week 1",0,5,16.67,19,1,1,"Flat"
"5eea0992417b5b04b131bee8",132,"7","twice","week 1",1,5,5.808,19,1,1,"Flat"
"5eea0992417b5b04b131bee8",132,"8","twice","week 1",0,5,13.579,19,1,1,"Flat"
"5eea478ee98e160b3822b7c6",176,"1","twice","week 1",0,4,8.308,20,1,1,"PPM"
"5eea478ee98e160b3822b7c6",176,"2","twice","week 1",1,4,9.032,20,1,1,"PPM"
"5eea478ee98e160b3822b7c6",176,"3","twice","week 1",1,4,9.252,20,1,1,"PPM"
"5eea478ee98e160b3822b7c6",176,"4","twice","week 1",0,4,8.38,20,1,1,"PPM"
"5eea478ee98e160b3822b7c6",176,"5","twice","week 1",1,4,3.826,20,1,1,"PPM"
"5eea478ee98e160b3822b7c6",176,"6","twice","week 1",0,4,12.049,20,1,1,"PPM"
"5eea478ee98e160b3822b7c6",176,"7","twice","week 1",1,4,6.07,20,1,1,"PPM"
"5eea478ee98e160b3822b7c6",176,"8","twice","week 1",0,4,4.32,20,1,1,"PPM"
"5eeb682d164680078f441396",75,"1","once","week 1",0,5,3.32,23,1,1,"Flat"
"5eeb682d164680078f441396",75,"2","once","week 1",1,5,4.757,23,1,1,"Flat"
"5eeb682d164680078f441396",75,"3","once","week 1",1,5,6.201,23,1,1,"Flat"
"5eeb682d164680078f441396",75,"4","once","week 1",1,5,6.74,23,1,1,"Flat"
"5eeb682d164680078f441396",75,"5","once","week 1",1,5,2.855,23,1,1,"Flat"
"5eeb682d164680078f441396",75,"6","once","week 1",0,5,6.837,23,1,1,"Flat"
"5eeb682d164680078f441396",75,"7","once","week 1",1,5,3.445,23,1,1,"Flat"
"5eeb682d164680078f441396",75,"8","once","week 1",0,5,3.732,23,1,1,"Flat"
"5eebda7bbd295715fb37b9b5",79,"1","once","week 1",0,5,2.91,21,1,1,"Flat"
"5eebda7bbd295715fb37b9b5",79,"2","once","week 1",1,5,1.651,21,1,1,"Flat"
"5eebda7bbd295715fb37b9b5",79,"3","once","week 1",1,5,2.72,21,1,1,"Flat"
"5eebda7bbd295715fb37b9b5",79,"4","once","week 1",0,5,6.941,21,1,1,"Flat"
"5eebda7bbd295715fb37b9b5",79,"5","once","week 1",1,5,6.172,21,1,1,"Flat"
"5eebda7bbd295715fb37b9b5",79,"6","once","week 1",1,5,11.324,21,1,1,"Flat"
"5eebda7bbd295715fb37b9b5",79,"7","once","week 1",0,5,2.352,21,1,1,"Flat"
"5eebda7bbd295715fb37b9b5",79,"8","once","week 1",0,5,3.985,21,1,1,"Flat"
"5eebde592c7af116f8174f1a",139,"1","twice","week 1",0,5,2.432,20,1,1,"Flat"
"5eebde592c7af116f8174f1a",139,"2","twice","week 1",0,5,3.717,20,1,1,"Flat"
"5eebde592c7af116f8174f1a",139,"3","twice","week 1",0,5,4.692,20,1,1,"Flat"
"5eebde592c7af116f8174f1a",139,"4","twice","week 1",0,5,5.939,20,1,1,"Flat"
"5eebde592c7af116f8174f1a",139,"5","twice","week 1",0,5,16.562,20,1,1,"Flat"
"5eebde592c7af116f8174f1a",139,"6","twice","week 1",0,5,5.879,20,1,1,"Flat"
"5eebde592c7af116f8174f1a",139,"7","twice","week 1",0,5,4.476,20,1,1,"Flat"
"5eebde592c7af116f8174f1a",139,"8","twice","week 1",0,5,6.177,20,1,1,"Flat"
"5eedf493cc3e35000b06353c",393,"1","once","week 1",0,5,4.706,28,1,1,"PPM"
"5eedf493cc3e35000b06353c",393,"2","once","week 1",1,5,6.164,28,1,1,"PPM"
"5eedf493cc3e35000b06353c",393,"3","once","week 1",0,5,5.59,28,1,1,"PPM"
"5eedf493cc3e35000b06353c",393,"4","once","week 1",0,5,6.045,28,1,1,"PPM"
"5eedf493cc3e35000b06353c",393,"5","once","week 1",0,5,14.279,28,1,1,"PPM"
"5eedf493cc3e35000b06353c",393,"6","once","week 1",0,5,5.999,28,1,1,"PPM"
"5eedf493cc3e35000b06353c",393,"7","once","week 1",1,5,9.852,28,1,1,"PPM"
"5eedf493cc3e35000b06353c",393,"8","once","week 1",0,5,16.934,28,1,1,"PPM"
"5eee74e2cb94ad322e626425",184,"1","twice","week 2",0,5,4.852,22,1,1,"PPM"
"5eee74e2cb94ad322e626425",184,"2","twice","week 2",1,5,14.829,22,1,1,"PPM"
"5eee74e2cb94ad322e626425",184,"3","twice","week 2",0,5,12.801,22,1,1,"PPM"
"5eee74e2cb94ad322e626425",184,"4","twice","week 2",0,5,5.573,22,1,1,"PPM"
"5eee74e2cb94ad322e626425",184,"5","twice","week 2",1,5,22.482,22,1,1,"PPM"
"5eee74e2cb94ad322e626425",184,"6","twice","week 2",0,5,6.903,22,1,1,"PPM"
"5eee74e2cb94ad322e626425",184,"7","twice","week 2",0,5,7.757,22,1,1,"PPM"
"5eee74e2cb94ad322e626425",184,"8","twice","week 2",0,5,6.018,22,1,1,"PPM"
"5eefae66afa4e549ac714f73",99,"1","twice","week 1",0,5,4.161,24,0,1,"Flat"
"5eefae66afa4e549ac714f73",99,"2","twice","week 1",1,5,4.547,24,0,1,"Flat"
"5eefae66afa4e549ac714f73",99,"3","twice","week 1",0,5,4.695,24,0,1,"Flat"
"5eefae66afa4e549ac714f73",99,"4","twice","week 1",0,5,7.261,24,0,1,"Flat"
"5eefae66afa4e549ac714f73",99,"5","twice","week 1",1,5,7.269,24,0,1,"Flat"
"5eefae66afa4e549ac714f73",99,"6","twice","week 1",0,5,3.401,24,0,1,"Flat"
"5eefae66afa4e549ac714f73",99,"7","twice","week 1",1,5,6.205,24,0,1,"Flat"
"5eefae66afa4e549ac714f73",99,"8","twice","week 1",0,5,7.095,24,0,1,"Flat"
"5ef0530e6a229555fac1f7c9",118,"1","once","week 1",0,5,3.368,28,1,1,"Flat-PastRate"
"5ef0530e6a229555fac1f7c9",118,"2","once","week 1",0,5,3.81,28,1,1,"Flat-PastRate"
"5ef0530e6a229555fac1f7c9",118,"3","once","week 1",0,5,16.601,28,1,1,"Flat-PastRate"
"5ef0530e6a229555fac1f7c9",118,"4","once","week 1",0,5,4.078,28,1,1,"Flat-PastRate"
"5ef0530e6a229555fac1f7c9",118,"5","once","week 1",0,5,3.279,28,1,1,"Flat-PastRate"
"5ef0530e6a229555fac1f7c9",118,"6","once","week 1",0,5,3.547,28,1,1,"Flat-PastRate"
"5ef0530e6a229555fac1f7c9",118,"7","once","week 1",0,5,8.141,28,1,1,"Flat-PastRate"
"5ef0530e6a229555fac1f7c9",118,"8","once","week 1",0,5,6.919,28,1,1,"Flat-PastRate"
"5ef08aa7177a735c78ffbf40",263,"1","twice","week 2",0,4,4.914,19,0,1,"PPM"
"5ef08aa7177a735c78ffbf40",263,"2","twice","week 2",1,4,6.208,19,0,1,"PPM"
"5ef08aa7177a735c78ffbf40",263,"3","twice","week 2",1,4,70.845,19,0,1,"PPM"
"5ef08aa7177a735c78ffbf40",263,"4","twice","week 2",0,4,11.011,19,0,1,"PPM"
"5ef08aa7177a735c78ffbf40",263,"5","twice","week 2",0,4,15.106,19,0,1,"PPM"
"5ef08aa7177a735c78ffbf40",263,"6","twice","week 2",0,4,3.506,19,0,1,"PPM"
"5ef08aa7177a735c78ffbf40",263,"7","twice","week 2",1,4,8.874,19,0,1,"PPM"
"5ef08aa7177a735c78ffbf40",263,"8","twice","week 2",0,4,7.122,19,0,1,"PPM"
"5ef09aee7fea355e50f59a63",116,"1","twice","week 1",0,5,3.824,19,1,1,"Flat-PastRate"
"5ef09aee7fea355e50f59a63",116,"2","twice","week 1",0,5,4.598,19,1,1,"Flat-PastRate"
"5ef09aee7fea355e50f59a63",116,"3","twice","week 1",0,5,7.786,19,1,1,"Flat-PastRate"
"5ef09aee7fea355e50f59a63",116,"4","twice","week 1",0,5,4.23,19,1,1,"Flat-PastRate"
"5ef09aee7fea355e50f59a63",116,"5","twice","week 1",0,5,8.831,19,1,1,"Flat-PastRate"
"5ef09aee7fea355e50f59a63",116,"6","twice","week 1",0,5,4.353,19,1,1,"Flat-PastRate"
"5ef09aee7fea355e50f59a63",116,"7","twice","week 1",0,5,4.925,19,1,1,"Flat-PastRate"
"5ef09aee7fea355e50f59a63",116,"8","twice","week 1",0,5,4.34,19,1,1,"Flat-PastRate"
"5ef0e89b2d63da68ac614f46",150,"1","once","week 2",0,5,8.382,18,0,1,"PPM"
"5ef0e89b2d63da68ac614f46",150,"2","once","week 2",1,5,10.253,18,0,1,"PPM"
"5ef0e89b2d63da68ac614f46",150,"3","once","week 2",0,5,11.166,18,0,1,"PPM"
"5ef0e89b2d63da68ac614f46",150,"4","once","week 2",0,5,8.444,18,0,1,"PPM"
"5ef0e89b2d63da68ac614f46",150,"5","once","week 2",1,5,7.501,18,0,1,"PPM"
"5ef0e89b2d63da68ac614f46",150,"6","once","week 2",0,5,3.384,18,0,1,"PPM"
"5ef0e89b2d63da68ac614f46",150,"7","once","week 2",1,5,5.501,18,0,1,"PPM"
"5ef0e89b2d63da68ac614f46",150,"8","once","week 2",0,5,4.631,18,0,1,"PPM"
"5ef1162af9461b37e8147ead",365,"1","once","week 2",1,5,12.009,24,0,1,"PPM"
"5ef1162af9461b37e8147ead",365,"2","once","week 2",0,5,28.78,24,0,1,"PPM"
"5ef1162af9461b37e8147ead",365,"3","once","week 2",1,5,32.365,24,0,1,"PPM"
"5ef1162af9461b37e8147ead",365,"4","once","week 2",1,5,10.708,24,0,1,"PPM"
"5ef1162af9461b37e8147ead",365,"5","once","week 2",1,5,21.231,24,0,1,"PPM"
"5ef1162af9461b37e8147ead",365,"6","once","week 2",0,5,6.52,24,0,1,"PPM"
"5ef1162af9461b37e8147ead",365,"7","once","week 2",0,5,15.205,24,0,1,"PPM"
"5ef1162af9461b37e8147ead",365,"8","once","week 2",0,5,8.657,24,0,1,"PPM"
"5ef1180334472c1dbf284416",134,"1","once","week 1",0,5,3.357,24,1,1,"Flat-PastRate"
"5ef1180334472c1dbf284416",134,"2","once","week 1",1,5,6.99,24,1,1,"Flat-PastRate"
"5ef1180334472c1dbf284416",134,"3","once","week 1",0,5,7.997,24,1,1,"Flat-PastRate"
"5ef1180334472c1dbf284416",134,"4","once","week 1",0,5,4.895,24,1,1,"Flat-PastRate"
"5ef1180334472c1dbf284416",134,"5","once","week 1",1,5,4.759,24,1,1,"Flat-PastRate"
"5ef1180334472c1dbf284416",134,"6","once","week 1",1,5,9.947,24,1,1,"Flat-PastRate"
"5ef1180334472c1dbf284416",134,"7","once","week 1",0,5,10.255,24,1,1,"Flat-PastRate"
"5ef1180334472c1dbf284416",134,"8","once","week 1",0,5,9.132,24,1,1,"Flat-PastRate"
"5ef204f69b968e000a808477",82,"1","once","week 1",0,5,3.119,37,0,1,"Flat"
"5ef204f69b968e000a808477",82,"2","once","week 1",0,5,2.79,37,0,1,"Flat"
"5ef204f69b968e000a808477",82,"3","once","week 1",0,5,2.679,37,0,1,"Flat"
"5ef204f69b968e000a808477",82,"4","once","week 1",0,5,3.19,37,0,1,"Flat"
"5ef204f69b968e000a808477",82,"5","once","week 1",0,5,4.151,37,0,1,"Flat"
"5ef204f69b968e000a808477",82,"6","once","week 1",1,5,6.906,37,0,1,"Flat"
"5ef204f69b968e000a808477",82,"7","once","week 1",0,5,9.662,37,0,1,"Flat"
"5ef204f69b968e000a808477",82,"8","once","week 1",0,5,3.195,37,0,1,"Flat"
"5ef31a7a7da5560231c5bc3e",122,"1","once","week 1",0,5,6.936,28,1,1,"Flat"
"5ef31a7a7da5560231c5bc3e",122,"2","once","week 1",1,5,4.401,28,1,1,"Flat"
"5ef31a7a7da5560231c5bc3e",122,"3","once","week 1",0,5,13.271,28,1,1,"Flat"
"5ef31a7a7da5560231c5bc3e",122,"4","once","week 1",0,5,5.602,28,1,1,"Flat"
"5ef31a7a7da5560231c5bc3e",122,"5","once","week 1",0,5,12.25,28,1,1,"Flat"
"5ef31a7a7da5560231c5bc3e",122,"6","once","week 1",0,5,9.286,28,1,1,"Flat"
"5ef31a7a7da5560231c5bc3e",122,"7","once","week 1",1,5,7.799,28,1,1,"Flat"
"5ef31a7a7da5560231c5bc3e",122,"8","once","week 1",0,5,6.935,28,1,1,"Flat"
"5ef3dd303bad3a1816832a54",1300,"1","twice","week 2",1,5,3.806,30,0,0,"Flat"
"5ef3dd303bad3a1816832a54",1300,"2","twice","week 2",0,5,2.78,30,0,0,"Flat"
"5ef3dd303bad3a1816832a54",1300,"3","twice","week 2",1,5,4.894,30,0,0,"Flat"
"5ef3dd303bad3a1816832a54",1300,"4","twice","week 2",0,5,3.209,30,0,0,"Flat"
"5ef3dd303bad3a1816832a54",1300,"5","twice","week 2",1,5,8.916,30,0,0,"Flat"
"5ef3dd303bad3a1816832a54",1300,"6","twice","week 2",0,5,4.351,30,0,0,"Flat"
"5ef3dd303bad3a1816832a54",1300,"7","twice","week 2",1,5,2.066,30,0,0,"Flat"
"5ef3dd303bad3a1816832a54",1300,"8","twice","week 2",0,5,2.41,30,0,0,"Flat"
"5ef3ec660ec734199ae62eb0",288,"1","twice","week 1",0,4,5.998,25,1,1,"PPM"
"5ef3ec660ec734199ae62eb0",288,"2","twice","week 1",0,4,5.491,25,1,1,"PPM"
"5ef3ec660ec734199ae62eb0",288,"3","twice","week 1",0,4,6.821,25,1,1,"PPM"
"5ef3ec660ec734199ae62eb0",288,"4","twice","week 1",0,4,24.248,25,1,1,"PPM"
"5ef3ec660ec734199ae62eb0",288,"5","twice","week 1",0,4,7.617,25,1,1,"PPM"
"5ef3ec660ec734199ae62eb0",288,"6","twice","week 1",0,4,9.544,25,1,1,"PPM"
"5ef3ec660ec734199ae62eb0",288,"7","twice","week 1",0,4,8.422,25,1,1,"PPM"
"5ef3ec660ec734199ae62eb0",288,"8","twice","week 1",0,4,18.674,25,1,1,"PPM"
"5ef3f7275e8e4e19b6081ab9",135,"1","twice","week 1",0,5,4.744,20,0,0,"Flat-PastRate"
"5ef3f7275e8e4e19b6081ab9",135,"2","twice","week 1",1,5,8.33,20,0,0,"Flat-PastRate"
"5ef3f7275e8e4e19b6081ab9",135,"3","twice","week 1",0,5,7.496,20,0,0,"Flat-PastRate"
"5ef3f7275e8e4e19b6081ab9",135,"4","twice","week 1",0,5,16.243,20,0,0,"Flat-PastRate"
"5ef3f7275e8e4e19b6081ab9",135,"5","twice","week 1",1,5,6.017,20,0,0,"Flat-PastRate"
"5ef3f7275e8e4e19b6081ab9",135,"6","twice","week 1",0,5,10.663,20,0,0,"Flat-PastRate"
"5ef3f7275e8e4e19b6081ab9",135,"7","twice","week 1",0,5,6.085,20,0,0,"Flat-PastRate"
"5ef3f7275e8e4e19b6081ab9",135,"8","twice","week 1",0,5,6.442,20,0,0,"Flat-PastRate"
"5ef5c4db3ce68a02806df888",199,"1","twice","week 2",0,5,2.42,30,0,1,"PPM"
"5ef5c4db3ce68a02806df888",199,"2","twice","week 2",1,5,2.769,30,0,1,"PPM"
"5ef5c4db3ce68a02806df888",199,"3","twice","week 2",0,5,53.497,30,0,1,"PPM"
"5ef5c4db3ce68a02806df888",199,"4","twice","week 2",0,5,40.262,30,0,1,"PPM"
"5ef5c4db3ce68a02806df888",199,"5","twice","week 2",0,5,4.31,30,0,1,"PPM"
"5ef5c4db3ce68a02806df888",199,"6","twice","week 2",0,5,1.828,30,0,1,"PPM"
"5ef5c4db3ce68a02806df888",199,"7","twice","week 2",0,5,2.477,30,0,1,"PPM"
"5ef5c4db3ce68a02806df888",199,"8","twice","week 2",0,5,2.593,30,0,1,"PPM"
"5ef5d41822b3c903597a9309",309,"1","twice","week 1",0,5,8.583,44,1,0,"PPM"
"5ef5d41822b3c903597a9309",309,"2","twice","week 1",0,5,9.385,44,1,0,"PPM"
"5ef5d41822b3c903597a9309",309,"3","twice","week 1",0,5,6.361,44,1,0,"PPM"
"5ef5d41822b3c903597a9309",309,"4","twice","week 1",0,5,12.629,44,1,0,"PPM"
"5ef5d41822b3c903597a9309",309,"5","twice","week 1",0,5,4.799,44,1,0,"PPM"
"5ef5d41822b3c903597a9309",309,"6","twice","week 1",0,5,7.693,44,1,0,"PPM"
"5ef5d41822b3c903597a9309",309,"7","twice","week 1",0,5,7.231,44,1,0,"PPM"
"5ef5d41822b3c903597a9309",309,"8","twice","week 1",0,5,6.487,44,1,0,"PPM"
"5ef61d9b9e9e130b1f491ee7",162,"1","twice","week 2",0,5,6.249,19,0,1,"Flat"
"5ef61d9b9e9e130b1f491ee7",162,"2","twice","week 2",1,5,19.985,19,0,1,"Flat"
"5ef61d9b9e9e130b1f491ee7",162,"3","twice","week 2",1,5,35.806,19,0,1,"Flat"
"5ef61d9b9e9e130b1f491ee7",162,"4","twice","week 2",0,5,9.183,19,0,1,"Flat"
"5ef61d9b9e9e130b1f491ee7",162,"5","twice","week 2",0,5,4.722,19,0,1,"Flat"
"5ef61d9b9e9e130b1f491ee7",162,"6","twice","week 2",0,5,6.792,19,0,1,"Flat"
"5ef61d9b9e9e130b1f491ee7",162,"7","twice","week 2",1,5,6.534,19,0,1,"Flat"
"5ef61d9b9e9e130b1f491ee7",162,"8","twice","week 2",0,5,21.697,19,0,1,"Flat"
"5ef7cf0ecedc3d1009540a68",313,"1","twice","week 1",0,5,4.241,23,0,1,"PPM"
"5ef7cf0ecedc3d1009540a68",313,"2","twice","week 1",1,5,14.773,23,0,1,"PPM"
"5ef7cf0ecedc3d1009540a68",313,"3","twice","week 1",0,5,8.537,23,0,1,"PPM"
"5ef7cf0ecedc3d1009540a68",313,"4","twice","week 1",0,5,4.432,23,0,1,"PPM"
"5ef7cf0ecedc3d1009540a68",313,"5","twice","week 1",0,5,28.021,23,0,1,"PPM"
"5ef7cf0ecedc3d1009540a68",313,"6","twice","week 1",0,5,57.444,23,0,1,"PPM"
"5ef7cf0ecedc3d1009540a68",313,"7","twice","week 1",0,5,19.781,23,0,1,"PPM"
"5ef7cf0ecedc3d1009540a68",313,"8","twice","week 1",0,5,41.015,23,0,1,"PPM"
"5ef8a903a4d98d60bbc3da8d",193,"1","once","week 2",1,4,28.144,29,1,1,"PPM"
"5ef8a903a4d98d60bbc3da8d",193,"2","once","week 2",1,4,9.63,29,1,1,"PPM"
"5ef8a903a4d98d60bbc3da8d",193,"3","once","week 2",1,4,9.882,29,1,1,"PPM"
"5ef8a903a4d98d60bbc3da8d",193,"4","once","week 2",1,4,11.558,29,1,1,"PPM"
"5ef8a903a4d98d60bbc3da8d",193,"5","once","week 2",1,4,12.148,29,1,1,"PPM"
"5ef8a903a4d98d60bbc3da8d",193,"6","once","week 2",1,4,7.702,29,1,1,"PPM"
"5ef8a903a4d98d60bbc3da8d",193,"7","once","week 2",1,4,7.8,29,1,1,"PPM"
"5ef8a903a4d98d60bbc3da8d",193,"8","once","week 2",1,4,10.108,29,1,1,"PPM"
"5efa28b727c8ea81556230db",213,"1","once","week 1",0,5,6.65,18,1,1,"PPM"
"5efa28b727c8ea81556230db",213,"2","once","week 1",1,5,5.262,18,1,1,"PPM"
"5efa28b727c8ea81556230db",213,"3","once","week 1",1,5,11.167,18,1,1,"PPM"
"5efa28b727c8ea81556230db",213,"4","once","week 1",0,5,9.532,18,1,1,"PPM"
"5efa28b727c8ea81556230db",213,"5","once","week 1",1,5,22.344,18,1,1,"PPM"
"5efa28b727c8ea81556230db",213,"6","once","week 1",1,5,14.728,18,1,1,"PPM"
"5efa28b727c8ea81556230db",213,"7","once","week 1",0,5,13.654,18,1,1,"PPM"
"5efa28b727c8ea81556230db",213,"8","once","week 1",0,5,4.442,18,1,1,"PPM"
"5efa597a7b41d489612c509f",174,"1","twice","week 2",0,5,5.885,19,1,1,"Flat-PastRate"
"5efa597a7b41d489612c509f",174,"2","twice","week 2",1,5,6.241,19,1,1,"Flat-PastRate"
"5efa597a7b41d489612c509f",174,"3","twice","week 2",1,5,7.726,19,1,1,"Flat-PastRate"
"5efa597a7b41d489612c509f",174,"4","twice","week 2",0,5,10.205,19,1,1,"Flat-PastRate"
"5efa597a7b41d489612c509f",174,"5","twice","week 2",1,5,5.558,19,1,1,"Flat-PastRate"
"5efa597a7b41d489612c509f",174,"6","twice","week 2",0,5,5.602,19,1,1,"Flat-PastRate"
"5efa597a7b41d489612c509f",174,"7","twice","week 2",1,5,5.767,19,1,1,"Flat-PastRate"
"5efa597a7b41d489612c509f",174,"8","twice","week 2",0,5,6.948,19,1,1,"Flat-PastRate"
"5efa71fb67e0c1183e9aea62",119,"1","twice","week 2",1,5,7.454,21,1,1,"Flat"
"5efa71fb67e0c1183e9aea62",119,"2","twice","week 2",0,5,4.336,21,1,1,"Flat"
"5efa71fb67e0c1183e9aea62",119,"3","twice","week 2",0,5,8.303,21,1,1,"Flat"
"5efa71fb67e0c1183e9aea62",119,"4","twice","week 2",0,5,10.845,21,1,1,"Flat"
"5efa71fb67e0c1183e9aea62",119,"5","twice","week 2",1,5,4.523,21,1,1,"Flat"
"5efa71fb67e0c1183e9aea62",119,"6","twice","week 2",0,5,3.714,21,1,1,"Flat"
"5efa71fb67e0c1183e9aea62",119,"7","twice","week 2",1,5,4.826,21,1,1,"Flat"
"5efa71fb67e0c1183e9aea62",119,"8","twice","week 2",0,5,7.611,21,1,1,"Flat"
"5efb4803374ef707740e4510",127,"1","once","week 1",0,4,4.91,26,0,1,"Flat-PastRate"
"5efb4803374ef707740e4510",127,"2","once","week 1",0,4,6.333,26,0,1,"Flat-PastRate"
"5efb4803374ef707740e4510",127,"3","once","week 1",0,4,11.698,26,0,1,"Flat-PastRate"
"5efb4803374ef707740e4510",127,"4","once","week 1",0,4,3.685,26,0,1,"Flat-PastRate"
"5efb4803374ef707740e4510",127,"5","once","week 1",1,4,6.919,26,0,1,"Flat-PastRate"
"5efb4803374ef707740e4510",127,"6","once","week 1",0,4,7.427,26,0,1,"Flat-PastRate"
"5efb4803374ef707740e4510",127,"7","once","week 1",1,4,12.287,26,0,1,"Flat-PastRate"
"5efb4803374ef707740e4510",127,"8","once","week 1",0,4,8.305,26,0,1,"Flat-PastRate"
"5efb5b569b33780a9344f242",157,"1","twice","week 1",0,5,6.064,30,1,0,"Flat-PastRate"
"5efb5b569b33780a9344f242",157,"2","twice","week 1",1,5,10.527,30,1,0,"Flat-PastRate"
"5efb5b569b33780a9344f242",157,"3","twice","week 1",1,5,11.454,30,1,0,"Flat-PastRate"
"5efb5b569b33780a9344f242",157,"4","twice","week 1",0,5,4.911,30,1,0,"Flat-PastRate"
"5efb5b569b33780a9344f242",157,"5","twice","week 1",1,5,11.84,30,1,0,"Flat-PastRate"
"5efb5b569b33780a9344f242",157,"6","twice","week 1",0,5,5.601,30,1,0,"Flat-PastRate"
"5efb5b569b33780a9344f242",157,"7","twice","week 1",1,5,11.217,30,1,0,"Flat-PastRate"
"5efb5b569b33780a9344f242",157,"8","twice","week 1",0,5,9.279,30,1,0,"Flat-PastRate"
"5efbb59432a7e3165ccbe728",117,"1","twice","week 1",0,5,4.751,20,1,0,"Flat"
"5efbb59432a7e3165ccbe728",117,"2","twice","week 1",1,5,5.656,20,1,0,"Flat"
"5efbb59432a7e3165ccbe728",117,"3","twice","week 1",0,5,7.688,20,1,0,"Flat"
"5efbb59432a7e3165ccbe728",117,"4","twice","week 1",0,5,6.639,20,1,0,"Flat"
"5efbb59432a7e3165ccbe728",117,"5","twice","week 1",0,5,6.022,20,1,0,"Flat"
"5efbb59432a7e3165ccbe728",117,"6","twice","week 1",0,5,4.606,20,1,0,"Flat"
"5efbb59432a7e3165ccbe728",117,"7","twice","week 1",0,5,5.236,20,1,0,"Flat"
"5efbb59432a7e3165ccbe728",117,"8","twice","week 1",0,5,6.576,20,1,0,"Flat"
"5efbb75dc7a625169185e94f",115,"1","twice","week 1",0,5,3.306,19,1,1,"Flat"
"5efbb75dc7a625169185e94f",115,"2","twice","week 1",0,5,4.666,19,1,1,"Flat"
"5efbb75dc7a625169185e94f",115,"3","twice","week 1",1,5,3.661,19,1,1,"Flat"
"5efbb75dc7a625169185e94f",115,"4","twice","week 1",0,5,4.717,19,1,1,"Flat"
"5efbb75dc7a625169185e94f",115,"5","twice","week 1",0,5,6.385,19,1,1,"Flat"
"5efbb75dc7a625169185e94f",115,"6","twice","week 1",0,5,6.381,19,1,1,"Flat"
"5efbb75dc7a625169185e94f",115,"7","twice","week 1",0,5,4.87,19,1,1,"Flat"
"5efbb75dc7a625169185e94f",115,"8","twice","week 1",0,5,3.663,19,1,1,"Flat"
"5efbc3a84e1b6416ad27a3ec",151,"1","once","week 1",0,5,5.372,20,0,1,"Flat-PastRate"
"5efbc3a84e1b6416ad27a3ec",151,"2","once","week 1",1,5,9.043,20,0,1,"Flat-PastRate"
"5efbc3a84e1b6416ad27a3ec",151,"3","once","week 1",0,5,11.494,20,0,1,"Flat-PastRate"
"5efbc3a84e1b6416ad27a3ec",151,"4","once","week 1",0,5,16.938,20,0,1,"Flat-PastRate"
"5efbc3a84e1b6416ad27a3ec",151,"5","once","week 1",1,5,7.434,20,0,1,"Flat-PastRate"
"5efbc3a84e1b6416ad27a3ec",151,"6","once","week 1",0,5,15.36,20,0,1,"Flat-PastRate"
"5efbc3a84e1b6416ad27a3ec",151,"7","once","week 1",1,5,5.146,20,0,1,"Flat-PastRate"
"5efbc3a84e1b6416ad27a3ec",151,"8","once","week 1",0,5,6.553,20,0,1,"Flat-PastRate"
"5efbe59917b1d019b6b6d117",164,"1","twice","week 1",0,5,5.204,18,0,1,"Flat-PastRate"
"5efbe59917b1d019b6b6d117",164,"2","twice","week 1",1,5,4.526,18,0,1,"Flat-PastRate"
"5efbe59917b1d019b6b6d117",164,"3","twice","week 1",0,5,11.413,18,0,1,"Flat-PastRate"
"5efbe59917b1d019b6b6d117",164,"4","twice","week 1",0,5,4.995,18,0,1,"Flat-PastRate"
"5efbe59917b1d019b6b6d117",164,"5","twice","week 1",0,5,29.451,18,0,1,"Flat-PastRate"
"5efbe59917b1d019b6b6d117",164,"6","twice","week 1",1,5,4.913,18,0,1,"Flat-PastRate"
"5efbe59917b1d019b6b6d117",164,"7","twice","week 1",0,5,12.418,18,0,1,"Flat-PastRate"
"5efbe59917b1d019b6b6d117",164,"8","twice","week 1",0,5,5.107,18,0,1,"Flat-PastRate"
"5efbf6afa764021a8a158c54",277,"1","twice","week 1",0,4,4.419,30,0,0,"PPM"
"5efbf6afa764021a8a158c54",277,"2","twice","week 1",0,4,14.666,30,0,0,"PPM"
"5efbf6afa764021a8a158c54",277,"3","twice","week 1",0,4,9.191,30,0,0,"PPM"
"5efbf6afa764021a8a158c54",277,"4","twice","week 1",0,4,6.518,30,0,0,"PPM"
"5efbf6afa764021a8a158c54",277,"5","twice","week 1",0,4,8.706,30,0,0,"PPM"
"5efbf6afa764021a8a158c54",277,"6","twice","week 1",0,4,6.861,30,0,0,"PPM"
"5efbf6afa764021a8a158c54",277,"7","twice","week 1",0,4,34.833,30,0,0,"PPM"
"5efbf6afa764021a8a158c54",277,"8","twice","week 1",0,4,9.371,30,0,0,"PPM"
"5efc87b969136802a7c7a683",150,"1","once","week 2",0,5,6.683,30,1,1,"Flat-PastRate"
"5efc87b969136802a7c7a683",150,"2","once","week 2",1,5,2.989,30,1,1,"Flat-PastRate"
"5efc87b969136802a7c7a683",150,"3","once","week 2",1,5,7.36,30,1,1,"Flat-PastRate"
"5efc87b969136802a7c7a683",150,"4","once","week 2",1,5,13.93,30,1,1,"Flat-PastRate"
"5efc87b969136802a7c7a683",150,"5","once","week 2",0,5,12.702,30,1,1,"Flat-PastRate"
"5efc87b969136802a7c7a683",150,"6","once","week 2",0,5,2.769,30,1,1,"Flat-PastRate"
"5efc87b969136802a7c7a683",150,"7","once","week 2",0,5,3.51,30,1,1,"Flat-PastRate"
"5efc87b969136802a7c7a683",150,"8","once","week 2",0,5,44.075,30,1,1,"Flat-PastRate"
"5efcca75b8abd10c16a5966b",152,"1","once","week 1",0,5,7.249,18,1,1,"Flat"
"5efcca75b8abd10c16a5966b",152,"2","once","week 1",0,5,6.916,18,1,1,"Flat"
"5efcca75b8abd10c16a5966b",152,"3","once","week 1",0,5,8.28,18,1,1,"Flat"
"5efcca75b8abd10c16a5966b",152,"4","once","week 1",0,5,5.034,18,1,1,"Flat"
"5efcca75b8abd10c16a5966b",152,"5","once","week 1",1,5,7.029,18,1,1,"Flat"
"5efcca75b8abd10c16a5966b",152,"6","once","week 1",0,5,7.944,18,1,1,"Flat"
"5efcca75b8abd10c16a5966b",152,"7","once","week 1",0,5,5.77,18,1,1,"Flat"
"5efcca75b8abd10c16a5966b",152,"8","once","week 1",0,5,6.659,18,1,1,"Flat"
"5efddc1317f23624a7380d36",185,"1","twice","week 1",0,5,4.087,21,1,1,"PPM"
"5efddc1317f23624a7380d36",185,"2","twice","week 1",1,5,6.848,21,1,1,"PPM"
"5efddc1317f23624a7380d36",185,"3","twice","week 1",0,5,6.573,21,1,1,"PPM"
"5efddc1317f23624a7380d36",185,"4","twice","week 1",0,5,7.53,21,1,1,"PPM"
"5efddc1317f23624a7380d36",185,"5","twice","week 1",0,5,12.963,21,1,1,"PPM"
"5efddc1317f23624a7380d36",185,"6","twice","week 1",0,5,7.097,21,1,1,"PPM"
"5efddc1317f23624a7380d36",185,"7","twice","week 1",0,5,10.502,21,1,1,"PPM"
"5efddc1317f23624a7380d36",185,"8","twice","week 1",0,5,10.499,21,1,1,"PPM"
"5efde4d18d99db26595128a1",91,"1","once","week 2",0,4,2.97,26,0,1,"PPM"
"5efde4d18d99db26595128a1",91,"2","once","week 2",1,4,5.883,26,0,1,"PPM"
"5efde4d18d99db26595128a1",91,"3","once","week 2",1,4,9.231,26,0,1,"PPM"
"5efde4d18d99db26595128a1",91,"4","once","week 2",0,4,2.334,26,0,1,"PPM"
"5efde4d18d99db26595128a1",91,"5","once","week 2",1,4,2.73,26,0,1,"PPM"
"5efde4d18d99db26595128a1",91,"6","once","week 2",1,4,3.887,26,0,1,"PPM"
"5efde4d18d99db26595128a1",91,"7","once","week 2",1,4,3.516,26,0,1,"PPM"
"5efde4d18d99db26595128a1",91,"8","once","week 2",0,4,9.892,26,0,1,"PPM"
"5efe403c122196324c8de118",141,"1","twice","week 2",0,5,6.003,20,1,1,"Flat"
"5efe403c122196324c8de118",141,"2","twice","week 2",1,5,8.635,20,1,1,"Flat"
"5efe403c122196324c8de118",141,"3","twice","week 2",0,5,6.402,20,1,1,"Flat"
"5efe403c122196324c8de118",141,"4","twice","week 2",0,5,7.18,20,1,1,"Flat"
"5efe403c122196324c8de118",141,"5","twice","week 2",0,5,4.924,20,1,1,"Flat"
"5efe403c122196324c8de118",141,"6","twice","week 2",0,5,8.961,20,1,1,"Flat"
"5efe403c122196324c8de118",141,"7","twice","week 2",0,5,13.396,20,1,1,"Flat"
"5efe403c122196324c8de118",141,"8","twice","week 2",0,5,4.166,20,1,1,"Flat"
"5eff3f91e8a2850a5d017f9c",136,"1","twice","week 2",1,5,6.775,27,1,1,"Flat-PastRate"
"5eff3f91e8a2850a5d017f9c",136,"2","twice","week 2",1,5,3.803,27,1,1,"Flat-PastRate"
"5eff3f91e8a2850a5d017f9c",136,"3","twice","week 2",0,5,6.243,27,1,1,"Flat-PastRate"
"5eff3f91e8a2850a5d017f9c",136,"4","twice","week 2",0,5,10.173,27,1,1,"Flat-PastRate"
"5eff3f91e8a2850a5d017f9c",136,"5","twice","week 2",1,5,16.968,27,1,1,"Flat-PastRate"
"5eff3f91e8a2850a5d017f9c",136,"6","twice","week 2",0,5,4.699,27,1,1,"Flat-PastRate"
"5eff3f91e8a2850a5d017f9c",136,"7","twice","week 2",1,5,4.167,27,1,1,"Flat-PastRate"
"5eff3f91e8a2850a5d017f9c",136,"8","twice","week 2",0,5,6.895,27,1,1,"Flat-PastRate"
"5eff7df90aede705593e92d7",170,"1","once","week 2",0,4,8.044,19,0,1,"Flat-PastRate"
"5eff7df90aede705593e92d7",170,"2","once","week 2",1,4,7.022,19,0,1,"Flat-PastRate"
"5eff7df90aede705593e92d7",170,"3","once","week 2",0,4,17.772,19,0,1,"Flat-PastRate"
"5eff7df90aede705593e92d7",170,"4","once","week 2",0,4,13.735,19,0,1,"Flat-PastRate"
"5eff7df90aede705593e92d7",170,"5","once","week 2",1,4,12.674,19,0,1,"Flat-PastRate"
"5eff7df90aede705593e92d7",170,"6","once","week 2",0,4,4.216,19,0,1,"Flat-PastRate"
"5eff7df90aede705593e92d7",170,"7","once","week 2",1,4,19.731,19,0,1,"Flat-PastRate"
"5eff7df90aede705593e92d7",170,"8","once","week 2",0,4,5.307,19,0,1,"Flat-PastRate"
"5f00702b5c375717c60bc745",230,"1","once","week 2",0,5,2.84,51,1,1,"Flat"
"5f00702b5c375717c60bc745",230,"2","once","week 2",1,5,3.001,51,1,1,"Flat"
"5f00702b5c375717c60bc745",230,"3","once","week 2",0,5,5.156,51,1,1,"Flat"
"5f00702b5c375717c60bc745",230,"4","once","week 2",0,5,7.019,51,1,1,"Flat"
"5f00702b5c375717c60bc745",230,"5","once","week 2",1,5,4.18,51,1,1,"Flat"
"5f00702b5c375717c60bc745",230,"6","once","week 2",0,5,3.979,51,1,1,"Flat"
"5f00702b5c375717c60bc745",230,"7","once","week 2",1,5,4.837,51,1,1,"Flat"
"5f00702b5c375717c60bc745",230,"8","once","week 2",0,5,5.377,51,1,1,"Flat"
"5f00f321c6d8de23b286a7ef",111,"1","twice","week 2",0,5,2.613,20,1,1,"PPM"
"5f00f321c6d8de23b286a7ef",111,"2","twice","week 2",1,5,2.648,20,1,1,"PPM"
"5f00f321c6d8de23b286a7ef",111,"3","twice","week 2",0,5,6.126,20,1,1,"PPM"
"5f00f321c6d8de23b286a7ef",111,"4","twice","week 2",0,5,5.821,20,1,1,"PPM"
"5f00f321c6d8de23b286a7ef",111,"5","twice","week 2",1,5,4.475,20,1,1,"PPM"
"5f00f321c6d8de23b286a7ef",111,"6","twice","week 2",0,5,6.029,20,1,1,"PPM"
"5f00f321c6d8de23b286a7ef",111,"7","twice","week 2",1,5,8.511,20,1,1,"PPM"
"5f00f321c6d8de23b286a7ef",111,"8","twice","week 2",0,5,2.959,20,1,1,"PPM"
"5f031154d2fab64a687af6db",151,"1","once","week 2",0,5,8.186,19,0,1,"Flat-PastRate"
"5f031154d2fab64a687af6db",151,"2","once","week 2",0,5,8.454,19,0,1,"Flat-PastRate"
"5f031154d2fab64a687af6db",151,"3","once","week 2",0,5,11.274,19,0,1,"Flat-PastRate"
"5f031154d2fab64a687af6db",151,"4","once","week 2",0,5,8.639,19,0,1,"Flat-PastRate"
"5f031154d2fab64a687af6db",151,"5","once","week 2",1,5,12.218,19,0,1,"Flat-PastRate"
"5f031154d2fab64a687af6db",151,"6","once","week 2",1,5,17.723,19,0,1,"Flat-PastRate"
"5f031154d2fab64a687af6db",151,"7","once","week 2",1,5,6.898,19,0,1,"Flat-PastRate"
"5f031154d2fab64a687af6db",151,"8","once","week 2",0,5,6.277,19,0,1,"Flat-PastRate"
"5f0452d558d1c26aa28f6d18",188,"1","once","week 1",0,5,7.674,26,1,0,"Flat-PastRate"
"5f0452d558d1c26aa28f6d18",188,"2","once","week 1",0,5,12.604,26,1,0,"Flat-PastRate"
"5f0452d558d1c26aa28f6d18",188,"3","once","week 1",0,5,7.978,26,1,0,"Flat-PastRate"
"5f0452d558d1c26aa28f6d18",188,"4","once","week 1",0,5,6.849,26,1,0,"Flat-PastRate"
"5f0452d558d1c26aa28f6d18",188,"5","once","week 1",1,5,9.979,26,1,0,"Flat-PastRate"
"5f0452d558d1c26aa28f6d18",188,"6","once","week 1",0,5,5.585,26,1,0,"Flat-PastRate"
"5f0452d558d1c26aa28f6d18",188,"7","once","week 1",0,5,6.7,26,1,0,"Flat-PastRate"
"5f0452d558d1c26aa28f6d18",188,"8","once","week 1",0,5,5.362,26,1,0,"Flat-PastRate"
"5f05c6a43d76680778711cc7",260,"1","twice","week 2",0,5,6.19,39,1,1,"PPM"
"5f05c6a43d76680778711cc7",260,"2","twice","week 2",0,5,17.271,39,1,1,"PPM"
"5f05c6a43d76680778711cc7",260,"3","twice","week 2",0,5,6.49,39,1,1,"PPM"
"5f05c6a43d76680778711cc7",260,"4","twice","week 2",0,5,6.651,39,1,1,"PPM"
"5f05c6a43d76680778711cc7",260,"5","twice","week 2",0,5,7.632,39,1,1,"PPM"
"5f05c6a43d76680778711cc7",260,"6","twice","week 2",0,5,13.896,39,1,1,"PPM"
"5f05c6a43d76680778711cc7",260,"7","twice","week 2",0,5,15.5,39,1,1,"PPM"
"5f05c6a43d76680778711cc7",260,"8","twice","week 2",0,5,8.595,39,1,1,"PPM"
"5f05f885646b9a0e9e993500",133,"1","once","week 1",0,5,3.755,34,1,0,"Flat"
"5f05f885646b9a0e9e993500",133,"2","once","week 1",1,5,5.78,34,1,0,"Flat"
"5f05f885646b9a0e9e993500",133,"3","once","week 1",0,5,9.901,34,1,0,"Flat"
"5f05f885646b9a0e9e993500",133,"4","once","week 1",0,5,8.787,34,1,0,"Flat"
"5f05f885646b9a0e9e993500",133,"5","once","week 1",0,5,7.023,34,1,0,"Flat"
"5f05f885646b9a0e9e993500",133,"6","once","week 1",1,5,8.386,34,1,0,"Flat"
"5f05f885646b9a0e9e993500",133,"7","once","week 1",1,5,13.524,34,1,0,"Flat"
"5f05f885646b9a0e9e993500",133,"8","once","week 1",0,5,5.664,34,1,0,"Flat"
"5f06cdb0b667ed23a7c039ad",90,"1","once","week 2",0,5,5.576,18,0,1,"Flat"
"5f06cdb0b667ed23a7c039ad",90,"2","once","week 2",0,5,2.58,18,0,1,"Flat"
"5f06cdb0b667ed23a7c039ad",90,"3","once","week 2",0,5,3.003,18,0,1,"Flat"
"5f06cdb0b667ed23a7c039ad",90,"4","once","week 2",0,5,6.691,18,0,1,"Flat"
"5f06cdb0b667ed23a7c039ad",90,"5","once","week 2",1,5,3.393,18,0,1,"Flat"
"5f06cdb0b667ed23a7c039ad",90,"6","once","week 2",0,5,7.457,18,0,1,"Flat"
"5f06cdb0b667ed23a7c039ad",90,"7","once","week 2",1,5,6.107,18,0,1,"Flat"
"5f06cdb0b667ed23a7c039ad",90,"8","once","week 2",0,5,5.561,18,0,1,"Flat"
"5f075707c2f3ba3413b11a88",225,"1","once","week 1",0,4,57.733,19,0,1,"PPM"
"5f075707c2f3ba3413b11a88",225,"2","once","week 1",1,4,4.642,19,0,1,"PPM"
"5f075707c2f3ba3413b11a88",225,"3","once","week 1",1,4,5.239,19,0,1,"PPM"
"5f075707c2f3ba3413b11a88",225,"4","once","week 1",1,4,11.184,19,0,1,"PPM"
"5f075707c2f3ba3413b11a88",225,"5","once","week 1",0,4,6.046,19,0,1,"PPM"
"5f075707c2f3ba3413b11a88",225,"6","once","week 1",1,4,7.272,19,0,1,"PPM"
"5f075707c2f3ba3413b11a88",225,"7","once","week 1",1,4,7.842,19,0,1,"PPM"
"5f075707c2f3ba3413b11a88",225,"8","once","week 1",0,4,9.564,19,0,1,"PPM"
"5f09ff91e624c22a732f2fbe",189,"1","once","week 1",0,5,8,18,1,1,"Flat"
"5f09ff91e624c22a732f2fbe",189,"2","once","week 1",1,5,20.501,18,1,1,"Flat"
"5f09ff91e624c22a732f2fbe",189,"3","once","week 1",0,5,14.446,18,1,1,"Flat"
"5f09ff91e624c22a732f2fbe",189,"4","once","week 1",1,5,11.723,18,1,1,"Flat"
"5f09ff91e624c22a732f2fbe",189,"5","once","week 1",1,5,12.368,18,1,1,"Flat"
"5f09ff91e624c22a732f2fbe",189,"6","once","week 1",1,5,11.09,18,1,1,"Flat"
"5f09ff91e624c22a732f2fbe",189,"7","once","week 1",1,5,13.982,18,1,1,"Flat"
"5f09ff91e624c22a732f2fbe",189,"8","once","week 1",0,5,9.101,18,1,1,"Flat"
"5f0a14c3d362030c483654a3",70,"1","twice","week 1",0,5,3.191,18,0,1,"Flat-PastRate"
"5f0a14c3d362030c483654a3",70,"2","twice","week 1",0,5,5.655,18,0,1,"Flat-PastRate"
"5f0a14c3d362030c483654a3",70,"3","twice","week 1",0,5,4.194,18,0,1,"Flat-PastRate"
"5f0a14c3d362030c483654a3",70,"4","twice","week 1",0,5,9.319,18,0,1,"Flat-PastRate"
"5f0a14c3d362030c483654a3",70,"5","twice","week 1",1,5,3.017,18,0,1,"Flat-PastRate"
"5f0a14c3d362030c483654a3",70,"6","twice","week 1",0,5,2.811,18,0,1,"Flat-PastRate"
"5f0a14c3d362030c483654a3",70,"7","twice","week 1",0,5,2.813,18,0,1,"Flat-PastRate"
"5f0a14c3d362030c483654a3",70,"8","twice","week 1",0,5,4.686,18,0,1,"Flat-PastRate"
"5f0c33a605481902af533527",240,"1","once","week 1",0,5,7.151,19,1,1,"PPM"
"5f0c33a605481902af533527",240,"2","once","week 1",1,5,9.875,19,1,1,"PPM"
"5f0c33a605481902af533527",240,"3","once","week 1",0,5,29.721,19,1,1,"PPM"
"5f0c33a605481902af533527",240,"4","once","week 1",0,5,7.725,19,1,1,"PPM"
"5f0c33a605481902af533527",240,"5","once","week 1",1,5,7.217,19,1,1,"PPM"
"5f0c33a605481902af533527",240,"6","once","week 1",0,5,22.948,19,1,1,"PPM"
"5f0c33a605481902af533527",240,"7","once","week 1",1,5,7.343,19,1,1,"PPM"
"5f0c33a605481902af533527",240,"8","once","week 1",0,5,6.501,19,1,1,"PPM"
"5f0c67969ce53540587cd451",110,"1","twice","week 1",0,5,2.59,21,0,0,"Flat-PastRate"
"5f0c67969ce53540587cd451",110,"2","twice","week 1",0,5,9.158,21,0,0,"Flat-PastRate"
"5f0c67969ce53540587cd451",110,"3","twice","week 1",0,5,7.802,21,0,0,"Flat-PastRate"
"5f0c67969ce53540587cd451",110,"4","twice","week 1",0,5,3.885,21,0,0,"Flat-PastRate"
"5f0c67969ce53540587cd451",110,"5","twice","week 1",0,5,7.837,21,0,0,"Flat-PastRate"
"5f0c67969ce53540587cd451",110,"6","twice","week 1",0,5,6.701,21,0,0,"Flat-PastRate"
"5f0c67969ce53540587cd451",110,"7","twice","week 1",1,5,3.701,21,0,0,"Flat-PastRate"
"5f0c67969ce53540587cd451",110,"8","twice","week 1",0,5,5.815,21,0,0,"Flat-PastRate"
"5f0c69835a4ca35d753f8760",170,"1","twice","week 1",0,3,2.353,18,1,1,"PPM"
"5f0c69835a4ca35d753f8760",170,"2","twice","week 1",1,3,3.976,18,1,1,"PPM"
"5f0c69835a4ca35d753f8760",170,"3","twice","week 1",1,3,12.675,18,1,1,"PPM"
"5f0c69835a4ca35d753f8760",170,"4","twice","week 1",0,3,2.855,18,1,1,"PPM"
"5f0c69835a4ca35d753f8760",170,"5","twice","week 1",0,3,3.744,18,1,1,"PPM"
"5f0c69835a4ca35d753f8760",170,"6","twice","week 1",0,3,3.933,18,1,1,"PPM"
"5f0c69835a4ca35d753f8760",170,"7","twice","week 1",0,3,5.488,18,1,1,"PPM"
"5f0c69835a4ca35d753f8760",170,"8","twice","week 1",0,3,39.778,18,1,1,"PPM"
"5f0c7207bc55e4415099f61c",125,"1","twice","week 2",0,5,2.689,18,1,1,"Flat-PastRate"
"5f0c7207bc55e4415099f61c",125,"2","twice","week 2",1,5,4.072,18,1,1,"Flat-PastRate"
"5f0c7207bc55e4415099f61c",125,"3","twice","week 2",0,5,3.854,18,1,1,"Flat-PastRate"
"5f0c7207bc55e4415099f61c",125,"4","twice","week 2",0,5,16.512,18,1,1,"Flat-PastRate"
"5f0c7207bc55e4415099f61c",125,"5","twice","week 2",1,5,3.229,18,1,1,"Flat-PastRate"
"5f0c7207bc55e4415099f61c",125,"6","twice","week 2",0,5,18.278,18,1,1,"Flat-PastRate"
"5f0c7207bc55e4415099f61c",125,"7","twice","week 2",1,5,4.011,18,1,1,"Flat-PastRate"
"5f0c7207bc55e4415099f61c",125,"8","twice","week 2",0,5,3.642,18,1,1,"Flat-PastRate"
"5f0ccbd3de11c316e48ae99d",130,"1","twice","week 2",0,5,2.869,19,1,1,"Flat"
"5f0ccbd3de11c316e48ae99d",130,"2","twice","week 2",1,5,4.295,19,1,1,"Flat"
"5f0ccbd3de11c316e48ae99d",130,"3","twice","week 2",0,5,4.145,19,1,1,"Flat"
"5f0ccbd3de11c316e48ae99d",130,"4","twice","week 2",0,5,4.57,19,1,1,"Flat"
"5f0ccbd3de11c316e48ae99d",130,"5","twice","week 2",0,5,7.58,19,1,1,"Flat"
"5f0ccbd3de11c316e48ae99d",130,"6","twice","week 2",0,5,7.132,19,1,1,"Flat"
"5f0ccbd3de11c316e48ae99d",130,"7","twice","week 2",0,5,9.809,19,1,1,"Flat"
"5f0ccbd3de11c316e48ae99d",130,"8","twice","week 2",0,5,6.33,19,1,1,"Flat"
"5f0d8e1904ce050307640c3f",187,"1","once","week 2",0,4,5.58,20,1,1,"PPM"
"5f0d8e1904ce050307640c3f",187,"2","once","week 2",1,4,4.162,20,1,1,"PPM"
"5f0d8e1904ce050307640c3f",187,"3","once","week 2",0,4,8.536,20,1,1,"PPM"
"5f0d8e1904ce050307640c3f",187,"4","once","week 2",0,4,6.268,20,1,1,"PPM"
"5f0d8e1904ce050307640c3f",187,"5","once","week 2",1,4,5.146,20,1,1,"PPM"
"5f0d8e1904ce050307640c3f",187,"6","once","week 2",0,4,5.157,20,1,1,"PPM"
"5f0d8e1904ce050307640c3f",187,"7","once","week 2",1,4,16.237,20,1,1,"PPM"
"5f0d8e1904ce050307640c3f",187,"8","once","week 2",0,4,7.383,20,1,1,"PPM"
"5f0e293207ba641591b3a0d6",172,"1","once","week 2",0,5,2.13,20,0,1,"PPM"
"5f0e293207ba641591b3a0d6",172,"2","once","week 2",1,5,5.844,20,0,1,"PPM"
"5f0e293207ba641591b3a0d6",172,"3","once","week 2",0,5,3.495,20,0,1,"PPM"
"5f0e293207ba641591b3a0d6",172,"4","once","week 2",0,5,2.655,20,0,1,"PPM"
"5f0e293207ba641591b3a0d6",172,"5","once","week 2",0,5,10.542,20,0,1,"PPM"
"5f0e293207ba641591b3a0d6",172,"6","once","week 2",0,5,15.747,20,0,1,"PPM"
"5f0e293207ba641591b3a0d6",172,"7","once","week 2",1,5,6.145,20,0,1,"PPM"
"5f0e293207ba641591b3a0d6",172,"8","once","week 2",0,5,3.024,20,0,1,"PPM"
"5f0e53273571b70008aba3c4",337,"1","once","week 1",0,2,6.726,19,1,1,"PPM"
"5f0e53273571b70008aba3c4",337,"2","once","week 1",0,2,24.209,19,1,1,"PPM"
"5f0e53273571b70008aba3c4",337,"3","once","week 1",0,2,31.084,19,1,1,"PPM"
"5f0e53273571b70008aba3c4",337,"4","once","week 1",0,2,6.908,19,1,1,"PPM"
"5f0e53273571b70008aba3c4",337,"5","once","week 1",1,2,11.924,19,1,1,"PPM"
"5f0e53273571b70008aba3c4",337,"6","once","week 1",0,2,54.164,19,1,1,"PPM"
"5f0e53273571b70008aba3c4",337,"7","once","week 1",1,2,27.024,19,1,1,"PPM"
"5f0e53273571b70008aba3c4",337,"8","once","week 1",0,2,9.19,19,1,1,"PPM"
"5f0f7bf157b47615014cdc16",243,"1","twice","week 1",0,5,5.169,21,0,1,"Flat-PastRate"
"5f0f7bf157b47615014cdc16",243,"2","twice","week 1",1,5,17.81,21,0,1,"Flat-PastRate"
"5f0f7bf157b47615014cdc16",243,"3","twice","week 1",0,5,10.674,21,0,1,"Flat-PastRate"
"5f0f7bf157b47615014cdc16",243,"4","twice","week 1",0,5,25.28,21,0,1,"Flat-PastRate"
"5f0f7bf157b47615014cdc16",243,"5","twice","week 1",1,5,8.179,21,0,1,"Flat-PastRate"
"5f0f7bf157b47615014cdc16",243,"6","twice","week 1",0,5,16.805,21,0,1,"Flat-PastRate"
"5f0f7bf157b47615014cdc16",243,"7","twice","week 1",1,5,10.183,21,0,1,"Flat-PastRate"
"5f0f7bf157b47615014cdc16",243,"8","twice","week 1",0,5,6.286,21,0,1,"Flat-PastRate"
"5f0f85004bd173160ff12f2e",108,"1","once","week 1",0,5,4.053,19,1,1,"Flat-PastRate"
"5f0f85004bd173160ff12f2e",108,"2","once","week 1",1,5,6.565,19,1,1,"Flat-PastRate"
"5f0f85004bd173160ff12f2e",108,"3","once","week 1",0,5,7.224,19,1,1,"Flat-PastRate"
"5f0f85004bd173160ff12f2e",108,"4","once","week 1",1,5,9.575,19,1,1,"Flat-PastRate"
"5f0f85004bd173160ff12f2e",108,"5","once","week 1",1,5,6.227,19,1,1,"Flat-PastRate"
"5f0f85004bd173160ff12f2e",108,"6","once","week 1",1,5,5.9,19,1,1,"Flat-PastRate"
"5f0f85004bd173160ff12f2e",108,"7","once","week 1",1,5,5.818,19,1,1,"Flat-PastRate"
"5f0f85004bd173160ff12f2e",108,"8","once","week 1",0,5,6.901,19,1,1,"Flat-PastRate"
"5f0f9d318d085e190ac0506e",83,"1","twice","week 1",0,5,3.152,19,0,1,"Flat"
"5f0f9d318d085e190ac0506e",83,"2","twice","week 1",1,5,5.288,19,0,1,"Flat"
"5f0f9d318d085e190ac0506e",83,"3","twice","week 1",1,5,7.901,19,0,1,"Flat"
"5f0f9d318d085e190ac0506e",83,"4","twice","week 1",0,5,4.223,19,0,1,"Flat"
"5f0f9d318d085e190ac0506e",83,"5","twice","week 1",0,5,7.229,19,0,1,"Flat"
"5f0f9d318d085e190ac0506e",83,"6","twice","week 1",0,5,4.69,19,0,1,"Flat"
"5f0f9d318d085e190ac0506e",83,"7","twice","week 1",0,5,3.794,19,0,1,"Flat"
"5f0f9d318d085e190ac0506e",83,"8","twice","week 1",0,5,5.11,19,0,1,"Flat"
"5f10499e5449022bc17acad2",167,"1","once","week 2",0,5,9.147,21,1,1,"PPM"
"5f10499e5449022bc17acad2",167,"2","once","week 2",1,5,11.149,21,1,1,"PPM"
"5f10499e5449022bc17acad2",167,"3","once","week 2",0,5,9.079,21,1,1,"PPM"
"5f10499e5449022bc17acad2",167,"4","once","week 2",0,5,10.401,21,1,1,"PPM"
"5f10499e5449022bc17acad2",167,"5","once","week 2",1,5,7.147,21,1,1,"PPM"
"5f10499e5449022bc17acad2",167,"6","once","week 2",0,5,8.696,21,1,1,"PPM"
"5f10499e5449022bc17acad2",167,"7","once","week 2",0,5,8.806,21,1,1,"PPM"
"5f10499e5449022bc17acad2",167,"8","once","week 2",0,5,4.685,21,1,1,"PPM"
"5f11636f7d03fb0009716b86",133,"1","twice","week 2",0,5,5.5,20,1,1,"PPM"
"5f11636f7d03fb0009716b86",133,"2","twice","week 2",1,5,3.569,20,1,1,"PPM"
"5f11636f7d03fb0009716b86",133,"3","twice","week 2",0,5,9.019,20,1,1,"PPM"
"5f11636f7d03fb0009716b86",133,"4","twice","week 2",0,5,5.948,20,1,1,"PPM"
"5f11636f7d03fb0009716b86",133,"5","twice","week 2",0,5,4.281,20,1,1,"PPM"
"5f11636f7d03fb0009716b86",133,"6","twice","week 2",0,5,5.897,20,1,1,"PPM"
"5f11636f7d03fb0009716b86",133,"7","twice","week 2",1,5,5.94,20,1,1,"PPM"
"5f11636f7d03fb0009716b86",133,"8","twice","week 2",0,5,4.974,20,1,1,"PPM"
"5f117fa39bca135207d424d3",250,"1","once","week 2",1,5,13.107,21,1,1,"Flat"
"5f117fa39bca135207d424d3",250,"2","once","week 2",1,5,19.664,21,1,1,"Flat"
"5f117fa39bca135207d424d3",250,"3","once","week 2",0,5,8.528,21,1,1,"Flat"
"5f117fa39bca135207d424d3",250,"4","once","week 2",1,5,14.617,21,1,1,"Flat"
"5f117fa39bca135207d424d3",250,"5","once","week 2",0,5,58.942,21,1,1,"Flat"
"5f117fa39bca135207d424d3",250,"6","once","week 2",1,5,26.625,21,1,1,"Flat"
"5f117fa39bca135207d424d3",250,"7","once","week 2",1,5,5.419,21,1,1,"Flat"
"5f117fa39bca135207d424d3",250,"8","once","week 2",0,5,9.812,21,1,1,"Flat"
"5f11a8920a200d04be2d952e",167,"1","once","week 1",0,5,5.176,25,1,0,"PPM"
"5f11a8920a200d04be2d952e",167,"2","once","week 1",1,5,3.896,25,1,0,"PPM"
"5f11a8920a200d04be2d952e",167,"3","once","week 1",1,5,7.947,25,1,0,"PPM"
"5f11a8920a200d04be2d952e",167,"4","once","week 1",0,5,13.8,25,1,0,"PPM"
"5f11a8920a200d04be2d952e",167,"5","once","week 1",1,5,4.636,25,1,0,"PPM"
"5f11a8920a200d04be2d952e",167,"6","once","week 1",0,5,12.902,25,1,0,"PPM"
"5f11a8920a200d04be2d952e",167,"7","once","week 1",1,5,4.271,25,1,0,"PPM"
"5f11a8920a200d04be2d952e",167,"8","once","week 1",0,5,5.823,25,1,0,"PPM"
"5f11ac129e9bae048584e875",347,"1","once","week 2",0,5,10.43,21,1,0,"PPM"
"5f11ac129e9bae048584e875",347,"2","once","week 2",1,5,9.935,21,1,0,"PPM"
"5f11ac129e9bae048584e875",347,"3","once","week 2",1,5,17.534,21,1,0,"PPM"
"5f11ac129e9bae048584e875",347,"4","once","week 2",0,5,5.705,21,1,0,"PPM"
"5f11ac129e9bae048584e875",347,"5","once","week 2",1,5,18.983,21,1,0,"PPM"
"5f11ac129e9bae048584e875",347,"6","once","week 2",0,5,12.104,21,1,0,"PPM"
"5f11ac129e9bae048584e875",347,"7","once","week 2",1,5,18.116,21,1,0,"PPM"
"5f11ac129e9bae048584e875",347,"8","once","week 2",0,5,8.644,21,1,0,"PPM"
"5f11ae10e3411a04c189ae61",272,"1","twice","week 1",0,5,4.701,18,1,1,"Flat-PastRate"
"5f11ae10e3411a04c189ae61",272,"2","twice","week 1",1,5,5.916,18,1,1,"Flat-PastRate"
"5f11ae10e3411a04c189ae61",272,"3","twice","week 1",0,5,30.233,18,1,1,"Flat-PastRate"
"5f11ae10e3411a04c189ae61",272,"4","twice","week 1",0,5,9.425,18,1,1,"Flat-PastRate"
"5f11ae10e3411a04c189ae61",272,"5","twice","week 1",0,5,8.432,18,1,1,"Flat-PastRate"
"5f11ae10e3411a04c189ae61",272,"6","twice","week 1",0,5,8.555,18,1,1,"Flat-PastRate"
"5f11ae10e3411a04c189ae61",272,"7","twice","week 1",0,5,5.164,18,1,1,"Flat-PastRate"
"5f11ae10e3411a04c189ae61",272,"8","twice","week 1",0,5,5.248,18,1,1,"Flat-PastRate"
"5f11b58daef3d105c69d8967",119,"1","twice","week 1",0,5,3.664,30,1,1,"Flat"
"5f11b58daef3d105c69d8967",119,"2","twice","week 1",0,5,6.489,30,1,1,"Flat"
"5f11b58daef3d105c69d8967",119,"3","twice","week 1",0,5,5.428,30,1,1,"Flat"
"5f11b58daef3d105c69d8967",119,"4","twice","week 1",0,5,4.206,30,1,1,"Flat"
"5f11b58daef3d105c69d8967",119,"5","twice","week 1",1,5,7.047,30,1,1,"Flat"
"5f11b58daef3d105c69d8967",119,"6","twice","week 1",0,5,4.905,30,1,1,"Flat"
"5f11b58daef3d105c69d8967",119,"7","twice","week 1",0,5,5.559,30,1,1,"Flat"
"5f11b58daef3d105c69d8967",119,"8","twice","week 1",0,5,5.913,30,1,1,"Flat"
"5f11d481902ff50b23166de1",280,"1","once","week 2",0,5,7.978,20,1,1,"PPM"
"5f11d481902ff50b23166de1",280,"2","once","week 2",1,5,9.178,20,1,1,"PPM"
"5f11d481902ff50b23166de1",280,"3","once","week 2",0,5,13.548,20,1,1,"PPM"
"5f11d481902ff50b23166de1",280,"4","once","week 2",0,5,17.815,20,1,1,"PPM"
"5f11d481902ff50b23166de1",280,"5","once","week 2",1,5,5.65,20,1,1,"PPM"
"5f11d481902ff50b23166de1",280,"6","once","week 2",0,5,10.22,20,1,1,"PPM"
"5f11d481902ff50b23166de1",280,"7","once","week 2",1,5,40.53,20,1,1,"PPM"
"5f11d481902ff50b23166de1",280,"8","once","week 2",0,5,7.673,20,1,1,"PPM"
"5f12ad33a5b0e321fa828a45",81,"1","twice","week 1",0,5,3.064,19,1,1,"PPM"
"5f12ad33a5b0e321fa828a45",81,"2","twice","week 1",0,5,3.537,19,1,1,"PPM"
"5f12ad33a5b0e321fa828a45",81,"3","twice","week 1",1,5,5.465,19,1,1,"PPM"
"5f12ad33a5b0e321fa828a45",81,"4","twice","week 1",0,5,3.5,19,1,1,"PPM"
"5f12ad33a5b0e321fa828a45",81,"5","twice","week 1",1,5,2.834,19,1,1,"PPM"
"5f12ad33a5b0e321fa828a45",81,"6","twice","week 1",0,5,4.81,19,1,1,"PPM"
"5f12ad33a5b0e321fa828a45",81,"7","twice","week 1",1,5,4.272,19,1,1,"PPM"
"5f12ad33a5b0e321fa828a45",81,"8","twice","week 1",0,5,2.947,19,1,1,"PPM"
"5f12e48a0e816727e429bc3d",106,"1","once","week 1",1,5,3.485,18,1,1,"Flat"
"5f12e48a0e816727e429bc3d",106,"2","once","week 1",1,5,4.795,18,1,1,"Flat"
"5f12e48a0e816727e429bc3d",106,"3","once","week 1",0,5,20.868,18,1,1,"Flat"
"5f12e48a0e816727e429bc3d",106,"4","once","week 1",0,5,3.989,18,1,1,"Flat"
"5f12e48a0e816727e429bc3d",106,"5","once","week 1",0,5,5.423,18,1,1,"Flat"
"5f12e48a0e816727e429bc3d",106,"6","once","week 1",0,5,4.058,18,1,1,"Flat"
"5f12e48a0e816727e429bc3d",106,"7","once","week 1",1,5,5.719,18,1,1,"Flat"
"5f12e48a0e816727e429bc3d",106,"8","once","week 1",0,5,3.877,18,1,1,"Flat"
"5f12e7aea544192853a0adda",176,"1","twice","week 1",0,5,3.389,37,0,0,"Flat"
"5f12e7aea544192853a0adda",176,"2","twice","week 1",1,5,5.269,37,0,0,"Flat"
"5f12e7aea544192853a0adda",176,"3","twice","week 1",0,5,10.423,37,0,0,"Flat"
"5f12e7aea544192853a0adda",176,"4","twice","week 1",0,5,3.855,37,0,0,"Flat"
"5f12e7aea544192853a0adda",176,"5","twice","week 1",0,5,27.1,37,0,0,"Flat"
"5f12e7aea544192853a0adda",176,"6","twice","week 1",0,5,8.896,37,0,0,"Flat"
"5f12e7aea544192853a0adda",176,"7","twice","week 1",0,5,13.626,37,0,0,"Flat"
"5f12e7aea544192853a0adda",176,"8","twice","week 1",0,5,6.639,37,0,0,"Flat"
"5f12f3b9b6d334012fba9ca4",99,"1","twice","week 2",0,5,3.759,20,1,1,"Flat"
"5f12f3b9b6d334012fba9ca4",99,"2","twice","week 2",1,5,7.004,20,1,1,"Flat"
"5f12f3b9b6d334012fba9ca4",99,"3","twice","week 2",0,5,8.19,20,1,1,"Flat"
"5f12f3b9b6d334012fba9ca4",99,"4","twice","week 2",0,5,5.622,20,1,1,"Flat"
"5f12f3b9b6d334012fba9ca4",99,"5","twice","week 2",0,5,4.556,20,1,1,"Flat"
"5f12f3b9b6d334012fba9ca4",99,"6","twice","week 2",0,5,5.164,20,1,1,"Flat"
"5f12f3b9b6d334012fba9ca4",99,"7","twice","week 2",0,5,3.974,20,1,1,"Flat"
"5f12f3b9b6d334012fba9ca4",99,"8","twice","week 2",0,5,4.866,20,1,1,"Flat"
"5f131bd4d2d19d031cbc7930",103,"1","twice","week 2",0,5,2.454,22,1,1,"Flat-PastRate"
"5f131bd4d2d19d031cbc7930",103,"2","twice","week 2",1,5,5.82,22,1,1,"Flat-PastRate"
"5f131bd4d2d19d031cbc7930",103,"3","twice","week 2",1,5,3.828,22,1,1,"Flat-PastRate"
"5f131bd4d2d19d031cbc7930",103,"4","twice","week 2",0,5,2.91,22,1,1,"Flat-PastRate"
"5f131bd4d2d19d031cbc7930",103,"5","twice","week 2",1,5,3.043,22,1,1,"Flat-PastRate"
"5f131bd4d2d19d031cbc7930",103,"6","twice","week 2",1,5,12.146,22,1,1,"Flat-PastRate"
"5f131bd4d2d19d031cbc7930",103,"7","twice","week 2",1,5,3.662,22,1,1,"Flat-PastRate"
"5f131bd4d2d19d031cbc7930",103,"8","twice","week 2",0,5,3.278,22,1,1,"Flat-PastRate"
"5f13621e7aedf6366b174964",374,"1","once","week 1",0,3,12.007,26,1,0,"PPM"
"5f13621e7aedf6366b174964",374,"2","once","week 1",1,3,17.893,26,1,0,"PPM"
"5f13621e7aedf6366b174964",374,"3","once","week 1",0,3,29.952,26,1,0,"PPM"
"5f13621e7aedf6366b174964",374,"4","once","week 1",0,3,7.9,26,1,0,"PPM"
"5f13621e7aedf6366b174964",374,"5","once","week 1",1,3,9.305,26,1,0,"PPM"
"5f13621e7aedf6366b174964",374,"6","once","week 1",0,3,6.736,26,1,0,"PPM"
"5f13621e7aedf6366b174964",374,"7","once","week 1",1,3,7.397,26,1,0,"PPM"
"5f13621e7aedf6366b174964",374,"8","once","week 1",0,3,7.201,26,1,0,"PPM"
"5f13fa31696881329aea2f14",149,"1","twice","week 1",0,5,7.895,34,1,1,"Flat-PastRate"
"5f13fa31696881329aea2f14",149,"2","twice","week 1",1,5,4.671,34,1,1,"Flat-PastRate"
"5f13fa31696881329aea2f14",149,"3","twice","week 1",0,5,6.485,34,1,1,"Flat-PastRate"
"5f13fa31696881329aea2f14",149,"4","twice","week 1",0,5,6.032,34,1,1,"Flat-PastRate"
"5f13fa31696881329aea2f14",149,"5","twice","week 1",1,5,15.567,34,1,1,"Flat-PastRate"
"5f13fa31696881329aea2f14",149,"6","twice","week 1",0,5,3.822,34,1,1,"Flat-PastRate"
"5f13fa31696881329aea2f14",149,"7","twice","week 1",1,5,5.732,34,1,1,"Flat-PastRate"
"5f13fa31696881329aea2f14",149,"8","twice","week 1",0,5,5.482,34,1,1,"Flat-PastRate"
"5f140ed5565000448d082e16",107,"1","once","week 2",0,5,3.545,19,1,0,"Flat"
"5f140ed5565000448d082e16",107,"2","once","week 2",0,5,5.571,19,1,0,"Flat"
"5f140ed5565000448d082e16",107,"3","once","week 2",0,5,4.47,19,1,0,"Flat"
"5f140ed5565000448d082e16",107,"4","once","week 2",0,5,4.779,19,1,0,"Flat"
"5f140ed5565000448d082e16",107,"5","once","week 2",0,5,4.307,19,1,0,"Flat"
"5f140ed5565000448d082e16",107,"6","once","week 2",1,5,10.245,19,1,0,"Flat"
"5f140ed5565000448d082e16",107,"7","once","week 2",0,5,4.598,19,1,0,"Flat"
"5f140ed5565000448d082e16",107,"8","once","week 2",0,5,4.897,19,1,0,"Flat"
"5f1419bee764c61e136008ed",208,"1","twice","week 1",0,5,5.174,18,0,1,"Flat"
"5f1419bee764c61e136008ed",208,"2","twice","week 1",1,5,3.559,18,0,1,"Flat"
"5f1419bee764c61e136008ed",208,"3","twice","week 1",0,5,7.109,18,0,1,"Flat"
"5f1419bee764c61e136008ed",208,"4","twice","week 1",0,5,8.776,18,0,1,"Flat"
"5f1419bee764c61e136008ed",208,"5","twice","week 1",0,5,8.637,18,0,1,"Flat"
"5f1419bee764c61e136008ed",208,"6","twice","week 1",1,5,30.573,18,0,1,"Flat"
"5f1419bee764c61e136008ed",208,"7","twice","week 1",1,5,29.299,18,0,1,"Flat"
"5f1419bee764c61e136008ed",208,"8","twice","week 1",0,5,5.154,18,0,1,"Flat"
"5f14279fc08bc146c73053eb",138,"1","twice","week 2",0,5,6.191,23,1,1,"Flat-PastRate"
"5f14279fc08bc146c73053eb",138,"2","twice","week 2",0,5,4.425,23,1,1,"Flat-PastRate"
"5f14279fc08bc146c73053eb",138,"3","twice","week 2",0,5,7.08,23,1,1,"Flat-PastRate"
"5f14279fc08bc146c73053eb",138,"4","twice","week 2",0,5,4.923,23,1,1,"Flat-PastRate"
"5f14279fc08bc146c73053eb",138,"5","twice","week 2",0,5,7.277,23,1,1,"Flat-PastRate"
"5f14279fc08bc146c73053eb",138,"6","twice","week 2",0,5,6.489,23,1,1,"Flat-PastRate"
"5f14279fc08bc146c73053eb",138,"7","twice","week 2",0,5,4.295,23,1,1,"Flat-PastRate"
"5f14279fc08bc146c73053eb",138,"8","twice","week 2",0,5,5.735,23,1,1,"Flat-PastRate"
"5f1475dc10e53a053e1fda1e",100,"1","once","week 2",0,5,2.423,19,1,1,"Flat"
"5f1475dc10e53a053e1fda1e",100,"2","once","week 2",1,5,6.367,19,1,1,"Flat"
"5f1475dc10e53a053e1fda1e",100,"3","once","week 2",0,5,4.527,19,1,1,"Flat"
"5f1475dc10e53a053e1fda1e",100,"4","once","week 2",0,5,5.359,19,1,1,"Flat"
"5f1475dc10e53a053e1fda1e",100,"5","once","week 2",0,5,11.978,19,1,1,"Flat"
"5f1475dc10e53a053e1fda1e",100,"6","once","week 2",0,5,4.79,19,1,1,"Flat"
"5f1475dc10e53a053e1fda1e",100,"7","once","week 2",0,5,3.311,19,1,1,"Flat"
"5f1475dc10e53a053e1fda1e",100,"8","once","week 2",0,5,4.351,19,1,1,"Flat"
"5f14da44b3ab9d47a1767040",109,"1","twice","week 2",0,5,5.852,20,1,1,"Flat"
"5f14da44b3ab9d47a1767040",109,"2","twice","week 2",0,5,5.512,20,1,1,"Flat"
"5f14da44b3ab9d47a1767040",109,"3","twice","week 2",0,5,8.937,20,1,1,"Flat"
"5f14da44b3ab9d47a1767040",109,"4","twice","week 2",0,5,5.307,20,1,1,"Flat"
"5f14da44b3ab9d47a1767040",109,"5","twice","week 2",1,5,4.281,20,1,1,"Flat"
"5f14da44b3ab9d47a1767040",109,"6","twice","week 2",0,5,3.034,20,1,1,"Flat"
"5f14da44b3ab9d47a1767040",109,"7","twice","week 2",0,5,9.219,20,1,1,"Flat"
"5f14da44b3ab9d47a1767040",109,"8","twice","week 2",0,5,5.699,20,1,1,"Flat"
"5f15672bb9e53c000b59d81b",215,"1","once","week 2",0,5,8.79,28,1,1,"Flat"
"5f15672bb9e53c000b59d81b",215,"2","once","week 2",0,5,15.4,28,1,1,"Flat"
"5f15672bb9e53c000b59d81b",215,"3","once","week 2",1,5,6.587,28,1,1,"Flat"
"5f15672bb9e53c000b59d81b",215,"4","once","week 2",0,5,5.058,28,1,1,"Flat"
"5f15672bb9e53c000b59d81b",215,"5","once","week 2",1,5,6.118,28,1,1,"Flat"
"5f15672bb9e53c000b59d81b",215,"6","once","week 2",0,5,53.028,28,1,1,"Flat"
"5f15672bb9e53c000b59d81b",215,"7","once","week 2",0,5,10.543,28,1,1,"Flat"
"5f15672bb9e53c000b59d81b",215,"8","once","week 2",0,5,8.677,28,1,1,"Flat"
"5f15b7b9f941750c33834c15",210,"1","once","week 1",0,5,5.662,20,1,1,"PPM"
"5f15b7b9f941750c33834c15",210,"2","once","week 1",1,5,7.01,20,1,1,"PPM"
"5f15b7b9f941750c33834c15",210,"3","once","week 1",1,5,6.274,20,1,1,"PPM"
"5f15b7b9f941750c33834c15",210,"4","once","week 1",0,5,29.686,20,1,1,"PPM"
"5f15b7b9f941750c33834c15",210,"5","once","week 1",1,5,5.136,20,1,1,"PPM"
"5f15b7b9f941750c33834c15",210,"6","once","week 1",0,5,7.327,20,1,1,"PPM"
"5f15b7b9f941750c33834c15",210,"7","once","week 1",1,5,14.112,20,1,1,"PPM"
"5f15b7b9f941750c33834c15",210,"8","once","week 1",0,5,4.248,20,1,1,"PPM"
"5f15f246188dff71f0530cea",209,"1","twice","week 2",1,5,9.151,20,1,1,"PPM"
"5f15f246188dff71f0530cea",209,"2","twice","week 2",1,5,7.12,20,1,1,"PPM"
"5f15f246188dff71f0530cea",209,"3","twice","week 2",1,5,12.473,20,1,1,"PPM"
"5f15f246188dff71f0530cea",209,"4","twice","week 2",0,5,6.016,20,1,1,"PPM"
"5f15f246188dff71f0530cea",209,"5","twice","week 2",0,5,12.963,20,1,1,"PPM"
"5f15f246188dff71f0530cea",209,"6","twice","week 2",0,5,15.65,20,1,1,"PPM"
"5f15f246188dff71f0530cea",209,"7","twice","week 2",1,5,11.194,20,1,1,"PPM"
"5f15f246188dff71f0530cea",209,"8","twice","week 2",0,5,5.653,20,1,1,"PPM"
"5f170cbd9ec5690009e72c4c",217,"1","once","week 1",1,5,29.751,29,0,0,"PPM"
"5f170cbd9ec5690009e72c4c",217,"2","once","week 1",1,5,5.891,29,0,0,"PPM"
"5f170cbd9ec5690009e72c4c",217,"3","once","week 1",0,5,8.253,29,0,0,"PPM"
"5f170cbd9ec5690009e72c4c",217,"4","once","week 1",0,5,6.598,29,0,0,"PPM"
"5f170cbd9ec5690009e72c4c",217,"5","once","week 1",1,5,15.8,29,0,0,"PPM"
"5f170cbd9ec5690009e72c4c",217,"6","once","week 1",1,5,10.053,29,0,0,"PPM"
"5f170cbd9ec5690009e72c4c",217,"7","once","week 1",0,5,13.701,29,0,0,"PPM"
"5f170cbd9ec5690009e72c4c",217,"8","once","week 1",0,5,15.766,29,0,0,"PPM"
"5f1727b477a05b0508da6b5e",385,"1","twice","week 2",0,5,15.999,27,0,0,"Flat"
"5f1727b477a05b0508da6b5e",385,"2","twice","week 2",0,5,11.968,27,0,0,"Flat"
"5f1727b477a05b0508da6b5e",385,"3","twice","week 2",0,5,15.685,27,0,0,"Flat"
"5f1727b477a05b0508da6b5e",385,"4","twice","week 2",0,5,5.283,27,0,0,"Flat"
"5f1727b477a05b0508da6b5e",385,"5","twice","week 2",0,5,23.879,27,0,0,"Flat"
"5f1727b477a05b0508da6b5e",385,"6","twice","week 2",0,5,7.44,27,0,0,"Flat"
"5f1727b477a05b0508da6b5e",385,"7","twice","week 2",0,5,9.956,27,0,0,"Flat"
"5f1727b477a05b0508da6b5e",385,"8","twice","week 2",1,5,26.971,27,0,0,"Flat"
"5f1729711e2e9503ef512ab3",194,"1","once","week 2",0,4,3.544,20,1,1,"PPM"
"5f1729711e2e9503ef512ab3",194,"2","once","week 2",1,4,6.382,20,1,1,"PPM"
"5f1729711e2e9503ef512ab3",194,"3","once","week 2",0,4,9.208,20,1,1,"PPM"
"5f1729711e2e9503ef512ab3",194,"4","once","week 2",0,4,5.418,20,1,1,"PPM"
"5f1729711e2e9503ef512ab3",194,"5","once","week 2",1,4,7.883,20,1,1,"PPM"
"5f1729711e2e9503ef512ab3",194,"6","once","week 2",0,4,12.1,20,1,1,"PPM"
"5f1729711e2e9503ef512ab3",194,"7","once","week 2",1,4,9.101,20,1,1,"PPM"
"5f1729711e2e9503ef512ab3",194,"8","once","week 2",0,4,3.931,20,1,1,"PPM"
"5f1770bd3565ea0f334515a1",241,"1","twice","week 2",0,5,4.546,21,1,1,"PPM"
"5f1770bd3565ea0f334515a1",241,"2","twice","week 2",1,5,12.77,21,1,1,"PPM"
"5f1770bd3565ea0f334515a1",241,"3","twice","week 2",1,5,5.515,21,1,1,"PPM"
"5f1770bd3565ea0f334515a1",241,"4","twice","week 2",0,5,6.82,21,1,1,"PPM"
"5f1770bd3565ea0f334515a1",241,"5","twice","week 2",0,5,10.609,21,1,1,"PPM"
"5f1770bd3565ea0f334515a1",241,"6","twice","week 2",0,5,13.583,21,1,1,"PPM"
"5f1770bd3565ea0f334515a1",241,"7","twice","week 2",1,5,18.377,21,1,1,"PPM"
"5f1770bd3565ea0f334515a1",241,"8","twice","week 2",0,5,6.081,21,1,1,"PPM"
"5f196e2fab8a9003090bd474",115,"1","twice","week 1",0,4,9.558,19,1,1,"Flat"
"5f196e2fab8a9003090bd474",115,"2","twice","week 1",1,4,7.511,19,1,1,"Flat"
"5f196e2fab8a9003090bd474",115,"3","twice","week 1",0,4,4.756,19,1,1,"Flat"
"5f196e2fab8a9003090bd474",115,"4","twice","week 1",0,4,7.8,19,1,1,"Flat"
"5f196e2fab8a9003090bd474",115,"5","twice","week 1",1,4,4.085,19,1,1,"Flat"
"5f196e2fab8a9003090bd474",115,"6","twice","week 1",0,4,4.249,19,1,1,"Flat"
"5f196e2fab8a9003090bd474",115,"7","twice","week 1",0,4,5.025,19,1,1,"Flat"
"5f196e2fab8a9003090bd474",115,"8","twice","week 1",0,4,3.461,19,1,1,"Flat"
"5f1997c49cdd9800087f75d4",136,"1","twice","week 2",0,5,5.065,18,0,1,"Flat-PastRate"
"5f1997c49cdd9800087f75d4",136,"2","twice","week 2",1,5,6.761,18,0,1,"Flat-PastRate"
"5f1997c49cdd9800087f75d4",136,"3","twice","week 2",0,5,9.249,18,0,1,"Flat-PastRate"
"5f1997c49cdd9800087f75d4",136,"4","twice","week 2",0,5,6.456,18,0,1,"Flat-PastRate"
"5f1997c49cdd9800087f75d4",136,"5","twice","week 2",1,5,7.008,18,0,1,"Flat-PastRate"
"5f1997c49cdd9800087f75d4",136,"6","twice","week 2",0,5,5.767,18,0,1,"Flat-PastRate"
"5f1997c49cdd9800087f75d4",136,"7","twice","week 2",1,5,7.554,18,0,1,"Flat-PastRate"
"5f1997c49cdd9800087f75d4",136,"8","twice","week 2",0,5,14.958,18,0,1,"Flat-PastRate"
"5f1a01e6cbf55f0d9a4235e9",120,"1","twice","week 2",1,5,3.836,27,1,0,"Flat-PastRate"
"5f1a01e6cbf55f0d9a4235e9",120,"2","twice","week 2",1,5,4.34,27,1,0,"Flat-PastRate"
"5f1a01e6cbf55f0d9a4235e9",120,"3","twice","week 2",1,5,2.924,27,1,0,"Flat-PastRate"
"5f1a01e6cbf55f0d9a4235e9",120,"4","twice","week 2",0,5,4.462,27,1,0,"Flat-PastRate"
"5f1a01e6cbf55f0d9a4235e9",120,"5","twice","week 2",1,5,6.152,27,1,0,"Flat-PastRate"
"5f1a01e6cbf55f0d9a4235e9",120,"6","twice","week 2",0,5,10.755,27,1,0,"Flat-PastRate"
"5f1a01e6cbf55f0d9a4235e9",120,"7","twice","week 2",1,5,4.744,27,1,0,"Flat-PastRate"
"5f1a01e6cbf55f0d9a4235e9",120,"8","twice","week 2",0,5,3.506,27,1,0,"Flat-PastRate"
"5f1acaacc1b4612139b0619f",326,"1","twice","week 2",0,5,8.023,38,1,1,"PPM"
"5f1acaacc1b4612139b0619f",326,"2","twice","week 2",0,5,18.901,38,1,1,"PPM"
"5f1acaacc1b4612139b0619f",326,"3","twice","week 2",0,5,9.174,38,1,1,"PPM"
"5f1acaacc1b4612139b0619f",326,"4","twice","week 2",0,5,8.747,38,1,1,"PPM"
"5f1acaacc1b4612139b0619f",326,"5","twice","week 2",0,5,14.434,38,1,1,"PPM"
"5f1acaacc1b4612139b0619f",326,"6","twice","week 2",0,5,13.491,38,1,1,"PPM"
"5f1acaacc1b4612139b0619f",326,"7","twice","week 2",0,5,23.589,38,1,1,"PPM"
"5f1acaacc1b4612139b0619f",326,"8","twice","week 2",0,5,6.89,38,1,1,"PPM"
"5f1b33e01a29322f11e2c5d0",67,"1","twice","week 1",0,5,4.621,19,1,1,"Flat"
"5f1b33e01a29322f11e2c5d0",67,"2","twice","week 1",1,5,5.24,19,1,1,"Flat"
"5f1b33e01a29322f11e2c5d0",67,"3","twice","week 1",1,5,3.1,19,1,1,"Flat"
"5f1b33e01a29322f11e2c5d0",67,"4","twice","week 1",0,5,2.963,19,1,1,"Flat"
"5f1b33e01a29322f11e2c5d0",67,"5","twice","week 1",1,5,5.194,19,1,1,"Flat"
"5f1b33e01a29322f11e2c5d0",67,"6","twice","week 1",0,5,3.835,19,1,1,"Flat"
"5f1b33e01a29322f11e2c5d0",67,"7","twice","week 1",1,5,4.372,19,1,1,"Flat"
"5f1b33e01a29322f11e2c5d0",67,"8","twice","week 1",0,5,3.835,19,1,1,"Flat"
"5f1c0b2946a0aa454dd5ee2c",150,"1","twice","week 2",0,5,2.913,18,0,1,"Flat"
"5f1c0b2946a0aa454dd5ee2c",150,"2","twice","week 2",1,5,3.852,18,0,1,"Flat"
"5f1c0b2946a0aa454dd5ee2c",150,"3","twice","week 2",0,5,10.751,18,0,1,"Flat"
"5f1c0b2946a0aa454dd5ee2c",150,"4","twice","week 2",1,5,4.866,18,0,1,"Flat"
"5f1c0b2946a0aa454dd5ee2c",150,"5","twice","week 2",0,5,3.695,18,0,1,"Flat"
"5f1c0b2946a0aa454dd5ee2c",150,"6","twice","week 2",1,5,6.446,18,0,1,"Flat"
"5f1c0b2946a0aa454dd5ee2c",150,"7","twice","week 2",0,5,3.416,18,0,1,"Flat"
"5f1c0b2946a0aa454dd5ee2c",150,"8","twice","week 2",0,5,5.181,18,0,1,"Flat"
"5f1ca52f499c5d564f65be5a",110,"1","once","week 1",0,5,2.718,25,1,1,"Flat"
"5f1ca52f499c5d564f65be5a",110,"2","once","week 1",1,5,7.847,25,1,1,"Flat"
"5f1ca52f499c5d564f65be5a",110,"3","once","week 1",0,5,12.861,25,1,1,"Flat"
"5f1ca52f499c5d564f65be5a",110,"4","once","week 1",1,5,12.235,25,1,1,"Flat"
"5f1ca52f499c5d564f65be5a",110,"5","once","week 1",1,5,9.657,25,1,1,"Flat"
"5f1ca52f499c5d564f65be5a",110,"6","once","week 1",0,5,2.817,25,1,1,"Flat"
"5f1ca52f499c5d564f65be5a",110,"7","once","week 1",0,5,8.504,25,1,1,"Flat"
"5f1ca52f499c5d564f65be5a",110,"8","once","week 1",0,5,2.703,25,1,1,"Flat"
"5f1e33e58d05fc3a189c6ab4",66,"1","once","week 2",0,4,2.591,21,1,1,"PPM"
"5f1e33e58d05fc3a189c6ab4",66,"2","once","week 2",0,4,1.26,21,1,1,"PPM"
"5f1e33e58d05fc3a189c6ab4",66,"3","once","week 2",0,4,1.051,21,1,1,"PPM"
"5f1e33e58d05fc3a189c6ab4",66,"4","once","week 2",0,4,4.559,21,1,1,"PPM"
"5f1e33e58d05fc3a189c6ab4",66,"5","once","week 2",0,4,1.757,21,1,1,"PPM"
"5f1e33e58d05fc3a189c6ab4",66,"6","once","week 2",0,4,3.089,21,1,1,"PPM"
"5f1e33e58d05fc3a189c6ab4",66,"7","once","week 2",0,4,1.194,21,1,1,"PPM"
"5f1e33e58d05fc3a189c6ab4",66,"8","once","week 2",0,4,1.013,21,1,1,"PPM"
"5f1f58674d06cd0009cb647e",436,"1","once","week 1",0,4,3.543,21,1,1,"PPM"
"5f1f58674d06cd0009cb647e",436,"2","once","week 1",1,4,4.319,21,1,1,"PPM"
"5f1f58674d06cd0009cb647e",436,"3","once","week 1",0,4,4.7,21,1,1,"PPM"
"5f1f58674d06cd0009cb647e",436,"4","once","week 1",0,4,5.498,21,1,1,"PPM"
"5f1f58674d06cd0009cb647e",436,"5","once","week 1",1,4,16.905,21,1,1,"PPM"
"5f1f58674d06cd0009cb647e",436,"6","once","week 1",0,4,2.902,21,1,1,"PPM"
"5f1f58674d06cd0009cb647e",436,"7","once","week 1",1,4,78.342,21,1,1,"PPM"
"5f1f58674d06cd0009cb647e",436,"8","once","week 1",0,4,80.594,21,1,1,"PPM"
"5f1f69e5ed4f031774cd857d",178,"1","once","week 2",0,5,4.435,26,1,1,"PPM"
"5f1f69e5ed4f031774cd857d",178,"2","once","week 2",1,5,11.717,26,1,1,"PPM"
"5f1f69e5ed4f031774cd857d",178,"3","once","week 2",0,5,7.357,26,1,1,"PPM"
"5f1f69e5ed4f031774cd857d",178,"4","once","week 2",0,5,4.149,26,1,1,"PPM"
"5f1f69e5ed4f031774cd857d",178,"5","once","week 2",1,5,7.027,26,1,1,"PPM"
"5f1f69e5ed4f031774cd857d",178,"6","once","week 2",0,5,8.146,26,1,1,"PPM"
"5f1f69e5ed4f031774cd857d",178,"7","once","week 2",1,5,5.463,26,1,1,"PPM"
"5f1f69e5ed4f031774cd857d",178,"8","once","week 2",0,5,8.61,26,1,1,"PPM"
"5f216a2ed71bef2eaa415620",146,"1","twice","week 2",0,5,3.268,37,1,1,"PPM"
"5f216a2ed71bef2eaa415620",146,"2","twice","week 2",1,5,3.527,37,1,1,"PPM"
"5f216a2ed71bef2eaa415620",146,"3","twice","week 2",0,5,9.689,37,1,1,"PPM"
"5f216a2ed71bef2eaa415620",146,"4","twice","week 2",0,5,7.753,37,1,1,"PPM"
"5f216a2ed71bef2eaa415620",146,"5","twice","week 2",0,5,8.462,37,1,1,"PPM"
"5f216a2ed71bef2eaa415620",146,"6","twice","week 2",0,5,6.055,37,1,1,"PPM"
"5f216a2ed71bef2eaa415620",146,"7","twice","week 2",0,5,6.897,37,1,1,"PPM"
"5f216a2ed71bef2eaa415620",146,"8","twice","week 2",0,5,4.687,37,1,1,"PPM"
"5f219544dd502e57a6fbc1ea",74,"1","twice","week 1",0,5,3.316,20,1,1,"Flat"
"5f219544dd502e57a6fbc1ea",74,"2","twice","week 1",1,5,2.727,20,1,1,"Flat"
"5f219544dd502e57a6fbc1ea",74,"3","twice","week 1",1,5,2.861,20,1,1,"Flat"
"5f219544dd502e57a6fbc1ea",74,"4","twice","week 1",0,5,7.395,20,1,1,"Flat"
"5f219544dd502e57a6fbc1ea",74,"5","twice","week 1",0,5,4.412,20,1,1,"Flat"
"5f219544dd502e57a6fbc1ea",74,"6","twice","week 1",0,5,5.324,20,1,1,"Flat"
"5f219544dd502e57a6fbc1ea",74,"7","twice","week 1",1,5,5.043,20,1,1,"Flat"
"5f219544dd502e57a6fbc1ea",74,"8","twice","week 1",0,5,3.897,20,1,1,"Flat"
"5f21b26550f36a457e4f5736",299,"1","once","week 1",0,5,8.23,28,0,1,"PPM"
"5f21b26550f36a457e4f5736",299,"2","once","week 1",1,5,8.306,28,0,1,"PPM"
"5f21b26550f36a457e4f5736",299,"3","once","week 1",1,5,12.996,28,0,1,"PPM"
"5f21b26550f36a457e4f5736",299,"4","once","week 1",0,5,22.464,28,0,1,"PPM"
"5f21b26550f36a457e4f5736",299,"5","once","week 1",1,5,8.848,28,0,1,"PPM"
"5f21b26550f36a457e4f5736",299,"6","once","week 1",0,5,8.248,28,0,1,"PPM"
"5f21b26550f36a457e4f5736",299,"7","once","week 1",1,5,22.594,28,0,1,"PPM"
"5f21b26550f36a457e4f5736",299,"8","once","week 1",0,5,13.203,28,0,1,"PPM"
"5f21cd78ecb9774b97bc56b6",254,"1","twice","week 1",0,5,4.568,20,1,1,"PPM"
"5f21cd78ecb9774b97bc56b6",254,"2","twice","week 1",1,5,3.534,20,1,1,"PPM"
"5f21cd78ecb9774b97bc56b6",254,"3","twice","week 1",1,5,6.166,20,1,1,"PPM"
"5f21cd78ecb9774b97bc56b6",254,"4","twice","week 1",0,5,5.009,20,1,1,"PPM"
"5f21cd78ecb9774b97bc56b6",254,"5","twice","week 1",0,5,10.261,20,1,1,"PPM"
"5f21cd78ecb9774b97bc56b6",254,"6","twice","week 1",0,5,8.918,20,1,1,"PPM"
"5f21cd78ecb9774b97bc56b6",254,"7","twice","week 1",1,5,4.822,20,1,1,"PPM"
"5f21cd78ecb9774b97bc56b6",254,"8","twice","week 1",0,5,20.219,20,1,1,"PPM"
"5f228dd0a6367c7582946207",135,"1","twice","week 2",0,5,2.901,24,1,1,"PPM"
"5f228dd0a6367c7582946207",135,"2","twice","week 2",0,5,6.899,24,1,1,"PPM"
"5f228dd0a6367c7582946207",135,"3","twice","week 2",0,5,8.1,24,1,1,"PPM"
"5f228dd0a6367c7582946207",135,"4","twice","week 2",0,5,3.175,24,1,1,"PPM"
"5f228dd0a6367c7582946207",135,"5","twice","week 2",0,5,5.962,24,1,1,"PPM"
"5f228dd0a6367c7582946207",135,"6","twice","week 2",0,5,5.822,24,1,1,"PPM"
"5f228dd0a6367c7582946207",135,"7","twice","week 2",1,5,7.285,24,1,1,"PPM"
"5f228dd0a6367c7582946207",135,"8","twice","week 2",0,5,4.253,24,1,1,"PPM"
"5f233ef24281050e715ca769",154,"1","once","week 2",0,5,4.524,22,0,1,"Flat"
"5f233ef24281050e715ca769",154,"2","once","week 2",0,5,19.513,22,0,1,"Flat"
"5f233ef24281050e715ca769",154,"3","once","week 2",1,5,9.876,22,0,1,"Flat"
"5f233ef24281050e715ca769",154,"4","once","week 2",0,5,5.118,22,0,1,"Flat"
"5f233ef24281050e715ca769",154,"5","once","week 2",1,5,10.154,22,0,1,"Flat"
"5f233ef24281050e715ca769",154,"6","once","week 2",0,5,10.012,22,0,1,"Flat"
"5f233ef24281050e715ca769",154,"7","once","week 2",1,5,8.905,22,0,1,"Flat"
"5f233ef24281050e715ca769",154,"8","once","week 2",0,5,5.865,22,0,1,"Flat"
"5f2344d7da440d039a4889d7",100,"1","once","week 2",0,5,4.449,19,1,1,"Flat"
"5f2344d7da440d039a4889d7",100,"2","once","week 2",1,5,4.947,19,1,1,"Flat"
"5f2344d7da440d039a4889d7",100,"3","once","week 2",1,5,6.351,19,1,1,"Flat"
"5f2344d7da440d039a4889d7",100,"4","once","week 2",0,5,5.836,19,1,1,"Flat"
"5f2344d7da440d039a4889d7",100,"5","once","week 2",1,5,8.384,19,1,1,"Flat"
"5f2344d7da440d039a4889d7",100,"6","once","week 2",0,5,4.985,19,1,1,"Flat"
"5f2344d7da440d039a4889d7",100,"7","once","week 2",1,5,5.596,19,1,1,"Flat"
"5f2344d7da440d039a4889d7",100,"8","once","week 2",1,5,4.858,19,1,1,"Flat"
"5f23f85081070f035e65bc81",99,"1","once","week 2",0,5,3.599,20,1,1,"Flat-PastRate"
"5f23f85081070f035e65bc81",99,"2","once","week 2",1,5,8.151,20,1,1,"Flat-PastRate"
"5f23f85081070f035e65bc81",99,"3","once","week 2",1,5,4.396,20,1,1,"Flat-PastRate"
"5f23f85081070f035e65bc81",99,"4","once","week 2",0,5,8.181,20,1,1,"Flat-PastRate"
"5f23f85081070f035e65bc81",99,"5","once","week 2",1,5,4.652,20,1,1,"Flat-PastRate"
"5f23f85081070f035e65bc81",99,"6","once","week 2",0,5,5.617,20,1,1,"Flat-PastRate"
"5f23f85081070f035e65bc81",99,"7","once","week 2",1,5,5.874,20,1,1,"Flat-PastRate"
"5f23f85081070f035e65bc81",99,"8","once","week 2",0,5,5.838,20,1,1,"Flat-PastRate"
"5f2401e12ecae8039a63618d",98,"1","once","week 2",0,5,3.119,19,1,1,"Flat"
"5f2401e12ecae8039a63618d",98,"2","once","week 2",1,5,3.15,19,1,1,"Flat"
"5f2401e12ecae8039a63618d",98,"3","once","week 2",1,5,3.674,19,1,1,"Flat"
"5f2401e12ecae8039a63618d",98,"4","once","week 2",0,5,5.871,19,1,1,"Flat"
"5f2401e12ecae8039a63618d",98,"5","once","week 2",0,5,13.21,19,1,1,"Flat"
"5f2401e12ecae8039a63618d",98,"6","once","week 2",1,5,5.798,19,1,1,"Flat"
"5f2401e12ecae8039a63618d",98,"7","once","week 2",1,5,4.229,19,1,1,"Flat"
"5f2401e12ecae8039a63618d",98,"8","once","week 2",0,5,5.377,19,1,1,"Flat"
"5f26ad14db44f940a40c86dd",238,"1","once","week 2",0,5,3.612,18,0,0,"Flat-PastRate"
"5f26ad14db44f940a40c86dd",238,"2","once","week 2",1,5,3.935,18,0,0,"Flat-PastRate"
"5f26ad14db44f940a40c86dd",238,"3","once","week 2",0,5,13.201,18,0,0,"Flat-PastRate"
"5f26ad14db44f940a40c86dd",238,"4","once","week 2",0,5,9.109,18,0,0,"Flat-PastRate"
"5f26ad14db44f940a40c86dd",238,"5","once","week 2",1,5,18.343,18,0,0,"Flat-PastRate"
"5f26ad14db44f940a40c86dd",238,"6","once","week 2",0,5,6.63,18,0,0,"Flat-PastRate"
"5f26ad14db44f940a40c86dd",238,"7","once","week 2",1,5,6.298,18,0,0,"Flat-PastRate"
"5f26ad14db44f940a40c86dd",238,"8","once","week 2",0,5,6.456,18,0,0,"Flat-PastRate"
"5f26b57a60644b4198c9d5e9",235,"1","twice","week 2",0,1,5.573,42,1,1,"Flat"
"5f26b57a60644b4198c9d5e9",235,"2","twice","week 2",1,1,18.167,42,1,1,"Flat"
"5f26b57a60644b4198c9d5e9",235,"3","twice","week 2",1,1,20.491,42,1,1,"Flat"
"5f26b57a60644b4198c9d5e9",235,"4","twice","week 2",0,1,11.976,42,1,1,"Flat"
"5f26b57a60644b4198c9d5e9",235,"5","twice","week 2",1,1,12.715,42,1,1,"Flat"
"5f26b57a60644b4198c9d5e9",235,"6","twice","week 2",0,1,12.458,42,1,1,"Flat"
"5f26b57a60644b4198c9d5e9",235,"7","twice","week 2",1,1,31.494,42,1,1,"Flat"
"5f26b57a60644b4198c9d5e9",235,"8","twice","week 2",0,1,29.701,42,1,1,"Flat"
"5f26f8c4865df449da96eb01",123,"1","twice","week 1",0,5,4.187,29,1,1,"Flat"
"5f26f8c4865df449da96eb01",123,"2","twice","week 1",1,5,7.432,29,1,1,"Flat"
"5f26f8c4865df449da96eb01",123,"3","twice","week 1",0,5,5.87,29,1,1,"Flat"
"5f26f8c4865df449da96eb01",123,"4","twice","week 1",0,5,4.696,29,1,1,"Flat"
"5f26f8c4865df449da96eb01",123,"5","twice","week 1",1,5,5.83,29,1,1,"Flat"
"5f26f8c4865df449da96eb01",123,"6","twice","week 1",0,5,13.602,29,1,1,"Flat"
"5f26f8c4865df449da96eb01",123,"7","twice","week 1",0,5,9.353,29,1,1,"Flat"
"5f26f8c4865df449da96eb01",123,"8","twice","week 1",0,5,6.272,29,1,1,"Flat"
"5f271b38fe6a6c02cc8978d9",152,"1","twice","week 1",0,5,5.602,19,1,1,"Flat-PastRate"
"5f271b38fe6a6c02cc8978d9",152,"2","twice","week 1",1,5,12.169,19,1,1,"Flat-PastRate"
"5f271b38fe6a6c02cc8978d9",152,"3","twice","week 1",0,5,6.372,19,1,1,"Flat-PastRate"
"5f271b38fe6a6c02cc8978d9",152,"4","twice","week 1",0,5,6.636,19,1,1,"Flat-PastRate"
"5f271b38fe6a6c02cc8978d9",152,"5","twice","week 1",0,5,8.681,19,1,1,"Flat-PastRate"
"5f271b38fe6a6c02cc8978d9",152,"6","twice","week 1",1,5,7.867,19,1,1,"Flat-PastRate"
"5f271b38fe6a6c02cc8978d9",152,"7","twice","week 1",1,5,4.853,19,1,1,"Flat-PastRate"
"5f271b38fe6a6c02cc8978d9",152,"8","twice","week 1",0,5,9.108,19,1,1,"Flat-PastRate"
"5f27f132abac120008f5fdc5",123,"1","once","week 1",0,4,3.236,26,1,0,"Flat"
"5f27f132abac120008f5fdc5",123,"2","once","week 1",1,4,2.954,26,1,0,"Flat"
"5f27f132abac120008f5fdc5",123,"3","once","week 1",1,4,4.72,26,1,0,"Flat"
"5f27f132abac120008f5fdc5",123,"4","once","week 1",0,4,4.168,26,1,0,"Flat"
"5f27f132abac120008f5fdc5",123,"5","once","week 1",0,4,10.331,26,1,0,"Flat"
"5f27f132abac120008f5fdc5",123,"6","once","week 1",0,4,3.354,26,1,0,"Flat"
"5f27f132abac120008f5fdc5",123,"7","once","week 1",1,4,8.295,26,1,0,"Flat"
"5f27f132abac120008f5fdc5",123,"8","once","week 1",0,4,4.516,26,1,0,"Flat"
"5f2868e5c173e511fdce4bd0",118,"1","twice","week 1",0,5,3.954,26,0,1,"Flat-PastRate"
"5f2868e5c173e511fdce4bd0",118,"2","twice","week 1",0,5,3.603,26,0,1,"Flat-PastRate"
"5f2868e5c173e511fdce4bd0",118,"3","twice","week 1",0,5,4.102,26,0,1,"Flat-PastRate"
"5f2868e5c173e511fdce4bd0",118,"4","twice","week 1",0,5,8.864,26,0,1,"Flat-PastRate"
"5f2868e5c173e511fdce4bd0",118,"5","twice","week 1",1,5,4.583,26,0,1,"Flat-PastRate"
"5f2868e5c173e511fdce4bd0",118,"6","twice","week 1",0,5,3.424,26,0,1,"Flat-PastRate"
"5f2868e5c173e511fdce4bd0",118,"7","twice","week 1",1,5,5.684,26,0,1,"Flat-PastRate"
"5f2868e5c173e511fdce4bd0",118,"8","twice","week 1",0,5,4.151,26,0,1,"Flat-PastRate"
"5f29666d4eeb0b042380f50b",99,"1","once","week 2",0,5,3.177,20,0,1,"Flat"
"5f29666d4eeb0b042380f50b",99,"2","once","week 2",0,5,5.047,20,0,1,"Flat"
"5f29666d4eeb0b042380f50b",99,"3","once","week 2",0,5,9.372,20,0,1,"Flat"
"5f29666d4eeb0b042380f50b",99,"4","once","week 2",0,5,3.046,20,0,1,"Flat"
"5f29666d4eeb0b042380f50b",99,"5","once","week 2",0,5,3.235,20,0,1,"Flat"
"5f29666d4eeb0b042380f50b",99,"6","once","week 2",0,5,3.887,20,0,1,"Flat"
"5f29666d4eeb0b042380f50b",99,"7","once","week 2",0,5,3.117,20,0,1,"Flat"
"5f29666d4eeb0b042380f50b",99,"8","once","week 2",0,5,3.798,20,0,1,"Flat"
"5f29771a02125b079dfbd06f",92,"1","once","week 1",1,5,2.868,20,0,1,"Flat-PastRate"
"5f29771a02125b079dfbd06f",92,"2","once","week 1",1,5,4.977,20,0,1,"Flat-PastRate"
"5f29771a02125b079dfbd06f",92,"3","once","week 1",1,5,2.82,20,0,1,"Flat-PastRate"
"5f29771a02125b079dfbd06f",92,"4","once","week 1",1,5,4.627,20,0,1,"Flat-PastRate"
"5f29771a02125b079dfbd06f",92,"5","once","week 1",1,5,3.969,20,0,1,"Flat-PastRate"
"5f29771a02125b079dfbd06f",92,"6","once","week 1",0,5,8.128,20,0,1,"Flat-PastRate"
"5f29771a02125b079dfbd06f",92,"7","once","week 1",1,5,7.787,20,0,1,"Flat-PastRate"
"5f29771a02125b079dfbd06f",92,"8","once","week 1",0,5,5.949,20,0,1,"Flat-PastRate"
"5f2aa91e781f28324e3951e7",151,"1","twice","week 2",0,4,4.348,31,1,1,"Flat-PastRate"
"5f2aa91e781f28324e3951e7",151,"2","twice","week 2",0,4,4.889,31,1,1,"Flat-PastRate"
"5f2aa91e781f28324e3951e7",151,"3","twice","week 2",0,4,6.488,31,1,1,"Flat-PastRate"
"5f2aa91e781f28324e3951e7",151,"4","twice","week 2",0,4,9.736,31,1,1,"Flat-PastRate"
"5f2aa91e781f28324e3951e7",151,"5","twice","week 2",0,4,11.292,31,1,1,"Flat-PastRate"
"5f2aa91e781f28324e3951e7",151,"6","twice","week 2",0,4,8.249,31,1,1,"Flat-PastRate"
"5f2aa91e781f28324e3951e7",151,"7","twice","week 2",0,4,9.902,31,1,1,"Flat-PastRate"
"5f2aa91e781f28324e3951e7",151,"8","twice","week 2",0,4,12.754,31,1,1,"Flat-PastRate"
"5f2aafa321c44f33f261d5c8",113,"1","twice","week 1",0,5,3.075,19,1,1,"Flat-PastRate"
"5f2aafa321c44f33f261d5c8",113,"2","twice","week 1",0,5,4.085,19,1,1,"Flat-PastRate"
"5f2aafa321c44f33f261d5c8",113,"3","twice","week 1",0,5,5.224,19,1,1,"Flat-PastRate"
"5f2aafa321c44f33f261d5c8",113,"4","twice","week 1",0,5,3.474,19,1,1,"Flat-PastRate"
"5f2aafa321c44f33f261d5c8",113,"5","twice","week 1",0,5,5.904,19,1,1,"Flat-PastRate"
"5f2aafa321c44f33f261d5c8",113,"6","twice","week 1",0,5,6.546,19,1,1,"Flat-PastRate"
"5f2aafa321c44f33f261d5c8",113,"7","twice","week 1",0,5,6.349,19,1,1,"Flat-PastRate"
"5f2aafa321c44f33f261d5c8",113,"8","twice","week 1",0,5,6.469,19,1,1,"Flat-PastRate"
"5f2ab8b199c6563537695f82",93,"1","once","week 1",0,5,4.442,22,1,1,"Flat"
"5f2ab8b199c6563537695f82",93,"2","once","week 1",0,5,4.386,22,1,1,"Flat"
"5f2ab8b199c6563537695f82",93,"3","once","week 1",0,5,4.546,22,1,1,"Flat"
"5f2ab8b199c6563537695f82",93,"4","once","week 1",0,5,4.442,22,1,1,"Flat"
"5f2ab8b199c6563537695f82",93,"5","once","week 1",0,5,10.083,22,1,1,"Flat"
"5f2ab8b199c6563537695f82",93,"6","once","week 1",0,5,3.776,22,1,1,"Flat"
"5f2ab8b199c6563537695f82",93,"7","once","week 1",1,5,4.937,22,1,1,"Flat"
"5f2ab8b199c6563537695f82",93,"8","once","week 1",0,5,5.352,22,1,1,"Flat"
"5f2acd14115e673974ade558",148,"1","once","week 1",0,4,2.187,28,0,1,"Flat"
"5f2acd14115e673974ade558",148,"2","once","week 1",1,4,6.655,28,0,1,"Flat"
"5f2acd14115e673974ade558",148,"3","once","week 1",0,4,6.922,28,0,1,"Flat"
"5f2acd14115e673974ade558",148,"4","once","week 1",0,4,4.877,28,0,1,"Flat"
"5f2acd14115e673974ade558",148,"5","once","week 1",0,4,3.088,28,0,1,"Flat"
"5f2acd14115e673974ade558",148,"6","once","week 1",0,4,3.796,28,0,1,"Flat"
"5f2acd14115e673974ade558",148,"7","once","week 1",0,4,10.068,28,0,1,"Flat"
"5f2acd14115e673974ade558",148,"8","once","week 1",0,4,3.648,28,0,1,"Flat"
"5f2ad259fcefd53b7e09cebf",258,"1","once","week 2",0,5,8.413,20,1,1,"PPM"
"5f2ad259fcefd53b7e09cebf",258,"2","once","week 2",1,5,8.454,20,1,1,"PPM"
"5f2ad259fcefd53b7e09cebf",258,"3","once","week 2",1,5,11.602,20,1,1,"PPM"
"5f2ad259fcefd53b7e09cebf",258,"4","once","week 2",1,5,6.235,20,1,1,"PPM"
"5f2ad259fcefd53b7e09cebf",258,"5","once","week 2",1,5,14.187,20,1,1,"PPM"
"5f2ad259fcefd53b7e09cebf",258,"6","once","week 2",0,5,8.781,20,1,1,"PPM"
"5f2ad259fcefd53b7e09cebf",258,"7","once","week 2",0,5,6.614,20,1,1,"PPM"
"5f2ad259fcefd53b7e09cebf",258,"8","once","week 2",1,5,15.155,20,1,1,"PPM"
"5f2b247cb986da52666bc94f",178,"1","twice","week 2",0,5,3.2,27,1,1,"PPM"
"5f2b247cb986da52666bc94f",178,"2","twice","week 2",1,5,4.756,27,1,1,"PPM"
"5f2b247cb986da52666bc94f",178,"3","twice","week 2",0,5,9.491,27,1,1,"PPM"
"5f2b247cb986da52666bc94f",178,"4","twice","week 2",0,5,5.887,27,1,1,"PPM"
"5f2b247cb986da52666bc94f",178,"5","twice","week 2",0,5,12.506,27,1,1,"PPM"
"5f2b247cb986da52666bc94f",178,"6","twice","week 2",0,5,14.34,27,1,1,"PPM"
"5f2b247cb986da52666bc94f",178,"7","twice","week 2",0,5,9.433,27,1,1,"PPM"
"5f2b247cb986da52666bc94f",178,"8","twice","week 2",0,5,10.678,27,1,1,"PPM"
"5f2b2c38344357530961afa1",207,"1","twice","week 1",0,5,5.724,18,1,1,"PPM"
"5f2b2c38344357530961afa1",207,"2","twice","week 1",1,5,4.289,18,1,1,"PPM"
"5f2b2c38344357530961afa1",207,"3","twice","week 1",0,5,17.815,18,1,1,"PPM"
"5f2b2c38344357530961afa1",207,"4","twice","week 1",0,5,4.462,18,1,1,"PPM"
"5f2b2c38344357530961afa1",207,"5","twice","week 1",0,5,8.367,18,1,1,"PPM"
"5f2b2c38344357530961afa1",207,"6","twice","week 1",0,5,7.816,18,1,1,"PPM"
"5f2b2c38344357530961afa1",207,"7","twice","week 1",0,5,14.832,18,1,1,"PPM"
"5f2b2c38344357530961afa1",207,"8","twice","week 1",0,5,8.191,18,1,1,"PPM"
"5f2bbc6aeb53d8662950e250",99,"1","twice","week 1",0,5,5.448,25,1,1,"Flat"
"5f2bbc6aeb53d8662950e250",99,"2","twice","week 1",0,5,3.752,25,1,1,"Flat"
"5f2bbc6aeb53d8662950e250",99,"3","twice","week 1",0,5,6.292,25,1,1,"Flat"
"5f2bbc6aeb53d8662950e250",99,"4","twice","week 1",0,5,6.212,25,1,1,"Flat"
"5f2bbc6aeb53d8662950e250",99,"5","twice","week 1",0,5,6.502,25,1,1,"Flat"
"5f2bbc6aeb53d8662950e250",99,"6","twice","week 1",0,5,3.896,25,1,1,"Flat"
"5f2bbc6aeb53d8662950e250",99,"7","twice","week 1",0,5,4.647,25,1,1,"Flat"
"5f2bbc6aeb53d8662950e250",99,"8","twice","week 1",0,5,5.923,25,1,1,"Flat"
"5f2c33a269eb620a8236e7d3",128,"1","once","week 1",0,5,15.054,23,1,1,"Flat"
"5f2c33a269eb620a8236e7d3",128,"2","once","week 1",1,5,4.986,23,1,1,"Flat"
"5f2c33a269eb620a8236e7d3",128,"3","once","week 1",1,5,8.286,23,1,1,"Flat"
"5f2c33a269eb620a8236e7d3",128,"4","once","week 1",0,5,5.753,23,1,1,"Flat"
"5f2c33a269eb620a8236e7d3",128,"5","once","week 1",1,5,9.891,23,1,1,"Flat"
"5f2c33a269eb620a8236e7d3",128,"6","once","week 1",0,5,5.264,23,1,1,"Flat"
"5f2c33a269eb620a8236e7d3",128,"7","once","week 1",1,5,6.855,23,1,1,"Flat"
"5f2c33a269eb620a8236e7d3",128,"8","once","week 1",0,5,6.489,23,1,1,"Flat"
"5f2c3f9dfe28eb0d12d48e69",140,"1","twice","week 1",0,4,4.954,26,0,0,"PPM"
"5f2c3f9dfe28eb0d12d48e69",140,"2","twice","week 1",0,4,5.693,26,0,0,"PPM"
"5f2c3f9dfe28eb0d12d48e69",140,"3","twice","week 1",0,4,3.845,26,0,0,"PPM"
"5f2c3f9dfe28eb0d12d48e69",140,"4","twice","week 1",0,4,6.493,26,0,0,"PPM"
"5f2c3f9dfe28eb0d12d48e69",140,"5","twice","week 1",0,4,15.819,26,0,0,"PPM"
"5f2c3f9dfe28eb0d12d48e69",140,"6","twice","week 1",0,4,4.536,26,0,0,"PPM"
"5f2c3f9dfe28eb0d12d48e69",140,"7","twice","week 1",0,4,7.023,26,0,0,"PPM"
"5f2c3f9dfe28eb0d12d48e69",140,"8","twice","week 1",0,4,4.998,26,0,0,"PPM"
"5f2d453c60b0632c9fe4cbb4",135,"1","twice","week 1",0,5,3.555,18,0,1,"Flat"
"5f2d453c60b0632c9fe4cbb4",135,"2","twice","week 1",0,5,8.643,18,0,1,"Flat"
"5f2d453c60b0632c9fe4cbb4",135,"3","twice","week 1",0,5,9.056,18,0,1,"Flat"
"5f2d453c60b0632c9fe4cbb4",135,"4","twice","week 1",0,5,4.229,18,0,1,"Flat"
"5f2d453c60b0632c9fe4cbb4",135,"5","twice","week 1",1,5,7.552,18,0,1,"Flat"
"5f2d453c60b0632c9fe4cbb4",135,"6","twice","week 1",0,5,9.432,18,0,1,"Flat"
"5f2d453c60b0632c9fe4cbb4",135,"7","twice","week 1",1,5,8.978,18,0,1,"Flat"
"5f2d453c60b0632c9fe4cbb4",135,"8","twice","week 1",0,5,6.642,18,0,1,"Flat"
"5f2da8c96e40b00b1ab970b1",136,"1","twice","week 1",0,5,4.194,21,0,1,"PPM"
"5f2da8c96e40b00b1ab970b1",136,"2","twice","week 1",1,5,4.56,21,0,1,"PPM"
"5f2da8c96e40b00b1ab970b1",136,"3","twice","week 1",0,5,3.773,21,0,1,"PPM"
"5f2da8c96e40b00b1ab970b1",136,"4","twice","week 1",0,5,3.636,21,0,1,"PPM"
"5f2da8c96e40b00b1ab970b1",136,"5","twice","week 1",1,5,10.316,21,0,1,"PPM"
"5f2da8c96e40b00b1ab970b1",136,"6","twice","week 1",0,5,13.038,21,0,1,"PPM"
"5f2da8c96e40b00b1ab970b1",136,"7","twice","week 1",1,5,4.444,21,0,1,"PPM"
"5f2da8c96e40b00b1ab970b1",136,"8","twice","week 1",0,5,4.176,21,0,1,"PPM"
"5f2e589cdc868c1c082465f4",112,"1","twice","week 2",0,5,4.162,23,0,1,"Flat"
"5f2e589cdc868c1c082465f4",112,"2","twice","week 2",1,5,3.978,23,0,1,"Flat"
"5f2e589cdc868c1c082465f4",112,"3","twice","week 2",0,5,10.276,23,0,1,"Flat"
"5f2e589cdc868c1c082465f4",112,"4","twice","week 2",0,5,5.701,23,0,1,"Flat"
"5f2e589cdc868c1c082465f4",112,"5","twice","week 2",1,5,5.756,23,0,1,"Flat"
"5f2e589cdc868c1c082465f4",112,"6","twice","week 2",0,5,7.114,23,0,1,"Flat"
"5f2e589cdc868c1c082465f4",112,"7","twice","week 2",0,5,9.901,23,0,1,"Flat"
"5f2e589cdc868c1c082465f4",112,"8","twice","week 2",0,5,8.486,23,0,1,"Flat"
"5f2f02342d7fa52ce64ed570",84,"1","twice","week 1",0,5,4.03,24,1,1,"Flat-PastRate"
"5f2f02342d7fa52ce64ed570",84,"2","twice","week 1",1,5,4.81,24,1,1,"Flat-PastRate"
"5f2f02342d7fa52ce64ed570",84,"3","twice","week 1",0,5,3.487,24,1,1,"Flat-PastRate"
"5f2f02342d7fa52ce64ed570",84,"4","twice","week 1",0,5,3.97,24,1,1,"Flat-PastRate"
"5f2f02342d7fa52ce64ed570",84,"5","twice","week 1",0,5,5.307,24,1,1,"Flat-PastRate"
"5f2f02342d7fa52ce64ed570",84,"6","twice","week 1",0,5,3.624,24,1,1,"Flat-PastRate"
"5f2f02342d7fa52ce64ed570",84,"7","twice","week 1",1,5,5.156,24,1,1,"Flat-PastRate"
"5f2f02342d7fa52ce64ed570",84,"8","twice","week 1",0,5,3.96,24,1,1,"Flat-PastRate"
"5f302dd8a3cc1a44baa1b9ab",196,"1","twice","week 1",0,5,5.234,24,1,1,"Flat-PastRate"
"5f302dd8a3cc1a44baa1b9ab",196,"2","twice","week 1",1,5,8.249,24,1,1,"Flat-PastRate"
"5f302dd8a3cc1a44baa1b9ab",196,"3","twice","week 1",0,5,10.073,24,1,1,"Flat-PastRate"
"5f302dd8a3cc1a44baa1b9ab",196,"4","twice","week 1",0,5,11.027,24,1,1,"Flat-PastRate"
"5f302dd8a3cc1a44baa1b9ab",196,"5","twice","week 1",1,5,16.186,24,1,1,"Flat-PastRate"
"5f302dd8a3cc1a44baa1b9ab",196,"6","twice","week 1",0,5,8.854,24,1,1,"Flat-PastRate"
"5f302dd8a3cc1a44baa1b9ab",196,"7","twice","week 1",0,5,15.873,24,1,1,"Flat-PastRate"
"5f302dd8a3cc1a44baa1b9ab",196,"8","twice","week 1",0,5,8.416,24,1,1,"Flat-PastRate"
"5f31198616a1ff5a28b68fbf",77,"1","once","week 2",0,5,2.139,26,0,1,"Flat"
"5f31198616a1ff5a28b68fbf",77,"2","once","week 2",1,5,3.342,26,0,1,"Flat"
"5f31198616a1ff5a28b68fbf",77,"3","once","week 2",0,5,4.801,26,0,1,"Flat"
"5f31198616a1ff5a28b68fbf",77,"4","once","week 2",0,5,2.488,26,0,1,"Flat"
"5f31198616a1ff5a28b68fbf",77,"5","once","week 2",1,5,4.538,26,0,1,"Flat"
"5f31198616a1ff5a28b68fbf",77,"6","once","week 2",0,5,5.671,26,0,1,"Flat"
"5f31198616a1ff5a28b68fbf",77,"7","once","week 2",1,5,3.715,26,0,1,"Flat"
"5f31198616a1ff5a28b68fbf",77,"8","once","week 2",0,5,5.079,26,0,1,"Flat"
"5f3124fd8f9c8705e7fab635",80,"1","twice","week 2",0,5,3.544,19,0,1,"Flat"
"5f3124fd8f9c8705e7fab635",80,"2","twice","week 2",1,5,4.769,19,0,1,"Flat"
"5f3124fd8f9c8705e7fab635",80,"3","twice","week 2",0,5,4.732,19,0,1,"Flat"
"5f3124fd8f9c8705e7fab635",80,"4","twice","week 2",0,5,3.431,19,0,1,"Flat"
"5f3124fd8f9c8705e7fab635",80,"5","twice","week 2",1,5,3.793,19,0,1,"Flat"
"5f3124fd8f9c8705e7fab635",80,"6","twice","week 2",0,5,5.943,19,0,1,"Flat"
"5f3124fd8f9c8705e7fab635",80,"7","twice","week 2",1,5,3.778,19,0,1,"Flat"
"5f3124fd8f9c8705e7fab635",80,"8","twice","week 2",0,5,6.743,19,0,1,"Flat"
"5f316bcd6be94e000aeeaf49",124,"1","once","week 2",0,5,5.701,21,0,1,"Flat-PastRate"
"5f316bcd6be94e000aeeaf49",124,"2","once","week 2",1,5,10.013,21,0,1,"Flat-PastRate"
"5f316bcd6be94e000aeeaf49",124,"3","once","week 2",0,5,7.833,21,0,1,"Flat-PastRate"
"5f316bcd6be94e000aeeaf49",124,"4","once","week 2",0,5,3.857,21,0,1,"Flat-PastRate"
"5f316bcd6be94e000aeeaf49",124,"5","once","week 2",0,5,8.33,21,0,1,"Flat-PastRate"
"5f316bcd6be94e000aeeaf49",124,"6","once","week 2",0,5,8.139,21,0,1,"Flat-PastRate"
"5f316bcd6be94e000aeeaf49",124,"7","once","week 2",1,5,9.524,21,0,1,"Flat-PastRate"
"5f316bcd6be94e000aeeaf49",124,"8","once","week 2",0,5,6.282,21,0,1,"Flat-PastRate"
"5f317a5d4634da032b4d40a0",177,"1","once","week 2",0,5,4.571,18,0,1,"Flat-PastRate"
"5f317a5d4634da032b4d40a0",177,"2","once","week 2",1,5,8.741,18,0,1,"Flat-PastRate"
"5f317a5d4634da032b4d40a0",177,"3","once","week 2",1,5,14.485,18,0,1,"Flat-PastRate"
"5f317a5d4634da032b4d40a0",177,"4","once","week 2",1,5,6.789,18,0,1,"Flat-PastRate"
"5f317a5d4634da032b4d40a0",177,"5","once","week 2",0,5,9.941,18,0,1,"Flat-PastRate"
"5f317a5d4634da032b4d40a0",177,"6","once","week 2",1,5,15.318,18,0,1,"Flat-PastRate"
"5f317a5d4634da032b4d40a0",177,"7","once","week 2",1,5,8.172,18,0,1,"Flat-PastRate"
"5f317a5d4634da032b4d40a0",177,"8","once","week 2",0,5,6.446,18,0,1,"Flat-PastRate"
"5f31c9baa6b42a0f406382c6",108,"1","once","week 1",0,5,3.693,22,0,1,"Flat"
"5f31c9baa6b42a0f406382c6",108,"2","once","week 1",1,5,3.698,22,0,1,"Flat"
"5f31c9baa6b42a0f406382c6",108,"3","once","week 1",1,5,8.381,22,0,1,"Flat"
"5f31c9baa6b42a0f406382c6",108,"4","once","week 1",0,5,7.784,22,0,1,"Flat"
"5f31c9baa6b42a0f406382c6",108,"5","once","week 1",0,5,5.134,22,0,1,"Flat"
"5f31c9baa6b42a0f406382c6",108,"6","once","week 1",0,5,4.636,22,0,1,"Flat"
"5f31c9baa6b42a0f406382c6",108,"7","once","week 1",1,5,6.742,22,0,1,"Flat"
"5f31c9baa6b42a0f406382c6",108,"8","once","week 1",0,5,3.325,22,0,1,"Flat"
"5f3353d70e39cc17449867bf",113,"1","twice","week 1",0,5,3.984,22,0,1,"Flat-PastRate"
"5f3353d70e39cc17449867bf",113,"2","twice","week 1",1,5,7.174,22,0,1,"Flat-PastRate"
"5f3353d70e39cc17449867bf",113,"3","twice","week 1",1,5,9.062,22,0,1,"Flat-PastRate"
"5f3353d70e39cc17449867bf",113,"4","twice","week 1",0,5,11.5,22,0,1,"Flat-PastRate"
"5f3353d70e39cc17449867bf",113,"5","twice","week 1",0,5,8.194,22,0,1,"Flat-PastRate"
"5f3353d70e39cc17449867bf",113,"6","twice","week 1",0,5,4.227,22,0,1,"Flat-PastRate"
"5f3353d70e39cc17449867bf",113,"7","twice","week 1",0,5,7.352,22,0,1,"Flat-PastRate"
"5f3353d70e39cc17449867bf",113,"8","twice","week 1",0,5,5.057,22,0,1,"Flat-PastRate"
"5f33cac684d9d9065dad86a8",144,"1","twice","week 2",0,5,5.611,19,1,0,"Flat"
"5f33cac684d9d9065dad86a8",144,"2","twice","week 2",1,5,8.029,19,1,0,"Flat"
"5f33cac684d9d9065dad86a8",144,"3","twice","week 2",0,5,10.813,19,1,0,"Flat"
"5f33cac684d9d9065dad86a8",144,"4","twice","week 2",0,5,8.316,19,1,0,"Flat"
"5f33cac684d9d9065dad86a8",144,"5","twice","week 2",1,5,10.486,19,1,0,"Flat"
"5f33cac684d9d9065dad86a8",144,"6","twice","week 2",0,5,8.401,19,1,0,"Flat"
"5f33cac684d9d9065dad86a8",144,"7","twice","week 2",1,5,8.578,19,1,0,"Flat"
"5f33cac684d9d9065dad86a8",144,"8","twice","week 2",0,5,5.916,19,1,0,"Flat"
"5f33ff8e16dac32741bf2b90",157,"1","once","week 1",0,5,4.106,19,0,1,"Flat"
"5f33ff8e16dac32741bf2b90",157,"2","once","week 1",0,5,2.827,19,0,1,"Flat"
"5f33ff8e16dac32741bf2b90",157,"3","once","week 1",0,5,5.904,19,0,1,"Flat"
"5f33ff8e16dac32741bf2b90",157,"4","once","week 1",0,5,28.273,19,0,1,"Flat"
"5f33ff8e16dac32741bf2b90",157,"5","once","week 1",0,5,17.398,19,0,1,"Flat"
"5f33ff8e16dac32741bf2b90",157,"6","once","week 1",0,5,3.8,19,0,1,"Flat"
"5f33ff8e16dac32741bf2b90",157,"7","once","week 1",0,5,4.643,19,0,1,"Flat"
"5f33ff8e16dac32741bf2b90",157,"8","once","week 1",0,5,5.005,19,0,1,"Flat"
"5f343b0f19d95a30e188ee9f",139,"1","twice","week 2",0,5,5.456,22,1,1,"Flat-PastRate"
"5f343b0f19d95a30e188ee9f",139,"2","twice","week 2",0,5,10.603,22,1,1,"Flat-PastRate"
"5f343b0f19d95a30e188ee9f",139,"3","twice","week 2",1,5,13.085,22,1,1,"Flat-PastRate"
"5f343b0f19d95a30e188ee9f",139,"4","twice","week 2",0,5,5.652,22,1,1,"Flat-PastRate"
"5f343b0f19d95a30e188ee9f",139,"5","twice","week 2",1,5,6.862,22,1,1,"Flat-PastRate"
"5f343b0f19d95a30e188ee9f",139,"6","twice","week 2",0,5,7.44,22,1,1,"Flat-PastRate"
"5f343b0f19d95a30e188ee9f",139,"7","twice","week 2",0,5,8.683,22,1,1,"Flat-PastRate"
"5f343b0f19d95a30e188ee9f",139,"8","twice","week 2",0,5,11.063,22,1,1,"Flat-PastRate"
"5f35170c50d9ea46c305ce50",164,"1","twice","week 1",0,5,3.123,38,1,1,"PPM"
"5f35170c50d9ea46c305ce50",164,"2","twice","week 1",1,5,8.071,38,1,1,"PPM"
"5f35170c50d9ea46c305ce50",164,"3","twice","week 1",0,5,5.5,38,1,1,"PPM"
"5f35170c50d9ea46c305ce50",164,"4","twice","week 1",0,5,4.101,38,1,1,"PPM"
"5f35170c50d9ea46c305ce50",164,"5","twice","week 1",0,5,7.621,38,1,1,"PPM"
"5f35170c50d9ea46c305ce50",164,"6","twice","week 1",0,5,7.336,38,1,1,"PPM"
"5f35170c50d9ea46c305ce50",164,"7","twice","week 1",0,5,9.358,38,1,1,"PPM"
"5f35170c50d9ea46c305ce50",164,"8","twice","week 1",0,5,4.502,38,1,1,"PPM"
"5f357cd27efd2954e9e39ced",117,"1","once","week 1",0,5,4.137,21,1,0,"Flat-PastRate"
"5f357cd27efd2954e9e39ced",117,"2","once","week 1",1,5,7.55,21,1,0,"Flat-PastRate"
"5f357cd27efd2954e9e39ced",117,"3","once","week 1",1,5,6.246,21,1,0,"Flat-PastRate"
"5f357cd27efd2954e9e39ced",117,"4","once","week 1",0,5,5.949,21,1,0,"Flat-PastRate"
"5f357cd27efd2954e9e39ced",117,"5","once","week 1",1,5,9.018,21,1,0,"Flat-PastRate"
"5f357cd27efd2954e9e39ced",117,"6","once","week 1",1,5,7.873,21,1,0,"Flat-PastRate"
"5f357cd27efd2954e9e39ced",117,"7","once","week 1",1,5,6.598,21,1,0,"Flat-PastRate"
"5f357cd27efd2954e9e39ced",117,"8","once","week 1",0,5,16.393,21,1,0,"Flat-PastRate"
"5f35b9ad9ec51d02c06ae303",143,"1","twice","week 1",0,5,2.992,21,0,0,"PPM"
"5f35b9ad9ec51d02c06ae303",143,"2","twice","week 1",0,5,3.983,21,0,0,"PPM"
"5f35b9ad9ec51d02c06ae303",143,"3","twice","week 1",0,5,3.575,21,0,0,"PPM"
"5f35b9ad9ec51d02c06ae303",143,"4","twice","week 1",0,5,4.079,21,0,0,"PPM"
"5f35b9ad9ec51d02c06ae303",143,"5","twice","week 1",1,5,10.297,21,0,0,"PPM"
"5f35b9ad9ec51d02c06ae303",143,"6","twice","week 1",0,5,5.321,21,0,0,"PPM"
"5f35b9ad9ec51d02c06ae303",143,"7","twice","week 1",0,5,20.842,21,0,0,"PPM"
"5f35b9ad9ec51d02c06ae303",143,"8","twice","week 1",0,5,3.258,21,0,0,"PPM"
"5f368e175fa3460527b3bae6",92,"1","once","week 1",0,5,2.734,22,1,1,"Flat-PastRate"
"5f368e175fa3460527b3bae6",92,"2","once","week 1",1,5,3.838,22,1,1,"Flat-PastRate"
"5f368e175fa3460527b3bae6",92,"3","once","week 1",1,5,3.811,22,1,1,"Flat-PastRate"
"5f368e175fa3460527b3bae6",92,"4","once","week 1",1,5,2.377,22,1,1,"Flat-PastRate"
"5f368e175fa3460527b3bae6",92,"5","once","week 1",1,5,1.913,22,1,1,"Flat-PastRate"
"5f368e175fa3460527b3bae6",92,"6","once","week 1",1,5,7.606,22,1,1,"Flat-PastRate"
"5f368e175fa3460527b3bae6",92,"7","once","week 1",0,5,8.935,22,1,1,"Flat-PastRate"
"5f368e175fa3460527b3bae6",92,"8","once","week 1",0,5,4.551,22,1,1,"Flat-PastRate"
"5f36b3370303960ad419ba9a",176,"1","once","week 1",0,5,9.087,21,1,1,"PPM"
"5f36b3370303960ad419ba9a",176,"2","once","week 1",1,5,4.681,21,1,1,"PPM"
"5f36b3370303960ad419ba9a",176,"3","once","week 1",0,5,6.405,21,1,1,"PPM"
"5f36b3370303960ad419ba9a",176,"4","once","week 1",0,5,9.097,21,1,1,"PPM"
"5f36b3370303960ad419ba9a",176,"5","once","week 1",1,5,7.467,21,1,1,"PPM"
"5f36b3370303960ad419ba9a",176,"6","once","week 1",0,5,12.272,21,1,1,"PPM"
"5f36b3370303960ad419ba9a",176,"7","once","week 1",1,5,4.657,21,1,1,"PPM"
"5f36b3370303960ad419ba9a",176,"8","once","week 1",0,5,4.575,21,1,1,"PPM"
"5f36cd2444884c0f7ff186f6",341,"1","twice","week 1",0,5,4.618,40,0,0,"Flat-PastRate"
"5f36cd2444884c0f7ff186f6",341,"2","twice","week 1",0,5,4.797,40,0,0,"Flat-PastRate"
"5f36cd2444884c0f7ff186f6",341,"3","twice","week 1",0,5,4.564,40,0,0,"Flat-PastRate"
"5f36cd2444884c0f7ff186f6",341,"4","twice","week 1",0,5,5.902,40,0,0,"Flat-PastRate"
"5f36cd2444884c0f7ff186f6",341,"5","twice","week 1",1,5,5.54,40,0,0,"Flat-PastRate"
"5f36cd2444884c0f7ff186f6",341,"6","twice","week 1",0,5,4.072,40,0,0,"Flat-PastRate"
"5f36cd2444884c0f7ff186f6",341,"7","twice","week 1",0,5,4.142,40,0,0,"Flat-PastRate"
"5f36cd2444884c0f7ff186f6",341,"8","twice","week 1",0,5,21.64,40,0,0,"Flat-PastRate"
"5f37e9b58baa0029105cb01c",144,"1","twice","week 1",0,1,3.628,20,1,1,"Flat-PastRate"
"5f37e9b58baa0029105cb01c",144,"2","twice","week 1",1,1,15.815,20,1,1,"Flat-PastRate"
"5f37e9b58baa0029105cb01c",144,"3","twice","week 1",0,1,36.055,20,1,1,"Flat-PastRate"
"5f37e9b58baa0029105cb01c",144,"4","twice","week 1",0,1,4.888,20,1,1,"Flat-PastRate"
"5f37e9b58baa0029105cb01c",144,"5","twice","week 1",0,1,6.01,20,1,1,"Flat-PastRate"
"5f37e9b58baa0029105cb01c",144,"6","twice","week 1",0,1,3.413,20,1,1,"Flat-PastRate"
"5f37e9b58baa0029105cb01c",144,"7","twice","week 1",0,1,6.504,20,1,1,"Flat-PastRate"
"5f37e9b58baa0029105cb01c",144,"8","twice","week 1",0,1,4.702,20,1,1,"Flat-PastRate"
"5f383b79e97de70fc8800309",112,"1","once","week 1",0,5,3.517,20,1,1,"Flat"
"5f383b79e97de70fc8800309",112,"2","once","week 1",1,5,7.074,20,1,1,"Flat"
"5f383b79e97de70fc8800309",112,"3","once","week 1",1,5,7.008,20,1,1,"Flat"
"5f383b79e97de70fc8800309",112,"4","once","week 1",0,5,4.874,20,1,1,"Flat"
"5f383b79e97de70fc8800309",112,"5","once","week 1",1,5,4.797,20,1,1,"Flat"
"5f383b79e97de70fc8800309",112,"6","once","week 1",0,5,9.776,20,1,1,"Flat"
"5f383b79e97de70fc8800309",112,"7","once","week 1",1,5,3.492,20,1,1,"Flat"
"5f383b79e97de70fc8800309",112,"8","once","week 1",0,5,4.507,20,1,1,"Flat"
"5f3960e728b3734d421b2eeb",129,"1","once","week 1",0,5,2.501,18,1,1,"Flat-PastRate"
"5f3960e728b3734d421b2eeb",129,"2","once","week 1",0,5,6.311,18,1,1,"Flat-PastRate"
"5f3960e728b3734d421b2eeb",129,"3","once","week 1",0,5,12.51,18,1,1,"Flat-PastRate"
"5f3960e728b3734d421b2eeb",129,"4","once","week 1",1,5,4.713,18,1,1,"Flat-PastRate"
"5f3960e728b3734d421b2eeb",129,"5","once","week 1",1,5,7.178,18,1,1,"Flat-PastRate"
"5f3960e728b3734d421b2eeb",129,"6","once","week 1",0,5,10.997,18,1,1,"Flat-PastRate"
"5f3960e728b3734d421b2eeb",129,"7","once","week 1",1,5,6.928,18,1,1,"Flat-PastRate"
"5f3960e728b3734d421b2eeb",129,"8","once","week 1",1,5,6.021,18,1,1,"Flat-PastRate"
"5f39b00fb05fd85622540c3a",168,"1","twice","week 2",0,5,4.821,19,1,1,"Flat-PastRate"
"5f39b00fb05fd85622540c3a",168,"2","twice","week 2",0,5,8.741,19,1,1,"Flat-PastRate"
"5f39b00fb05fd85622540c3a",168,"3","twice","week 2",1,5,13.415,19,1,1,"Flat-PastRate"
"5f39b00fb05fd85622540c3a",168,"4","twice","week 2",0,5,35.608,19,1,1,"Flat-PastRate"
"5f39b00fb05fd85622540c3a",168,"5","twice","week 2",1,5,6.177,19,1,1,"Flat-PastRate"
"5f39b00fb05fd85622540c3a",168,"6","twice","week 2",0,5,9.028,19,1,1,"Flat-PastRate"
"5f39b00fb05fd85622540c3a",168,"7","twice","week 2",0,5,10.79,19,1,1,"Flat-PastRate"
"5f39b00fb05fd85622540c3a",168,"8","twice","week 2",0,5,6.254,19,1,1,"Flat-PastRate"
"5f3a911dcbadb36b3f9fff02",308,"1","once","week 1",0,4,4.497,28,0,1,"PPM"
"5f3a911dcbadb36b3f9fff02",308,"2","once","week 1",1,4,21.7,28,0,1,"PPM"
"5f3a911dcbadb36b3f9fff02",308,"3","once","week 1",0,4,10.166,28,0,1,"PPM"
"5f3a911dcbadb36b3f9fff02",308,"4","once","week 1",0,4,74.812,28,0,1,"PPM"
"5f3a911dcbadb36b3f9fff02",308,"5","once","week 1",0,4,11.371,28,0,1,"PPM"
"5f3a911dcbadb36b3f9fff02",308,"6","once","week 1",0,4,44.626,28,0,1,"PPM"
"5f3a911dcbadb36b3f9fff02",308,"7","once","week 1",0,4,8.922,28,0,1,"PPM"
"5f3a911dcbadb36b3f9fff02",308,"8","once","week 1",1,4,9.855,28,0,1,"PPM"
"5f3bef448db265999e0f5adb",217,"1","once","week 1",0,5,2.921,23,1,1,"Flat-PastRate"
"5f3bef448db265999e0f5adb",217,"2","once","week 1",1,5,5.414,23,1,1,"Flat-PastRate"
"5f3bef448db265999e0f5adb",217,"3","once","week 1",0,5,21.544,23,1,1,"Flat-PastRate"
"5f3bef448db265999e0f5adb",217,"4","once","week 1",0,5,7.426,23,1,1,"Flat-PastRate"
"5f3bef448db265999e0f5adb",217,"5","once","week 1",1,5,5.366,23,1,1,"Flat-PastRate"
"5f3bef448db265999e0f5adb",217,"6","once","week 1",0,5,4.286,23,1,1,"Flat-PastRate"
"5f3bef448db265999e0f5adb",217,"7","once","week 1",1,5,18.848,23,1,1,"Flat-PastRate"
"5f3bef448db265999e0f5adb",217,"8","once","week 1",0,5,53.12,23,1,1,"Flat-PastRate"
"5f3c0b701ccf259dac03763b",140,"1","twice","week 1",0,5,10.677,21,0,0,"Flat-PastRate"
"5f3c0b701ccf259dac03763b",140,"2","twice","week 1",0,5,13.495,21,0,0,"Flat-PastRate"
"5f3c0b701ccf259dac03763b",140,"3","twice","week 1",1,5,5.696,21,0,0,"Flat-PastRate"
"5f3c0b701ccf259dac03763b",140,"4","twice","week 1",0,5,10.518,21,0,0,"Flat-PastRate"
"5f3c0b701ccf259dac03763b",140,"5","twice","week 1",0,5,17.674,21,0,0,"Flat-PastRate"
"5f3c0b701ccf259dac03763b",140,"6","twice","week 1",0,5,5.651,21,0,0,"Flat-PastRate"
"5f3c0b701ccf259dac03763b",140,"7","twice","week 1",1,5,7.55,21,0,0,"Flat-PastRate"
"5f3c0b701ccf259dac03763b",140,"8","twice","week 1",0,5,11.638,21,0,0,"Flat-PastRate"
"5f3cf28a770d28bb1810ec48",287,"1","once","week 1",0,5,5.366,20,1,0,"PPM"
"5f3cf28a770d28bb1810ec48",287,"2","once","week 1",1,5,28.311,20,1,0,"PPM"
"5f3cf28a770d28bb1810ec48",287,"3","once","week 1",1,5,15.117,20,1,0,"PPM"
"5f3cf28a770d28bb1810ec48",287,"4","once","week 1",0,5,11.721,20,1,0,"PPM"
"5f3cf28a770d28bb1810ec48",287,"5","once","week 1",1,5,5.647,20,1,0,"PPM"
"5f3cf28a770d28bb1810ec48",287,"6","once","week 1",0,5,10.534,20,1,0,"PPM"
"5f3cf28a770d28bb1810ec48",287,"7","once","week 1",0,5,10.304,20,1,0,"PPM"
"5f3cf28a770d28bb1810ec48",287,"8","once","week 1",0,5,5.99,20,1,0,"PPM"
"5f3d1effc865e202f2582999",234,"1","twice","week 1",1,5,16.728,19,1,1,"PPM"
"5f3d1effc865e202f2582999",234,"2","twice","week 1",1,5,8.733,19,1,1,"PPM"
"5f3d1effc865e202f2582999",234,"3","twice","week 1",1,5,12.311,19,1,1,"PPM"
"5f3d1effc865e202f2582999",234,"4","twice","week 1",0,5,26.38,19,1,1,"PPM"
"5f3d1effc865e202f2582999",234,"5","twice","week 1",1,5,11.282,19,1,1,"PPM"
"5f3d1effc865e202f2582999",234,"6","twice","week 1",0,5,18.092,19,1,1,"PPM"
"5f3d1effc865e202f2582999",234,"7","twice","week 1",1,5,9.116,19,1,1,"PPM"
"5f3d1effc865e202f2582999",234,"8","twice","week 1",0,5,12.206,19,1,1,"PPM"
"5f3d49b787fe930ad9a39a59",132,"1","once","week 2",0,5,4.8,19,1,1,"Flat-PastRate"
"5f3d49b787fe930ad9a39a59",132,"2","once","week 2",1,5,6.513,19,1,1,"Flat-PastRate"
"5f3d49b787fe930ad9a39a59",132,"3","once","week 2",0,5,8.259,19,1,1,"Flat-PastRate"
"5f3d49b787fe930ad9a39a59",132,"4","once","week 2",0,5,3.501,19,1,1,"Flat-PastRate"
"5f3d49b787fe930ad9a39a59",132,"5","once","week 2",1,5,7.66,19,1,1,"Flat-PastRate"
"5f3d49b787fe930ad9a39a59",132,"6","once","week 2",0,5,4.824,19,1,1,"Flat-PastRate"
"5f3d49b787fe930ad9a39a59",132,"7","once","week 2",1,5,23.392,19,1,1,"Flat-PastRate"
"5f3d49b787fe930ad9a39a59",132,"8","once","week 2",1,5,6.039,19,1,1,"Flat-PastRate"
"5f3fdbf989c7a90853e0f395",197,"1","once","week 2",0,5,2.944,21,1,1,"PPM"
"5f3fdbf989c7a90853e0f395",197,"2","once","week 2",0,5,10.348,21,1,1,"PPM"
"5f3fdbf989c7a90853e0f395",197,"3","once","week 2",0,5,6.356,21,1,1,"PPM"
"5f3fdbf989c7a90853e0f395",197,"4","once","week 2",0,5,5.94,21,1,1,"PPM"
"5f3fdbf989c7a90853e0f395",197,"5","once","week 2",1,5,7.678,21,1,1,"PPM"
"5f3fdbf989c7a90853e0f395",197,"6","once","week 2",0,5,14.103,21,1,1,"PPM"
"5f3fdbf989c7a90853e0f395",197,"7","once","week 2",1,5,7.411,21,1,1,"PPM"
"5f3fdbf989c7a90853e0f395",197,"8","once","week 2",0,5,3.765,21,1,1,"PPM"
"5f3fe127ee81c20a2267b0e4",135,"1","once","week 2",0,5,6.515,27,0,1,"Flat-PastRate"
"5f3fe127ee81c20a2267b0e4",135,"2","once","week 2",1,5,5.485,27,0,1,"Flat-PastRate"
"5f3fe127ee81c20a2267b0e4",135,"3","once","week 2",1,5,8.715,27,0,1,"Flat-PastRate"
"5f3fe127ee81c20a2267b0e4",135,"4","once","week 2",0,5,14.282,27,0,1,"Flat-PastRate"
"5f3fe127ee81c20a2267b0e4",135,"5","once","week 2",0,5,13.364,27,0,1,"Flat-PastRate"
"5f3fe127ee81c20a2267b0e4",135,"6","once","week 2",0,5,8.285,27,0,1,"Flat-PastRate"
"5f3fe127ee81c20a2267b0e4",135,"7","once","week 2",0,5,6.588,27,0,1,"Flat-PastRate"
"5f3fe127ee81c20a2267b0e4",135,"8","once","week 2",0,5,5.281,27,0,1,"Flat-PastRate"
"5f4024f6ea5204135f6d7a42",182,"1","twice","week 2",0,5,4.082,18,1,1,"PPM"
"5f4024f6ea5204135f6d7a42",182,"2","twice","week 2",1,5,10.324,18,1,1,"PPM"
"5f4024f6ea5204135f6d7a42",182,"3","twice","week 2",1,5,14.094,18,1,1,"PPM"
"5f4024f6ea5204135f6d7a42",182,"4","twice","week 2",0,5,15.038,18,1,1,"PPM"
"5f4024f6ea5204135f6d7a42",182,"5","twice","week 2",0,5,4.886,18,1,1,"PPM"
"5f4024f6ea5204135f6d7a42",182,"6","twice","week 2",0,5,6.473,18,1,1,"PPM"
"5f4024f6ea5204135f6d7a42",182,"7","twice","week 2",0,5,7.431,18,1,1,"PPM"
"5f4024f6ea5204135f6d7a42",182,"8","twice","week 2",0,5,8.74,18,1,1,"PPM"
"5f404333140cfe16fe3c195c",127,"1","twice","week 1",0,5,7.036,23,1,1,"Flat"
"5f404333140cfe16fe3c195c",127,"2","twice","week 1",1,5,2.578,23,1,1,"Flat"
"5f404333140cfe16fe3c195c",127,"3","twice","week 1",1,5,5.317,23,1,1,"Flat"
"5f404333140cfe16fe3c195c",127,"4","twice","week 1",0,5,4.074,23,1,1,"Flat"
"5f404333140cfe16fe3c195c",127,"5","twice","week 1",0,5,7.887,23,1,1,"Flat"
"5f404333140cfe16fe3c195c",127,"6","twice","week 1",0,5,10.27,23,1,1,"Flat"
"5f404333140cfe16fe3c195c",127,"7","twice","week 1",0,5,6.967,23,1,1,"Flat"
"5f404333140cfe16fe3c195c",127,"8","twice","week 1",0,5,5.387,23,1,1,"Flat"
"5f4056738318181904984b01",136,"1","once","week 2",1,5,6.058,19,1,0,"Flat-PastRate"
"5f4056738318181904984b01",136,"2","once","week 2",1,5,5.071,19,1,0,"Flat-PastRate"
"5f4056738318181904984b01",136,"3","once","week 2",0,5,18.821,19,1,0,"Flat-PastRate"
"5f4056738318181904984b01",136,"4","once","week 2",1,5,6.39,19,1,0,"Flat-PastRate"
"5f4056738318181904984b01",136,"5","once","week 2",1,5,5.547,19,1,0,"Flat-PastRate"
"5f4056738318181904984b01",136,"6","once","week 2",0,5,11.149,19,1,0,"Flat-PastRate"
"5f4056738318181904984b01",136,"7","once","week 2",0,5,5.776,19,1,0,"Flat-PastRate"
"5f4056738318181904984b01",136,"8","once","week 2",0,5,10.246,19,1,0,"Flat-PastRate"
"5f40d6c251a8cd21d01b6f40",142,"1","twice","week 1",0,4,5.99,33,1,0,"PPM"
"5f40d6c251a8cd21d01b6f40",142,"2","twice","week 1",1,4,8.667,33,1,0,"PPM"
"5f40d6c251a8cd21d01b6f40",142,"3","twice","week 1",0,4,5.509,33,1,0,"PPM"
"5f40d6c251a8cd21d01b6f40",142,"4","twice","week 1",1,4,12.757,33,1,0,"PPM"
"5f40d6c251a8cd21d01b6f40",142,"5","twice","week 1",0,4,9.034,33,1,0,"PPM"
"5f40d6c251a8cd21d01b6f40",142,"6","twice","week 1",0,4,8.748,33,1,0,"PPM"
"5f40d6c251a8cd21d01b6f40",142,"7","twice","week 1",0,4,8.418,33,1,0,"PPM"
"5f40d6c251a8cd21d01b6f40",142,"8","twice","week 1",0,4,9.292,33,1,0,"PPM"
"5f4199ecedf13a359c9e7e97",159,"1","twice","week 2",0,5,5.767,18,0,1,"PPM"
"5f4199ecedf13a359c9e7e97",159,"2","twice","week 2",1,5,7.938,18,0,1,"PPM"
"5f4199ecedf13a359c9e7e97",159,"3","twice","week 2",1,5,11.932,18,0,1,"PPM"
"5f4199ecedf13a359c9e7e97",159,"4","twice","week 2",0,5,5.688,18,0,1,"PPM"
"5f4199ecedf13a359c9e7e97",159,"5","twice","week 2",0,5,4.37,18,0,1,"PPM"
"5f4199ecedf13a359c9e7e97",159,"6","twice","week 2",0,5,5.412,18,0,1,"PPM"
"5f4199ecedf13a359c9e7e97",159,"7","twice","week 2",1,5,6.104,18,0,1,"PPM"
"5f4199ecedf13a359c9e7e97",159,"8","twice","week 2",0,5,3.246,18,0,1,"PPM"
"5f4242544b817f01fe53aecc",107,"1","once","week 2",1,5,4.001,22,0,1,"Flat"
"5f4242544b817f01fe53aecc",107,"2","once","week 2",1,5,9.496,22,0,1,"Flat"
"5f4242544b817f01fe53aecc",107,"3","once","week 2",1,5,7.171,22,0,1,"Flat"
"5f4242544b817f01fe53aecc",107,"4","once","week 2",0,5,3.966,22,0,1,"Flat"
"5f4242544b817f01fe53aecc",107,"5","once","week 2",0,5,4.52,22,0,1,"Flat"
"5f4242544b817f01fe53aecc",107,"6","once","week 2",0,5,14.389,22,0,1,"Flat"
"5f4242544b817f01fe53aecc",107,"7","once","week 2",0,5,4.02,22,0,1,"Flat"
"5f4242544b817f01fe53aecc",107,"8","once","week 2",0,5,4.898,22,0,1,"Flat"
"5f42fc31038f801602ed1c1e",48,"1","twice","week 1",0,4,1.292,26,0,1,"Flat-PastRate"
"5f42fc31038f801602ed1c1e",48,"2","twice","week 1",0,4,1.388,26,0,1,"Flat-PastRate"
"5f42fc31038f801602ed1c1e",48,"3","twice","week 1",0,4,1.46,26,0,1,"Flat-PastRate"
"5f42fc31038f801602ed1c1e",48,"4","twice","week 1",0,4,1.637,26,0,1,"Flat-PastRate"
"5f42fc31038f801602ed1c1e",48,"5","twice","week 1",0,4,3.56,26,0,1,"Flat-PastRate"
"5f42fc31038f801602ed1c1e",48,"6","twice","week 1",0,4,1.807,26,0,1,"Flat-PastRate"
"5f42fc31038f801602ed1c1e",48,"7","twice","week 1",0,4,2.734,26,0,1,"Flat-PastRate"
"5f42fc31038f801602ed1c1e",48,"8","twice","week 1",0,4,2.084,26,0,1,"Flat-PastRate"
"5f43e2aca245a20f7bf58065",230,"1","twice","week 1",0,5,3.923,20,0,1,"PPM"
"5f43e2aca245a20f7bf58065",230,"2","twice","week 1",0,5,7.881,20,0,1,"PPM"
"5f43e2aca245a20f7bf58065",230,"3","twice","week 1",1,5,17.586,20,0,1,"PPM"
"5f43e2aca245a20f7bf58065",230,"4","twice","week 1",0,5,23.468,20,0,1,"PPM"
"5f43e2aca245a20f7bf58065",230,"5","twice","week 1",0,5,19.582,20,0,1,"PPM"
"5f43e2aca245a20f7bf58065",230,"6","twice","week 1",0,5,7.593,20,0,1,"PPM"
"5f43e2aca245a20f7bf58065",230,"7","twice","week 1",0,5,8.569,20,0,1,"PPM"
"5f43e2aca245a20f7bf58065",230,"8","twice","week 1",0,5,6.844,20,0,1,"PPM"
"5f44092259355f15113bae81",146,"1","twice","week 1",0,4,10.278,21,0,1,"PPM"
"5f44092259355f15113bae81",146,"2","twice","week 1",1,4,6.062,21,0,1,"PPM"
"5f44092259355f15113bae81",146,"3","twice","week 1",0,4,6.383,21,0,1,"PPM"
"5f44092259355f15113bae81",146,"4","twice","week 1",1,4,4.134,21,0,1,"PPM"
"5f44092259355f15113bae81",146,"5","twice","week 1",0,4,4.946,21,0,1,"PPM"
"5f44092259355f15113bae81",146,"6","twice","week 1",1,4,5.238,21,0,1,"PPM"
"5f44092259355f15113bae81",146,"7","twice","week 1",0,4,5.47,21,0,1,"PPM"
"5f44092259355f15113bae81",146,"8","twice","week 1",0,4,5.612,21,0,1,"PPM"
"5f441ef39b93d2186e858aab",106,"1","twice","week 1",0,5,4.868,40,1,1,"Flat"
"5f441ef39b93d2186e858aab",106,"2","twice","week 1",0,5,3.932,40,1,1,"Flat"
"5f441ef39b93d2186e858aab",106,"3","twice","week 1",0,5,5.071,40,1,1,"Flat"
"5f441ef39b93d2186e858aab",106,"4","twice","week 1",0,5,5.663,40,1,1,"Flat"
"5f441ef39b93d2186e858aab",106,"5","twice","week 1",1,5,11.185,40,1,1,"Flat"
"5f441ef39b93d2186e858aab",106,"6","twice","week 1",1,5,11.073,40,1,1,"Flat"
"5f441ef39b93d2186e858aab",106,"7","twice","week 1",1,5,4.129,40,1,1,"Flat"
"5f441ef39b93d2186e858aab",106,"8","twice","week 1",0,5,4.982,40,1,1,"Flat"
"5f44df7165e28d01d763f7ea",104,"1","twice","week 2",0,5,3.937,22,0,1,"Flat-PastRate"
"5f44df7165e28d01d763f7ea",104,"2","twice","week 2",1,5,3.558,22,0,1,"Flat-PastRate"
"5f44df7165e28d01d763f7ea",104,"3","twice","week 2",1,5,5.45,22,0,1,"Flat-PastRate"
"5f44df7165e28d01d763f7ea",104,"4","twice","week 2",0,5,6,22,0,1,"Flat-PastRate"
"5f44df7165e28d01d763f7ea",104,"5","twice","week 2",0,5,6.017,22,0,1,"Flat-PastRate"
"5f44df7165e28d01d763f7ea",104,"6","twice","week 2",0,5,6.625,22,0,1,"Flat-PastRate"
"5f44df7165e28d01d763f7ea",104,"7","twice","week 2",0,5,8.787,22,0,1,"Flat-PastRate"
"5f44df7165e28d01d763f7ea",104,"8","twice","week 2",0,5,4.16,22,0,1,"Flat-PastRate"
"5f452b74e5f76e0abc3b1288",433,"1","once","week 2",0,5,11.531,27,1,1,"PPM"
"5f452b74e5f76e0abc3b1288",433,"2","once","week 2",1,5,6.146,27,1,1,"PPM"
"5f452b74e5f76e0abc3b1288",433,"3","once","week 2",1,5,7.889,27,1,1,"PPM"
"5f452b74e5f76e0abc3b1288",433,"4","once","week 2",0,5,12.389,27,1,1,"PPM"
"5f452b74e5f76e0abc3b1288",433,"5","once","week 2",1,5,4.28,27,1,1,"PPM"
"5f452b74e5f76e0abc3b1288",433,"6","once","week 2",0,5,6.123,27,1,1,"PPM"
"5f452b74e5f76e0abc3b1288",433,"7","once","week 2",1,5,8.136,27,1,1,"PPM"
"5f452b74e5f76e0abc3b1288",433,"8","once","week 2",0,5,6.444,27,1,1,"PPM"
"5f46d480bf76700acde7784d",158,"1","once","week 1",0,5,4.28,20,0,1,"PPM"
"5f46d480bf76700acde7784d",158,"2","once","week 1",0,5,5.76,20,0,1,"PPM"
"5f46d480bf76700acde7784d",158,"3","once","week 1",0,5,6.934,20,0,1,"PPM"
"5f46d480bf76700acde7784d",158,"4","once","week 1",0,5,8.086,20,0,1,"PPM"
"5f46d480bf76700acde7784d",158,"5","once","week 1",0,5,10.459,20,0,1,"PPM"
"5f46d480bf76700acde7784d",158,"6","once","week 1",0,5,8.796,20,0,1,"PPM"
"5f46d480bf76700acde7784d",158,"7","once","week 1",0,5,7.656,20,0,1,"PPM"
"5f46d480bf76700acde7784d",158,"8","once","week 1",0,5,5.282,20,0,1,"PPM"
"5f478ddfcf343604f9af69bf",172,"1","twice","week 2",0,5,7.084,22,0,1,"PPM"
"5f478ddfcf343604f9af69bf",172,"2","twice","week 2",1,5,4.968,22,0,1,"PPM"
"5f478ddfcf343604f9af69bf",172,"3","twice","week 2",0,5,8.5,22,0,1,"PPM"
"5f478ddfcf343604f9af69bf",172,"4","twice","week 2",0,5,19.711,22,0,1,"PPM"
"5f478ddfcf343604f9af69bf",172,"5","twice","week 2",0,5,11.254,22,0,1,"PPM"
"5f478ddfcf343604f9af69bf",172,"6","twice","week 2",0,5,4.767,22,0,1,"PPM"
"5f478ddfcf343604f9af69bf",172,"7","twice","week 2",1,5,12.306,22,0,1,"PPM"
"5f478ddfcf343604f9af69bf",172,"8","twice","week 2",0,5,10.349,22,0,1,"PPM"
"5f479dd7144b1c1946ec23da",281,"1","once","week 2",0,5,4.344,21,1,1,"Flat"
"5f479dd7144b1c1946ec23da",281,"2","once","week 2",0,5,16.537,21,1,1,"Flat"
"5f479dd7144b1c1946ec23da",281,"3","once","week 2",0,5,5.714,21,1,1,"Flat"
"5f479dd7144b1c1946ec23da",281,"4","once","week 2",1,5,31.222,21,1,1,"Flat"
"5f479dd7144b1c1946ec23da",281,"5","once","week 2",0,5,4.69,21,1,1,"Flat"
"5f479dd7144b1c1946ec23da",281,"6","once","week 2",0,5,7.234,21,1,1,"Flat"
"5f479dd7144b1c1946ec23da",281,"7","once","week 2",0,5,3.807,21,1,1,"Flat"
"5f479dd7144b1c1946ec23da",281,"8","once","week 2",0,5,3.53,21,1,1,"Flat"
"5f47e34e733d7f230c29818c",187,"1","twice","week 2",1,5,10.842,23,0,0,"Flat"
"5f47e34e733d7f230c29818c",187,"2","twice","week 2",1,5,22.141,23,0,0,"Flat"
"5f47e34e733d7f230c29818c",187,"3","twice","week 2",1,5,6.517,23,0,0,"Flat"
"5f47e34e733d7f230c29818c",187,"4","twice","week 2",0,5,33.846,23,0,0,"Flat"
"5f47e34e733d7f230c29818c",187,"5","twice","week 2",0,5,14.438,23,0,0,"Flat"
"5f47e34e733d7f230c29818c",187,"6","twice","week 2",0,5,5.263,23,0,0,"Flat"
"5f47e34e733d7f230c29818c",187,"7","twice","week 2",1,5,12.195,23,0,0,"Flat"
"5f47e34e733d7f230c29818c",187,"8","twice","week 2",0,5,18.449,23,0,0,"Flat"
"5f47f31a3c255113f33bc74c",196,"1","twice","week 1",1,5,9.769,24,1,0,"Flat"
"5f47f31a3c255113f33bc74c",196,"2","twice","week 1",0,5,5.061,24,1,0,"Flat"
"5f47f31a3c255113f33bc74c",196,"3","twice","week 1",0,5,11.422,24,1,0,"Flat"
"5f47f31a3c255113f33bc74c",196,"4","twice","week 1",0,5,13.399,24,1,0,"Flat"
"5f47f31a3c255113f33bc74c",196,"5","twice","week 1",0,5,6.227,24,1,0,"Flat"
"5f47f31a3c255113f33bc74c",196,"6","twice","week 1",0,5,8.336,24,1,0,"Flat"
"5f47f31a3c255113f33bc74c",196,"7","twice","week 1",1,5,9.469,24,1,0,"Flat"
"5f47f31a3c255113f33bc74c",196,"8","twice","week 1",0,5,4.173,24,1,0,"Flat"
"5f47f3b9fc6fe9258a173513",258,"1","twice","week 1",0,5,3.959,21,1,1,"Flat-PastRate"
"5f47f3b9fc6fe9258a173513",258,"2","twice","week 1",1,5,6.789,21,1,1,"Flat-PastRate"
"5f47f3b9fc6fe9258a173513",258,"3","twice","week 1",0,5,5.825,21,1,1,"Flat-PastRate"
"5f47f3b9fc6fe9258a173513",258,"4","twice","week 1",0,5,6.588,21,1,1,"Flat-PastRate"
"5f47f3b9fc6fe9258a173513",258,"5","twice","week 1",1,5,6.628,21,1,1,"Flat-PastRate"
"5f47f3b9fc6fe9258a173513",258,"6","twice","week 1",0,5,7.471,21,1,1,"Flat-PastRate"
"5f47f3b9fc6fe9258a173513",258,"7","twice","week 1",1,5,7.656,21,1,1,"Flat-PastRate"
"5f47f3b9fc6fe9258a173513",258,"8","twice","week 1",0,5,5.55,21,1,1,"Flat-PastRate"
"5f49ae4b0a96474144fcc3d7",213,"1","once","week 1",0,5,4.147,24,1,1,"Flat-PastRate"
"5f49ae4b0a96474144fcc3d7",213,"2","once","week 1",0,5,5.662,24,1,1,"Flat-PastRate"
"5f49ae4b0a96474144fcc3d7",213,"3","once","week 1",0,5,5.851,24,1,1,"Flat-PastRate"
"5f49ae4b0a96474144fcc3d7",213,"4","once","week 1",1,5,7.382,24,1,1,"Flat-PastRate"
"5f49ae4b0a96474144fcc3d7",213,"5","once","week 1",1,5,14.665,24,1,1,"Flat-PastRate"
"5f49ae4b0a96474144fcc3d7",213,"6","once","week 1",1,5,7.739,24,1,1,"Flat-PastRate"
"5f49ae4b0a96474144fcc3d7",213,"7","once","week 1",1,5,5.151,24,1,1,"Flat-PastRate"
"5f49ae4b0a96474144fcc3d7",213,"8","once","week 1",0,5,7.01,24,1,1,"Flat-PastRate"
"5f4a274f21ec8a5971fbb33f",273,"1","once","week 2",0,4,13.224,30,1,0,"Flat"
"5f4a274f21ec8a5971fbb33f",273,"2","once","week 2",0,4,25.604,30,1,0,"Flat"
"5f4a274f21ec8a5971fbb33f",273,"3","once","week 2",0,4,5.407,30,1,0,"Flat"
"5f4a274f21ec8a5971fbb33f",273,"4","once","week 2",0,4,10.274,30,1,0,"Flat"
"5f4a274f21ec8a5971fbb33f",273,"5","once","week 2",0,4,7.614,30,1,0,"Flat"
"5f4a274f21ec8a5971fbb33f",273,"6","once","week 2",0,4,4.609,30,1,0,"Flat"
"5f4a274f21ec8a5971fbb33f",273,"7","once","week 2",0,4,5.495,30,1,0,"Flat"
"5f4a274f21ec8a5971fbb33f",273,"8","once","week 2",0,4,7.223,30,1,0,"Flat"
"5f4a59eb13728e0617942426",373,"1","once","week 1",0,4,14.368,33,1,1,"PPM"
"5f4a59eb13728e0617942426",373,"2","once","week 1",1,4,10.9,33,1,1,"PPM"
"5f4a59eb13728e0617942426",373,"3","once","week 1",1,4,12.729,33,1,1,"PPM"
"5f4a59eb13728e0617942426",373,"4","once","week 1",0,4,10.966,33,1,1,"PPM"
"5f4a59eb13728e0617942426",373,"5","once","week 1",1,4,15.026,33,1,1,"PPM"
"5f4a59eb13728e0617942426",373,"6","once","week 1",0,4,9.582,33,1,1,"PPM"
"5f4a59eb13728e0617942426",373,"7","once","week 1",0,4,20.365,33,1,1,"PPM"
"5f4a59eb13728e0617942426",373,"8","once","week 1",0,4,11.551,33,1,1,"PPM"
"5f4bd5af6591fd0a0899594f",147,"1","twice","week 2",1,5,5.08,23,0,1,"Flat-PastRate"
"5f4bd5af6591fd0a0899594f",147,"2","twice","week 2",1,5,4.155,23,0,1,"Flat-PastRate"
"5f4bd5af6591fd0a0899594f",147,"3","twice","week 2",0,5,16.061,23,0,1,"Flat-PastRate"
"5f4bd5af6591fd0a0899594f",147,"4","twice","week 2",0,5,6.729,23,0,1,"Flat-PastRate"
"5f4bd5af6591fd0a0899594f",147,"5","twice","week 2",0,5,25.544,23,0,1,"Flat-PastRate"
"5f4bd5af6591fd0a0899594f",147,"6","twice","week 2",1,5,4.273,23,0,1,"Flat-PastRate"
"5f4bd5af6591fd0a0899594f",147,"7","twice","week 2",1,5,8.716,23,0,1,"Flat-PastRate"
"5f4bd5af6591fd0a0899594f",147,"8","twice","week 2",1,5,10.1,23,0,1,"Flat-PastRate"
"5f4ccb2ceb2e888f1f88ad06",125,"1","once","week 1",0,5,4.771,21,1,1,"Flat-PastRate"
"5f4ccb2ceb2e888f1f88ad06",125,"2","once","week 1",0,5,4.96,21,1,1,"Flat-PastRate"
"5f4ccb2ceb2e888f1f88ad06",125,"3","once","week 1",0,5,3.848,21,1,1,"Flat-PastRate"
"5f4ccb2ceb2e888f1f88ad06",125,"4","once","week 1",0,5,5.359,21,1,1,"Flat-PastRate"
"5f4ccb2ceb2e888f1f88ad06",125,"5","once","week 1",1,5,6.088,21,1,1,"Flat-PastRate"
"5f4ccb2ceb2e888f1f88ad06",125,"6","once","week 1",0,5,12.255,21,1,1,"Flat-PastRate"
"5f4ccb2ceb2e888f1f88ad06",125,"7","once","week 1",1,5,8.334,21,1,1,"Flat-PastRate"
"5f4ccb2ceb2e888f1f88ad06",125,"8","once","week 1",0,5,4.212,21,1,1,"Flat-PastRate"
"5f4d0a751798ec967d4c2b35",119,"1","twice","week 1",0,5,3.553,19,0,1,"Flat-PastRate"
"5f4d0a751798ec967d4c2b35",119,"2","twice","week 1",1,5,5.456,19,0,1,"Flat-PastRate"
"5f4d0a751798ec967d4c2b35",119,"3","twice","week 1",1,5,12.252,19,0,1,"Flat-PastRate"
"5f4d0a751798ec967d4c2b35",119,"4","twice","week 1",0,5,12.858,19,0,1,"Flat-PastRate"
"5f4d0a751798ec967d4c2b35",119,"5","twice","week 1",0,5,4.335,19,0,1,"Flat-PastRate"
"5f4d0a751798ec967d4c2b35",119,"6","twice","week 1",1,5,11.442,19,0,1,"Flat-PastRate"
"5f4d0a751798ec967d4c2b35",119,"7","twice","week 1",0,5,4.643,19,0,1,"Flat-PastRate"
"5f4d0a751798ec967d4c2b35",119,"8","twice","week 1",0,5,7.249,19,0,1,"Flat-PastRate"
"5f4d604f0bee2417271ab73a",103,"1","twice","week 2",0,5,3.317,20,0,1,"Flat"
"5f4d604f0bee2417271ab73a",103,"2","twice","week 2",1,5,7.566,20,0,1,"Flat"
"5f4d604f0bee2417271ab73a",103,"3","twice","week 2",0,5,10.116,20,0,1,"Flat"
"5f4d604f0bee2417271ab73a",103,"4","twice","week 2",0,5,3.841,20,0,1,"Flat"
"5f4d604f0bee2417271ab73a",103,"5","twice","week 2",1,5,8.876,20,0,1,"Flat"
"5f4d604f0bee2417271ab73a",103,"6","twice","week 2",0,5,5.358,20,0,1,"Flat"
"5f4d604f0bee2417271ab73a",103,"7","twice","week 2",0,5,7.24,20,0,1,"Flat"
"5f4d604f0bee2417271ab73a",103,"8","twice","week 2",0,5,4.645,20,0,1,"Flat"
"5f4deb2cc3368e9b3de01170",123,"1","twice","week 2",0,5,10.215,24,1,1,"Flat"
"5f4deb2cc3368e9b3de01170",123,"2","twice","week 2",1,5,3.394,24,1,1,"Flat"
"5f4deb2cc3368e9b3de01170",123,"3","twice","week 2",1,5,9.776,24,1,1,"Flat"
"5f4deb2cc3368e9b3de01170",123,"4","twice","week 2",0,5,12.109,24,1,1,"Flat"
"5f4deb2cc3368e9b3de01170",123,"5","twice","week 2",0,5,11.858,24,1,1,"Flat"
"5f4deb2cc3368e9b3de01170",123,"6","twice","week 2",0,5,11.871,24,1,1,"Flat"
"5f4deb2cc3368e9b3de01170",123,"7","twice","week 2",1,5,8.276,24,1,1,"Flat"
"5f4deb2cc3368e9b3de01170",123,"8","twice","week 2",1,5,7.247,24,1,1,"Flat"
"5f4e5ea5e09f510272988eee",298,"1","twice","week 1",0,5,7.943,26,1,0,"PPM"
"5f4e5ea5e09f510272988eee",298,"2","twice","week 1",1,5,21.906,26,1,0,"PPM"
"5f4e5ea5e09f510272988eee",298,"3","twice","week 1",0,5,11.239,26,1,0,"PPM"
"5f4e5ea5e09f510272988eee",298,"4","twice","week 1",0,5,3.705,26,1,0,"PPM"
"5f4e5ea5e09f510272988eee",298,"5","twice","week 1",0,5,6.604,26,1,0,"PPM"
"5f4e5ea5e09f510272988eee",298,"6","twice","week 1",0,5,12.898,26,1,0,"PPM"
"5f4e5ea5e09f510272988eee",298,"7","twice","week 1",0,5,10.414,26,1,0,"PPM"
"5f4e5ea5e09f510272988eee",298,"8","twice","week 1",0,5,12.629,26,1,0,"PPM"
"5f4e6581cc17d40391914c45",327,"1","twice","week 1",0,5,6.556,30,0,0,"PPM"
"5f4e6581cc17d40391914c45",327,"2","twice","week 1",0,5,10.444,30,0,0,"PPM"
"5f4e6581cc17d40391914c45",327,"3","twice","week 1",0,5,7.539,30,0,0,"PPM"
"5f4e6581cc17d40391914c45",327,"4","twice","week 1",0,5,11.04,30,0,0,"PPM"
"5f4e6581cc17d40391914c45",327,"5","twice","week 1",0,5,14.293,30,0,0,"PPM"
"5f4e6581cc17d40391914c45",327,"6","twice","week 1",0,5,9.592,30,0,0,"PPM"
"5f4e6581cc17d40391914c45",327,"7","twice","week 1",0,5,15.543,30,0,0,"PPM"
"5f4e6581cc17d40391914c45",327,"8","twice","week 1",0,5,7.192,30,0,0,"PPM"
"5f4f5d8a9468440009ed7a67",134,"1","twice","week 2",1,5,9.395,19,0,0,"Flat-PastRate"
"5f4f5d8a9468440009ed7a67",134,"2","twice","week 2",0,5,6.566,19,0,0,"Flat-PastRate"
"5f4f5d8a9468440009ed7a67",134,"3","twice","week 2",0,5,8.587,19,0,0,"Flat-PastRate"
"5f4f5d8a9468440009ed7a67",134,"4","twice","week 2",0,5,5.33,19,0,0,"Flat-PastRate"
"5f4f5d8a9468440009ed7a67",134,"5","twice","week 2",0,5,4.065,19,0,0,"Flat-PastRate"
"5f4f5d8a9468440009ed7a67",134,"6","twice","week 2",0,5,3.599,19,0,0,"Flat-PastRate"
"5f4f5d8a9468440009ed7a67",134,"7","twice","week 2",0,5,8.397,19,0,0,"Flat-PastRate"
"5f4f5d8a9468440009ed7a67",134,"8","twice","week 2",0,5,10.095,19,0,0,"Flat-PastRate"
"5f4fd15e9468440edbfefa34",157,"1","once","week 1",0,5,5.193,18,0,1,"PPM"
"5f4fd15e9468440edbfefa34",157,"2","once","week 1",0,5,3.276,18,0,1,"PPM"
"5f4fd15e9468440edbfefa34",157,"3","once","week 1",0,5,3.254,18,0,1,"PPM"
"5f4fd15e9468440edbfefa34",157,"4","once","week 1",1,5,3.863,18,0,1,"PPM"
"5f4fd15e9468440edbfefa34",157,"5","once","week 1",1,5,4.373,18,0,1,"PPM"
"5f4fd15e9468440edbfefa34",157,"6","once","week 1",0,5,4.401,18,0,1,"PPM"
"5f4fd15e9468440edbfefa34",157,"7","once","week 1",0,5,7.743,18,0,1,"PPM"
"5f4fd15e9468440edbfefa34",157,"8","once","week 1",1,5,65.68,18,0,1,"PPM"
"5f4fd83ee29c990ff18bb7eb",426,"1","once","week 2",0,5,9.595,20,0,0,"Flat-PastRate"
"5f4fd83ee29c990ff18bb7eb",426,"2","once","week 2",0,5,16.338,20,0,0,"Flat-PastRate"
"5f4fd83ee29c990ff18bb7eb",426,"3","once","week 2",0,5,6.127,20,0,0,"Flat-PastRate"
"5f4fd83ee29c990ff18bb7eb",426,"4","once","week 2",1,5,11.981,20,0,0,"Flat-PastRate"
"5f4fd83ee29c990ff18bb7eb",426,"5","once","week 2",1,5,14.35,20,0,0,"Flat-PastRate"
"5f4fd83ee29c990ff18bb7eb",426,"6","once","week 2",1,5,15.758,20,0,0,"Flat-PastRate"
"5f4fd83ee29c990ff18bb7eb",426,"7","once","week 2",0,5,8.757,20,0,0,"Flat-PastRate"
"5f4fd83ee29c990ff18bb7eb",426,"8","once","week 2",0,5,5.515,20,0,0,"Flat-PastRate"
"5f50d2ed14987325962c64dc",212,"1","once","week 1",0,5,6.484,18,1,0,"PPM"
"5f50d2ed14987325962c64dc",212,"2","once","week 1",1,5,8.785,18,1,0,"PPM"
"5f50d2ed14987325962c64dc",212,"3","once","week 1",0,5,10.391,18,1,0,"PPM"
"5f50d2ed14987325962c64dc",212,"4","once","week 1",0,5,10.017,18,1,0,"PPM"
"5f50d2ed14987325962c64dc",212,"5","once","week 1",1,5,21.418,18,1,0,"PPM"
"5f50d2ed14987325962c64dc",212,"6","once","week 1",0,5,7.219,18,1,0,"PPM"
"5f50d2ed14987325962c64dc",212,"7","once","week 1",0,5,5.972,18,1,0,"PPM"
"5f50d2ed14987325962c64dc",212,"8","once","week 1",0,5,11.045,18,1,0,"PPM"
"5f511e2496d3151149711074",161,"1","twice","week 2",0,5,5.652,23,1,0,"PPM"
"5f511e2496d3151149711074",161,"2","twice","week 2",1,5,9.717,23,1,0,"PPM"
"5f511e2496d3151149711074",161,"3","twice","week 2",1,5,7.278,23,1,0,"PPM"
"5f511e2496d3151149711074",161,"4","twice","week 2",0,5,4.601,23,1,0,"PPM"
"5f511e2496d3151149711074",161,"5","twice","week 2",1,5,7.219,23,1,0,"PPM"
"5f511e2496d3151149711074",161,"6","twice","week 2",0,5,9.101,23,1,0,"PPM"
"5f511e2496d3151149711074",161,"7","twice","week 2",1,5,5.569,23,1,0,"PPM"
"5f511e2496d3151149711074",161,"8","twice","week 2",0,5,9.161,23,1,0,"PPM"
"5f511eed82c8f6108cbec10d",100,"1","once","week 1",1,1,2.966,22,0,1,"Flat"
"5f511eed82c8f6108cbec10d",100,"2","once","week 1",0,1,4.2,22,0,1,"Flat"
"5f511eed82c8f6108cbec10d",100,"3","once","week 1",1,1,4.173,22,0,1,"Flat"
"5f511eed82c8f6108cbec10d",100,"4","once","week 1",0,1,6.53,22,0,1,"Flat"
"5f511eed82c8f6108cbec10d",100,"5","once","week 1",1,1,4.193,22,0,1,"Flat"
"5f511eed82c8f6108cbec10d",100,"6","once","week 1",0,1,7.464,22,0,1,"Flat"
"5f511eed82c8f6108cbec10d",100,"7","once","week 1",1,1,5.226,22,0,1,"Flat"
"5f511eed82c8f6108cbec10d",100,"8","once","week 1",0,1,6.11,22,0,1,"Flat"
"5f52281e2ddb144912e83850",127,"1","twice","week 1",0,5,2.206,21,1,1,"Flat"
"5f52281e2ddb144912e83850",127,"2","twice","week 1",0,5,2.83,21,1,1,"Flat"
"5f52281e2ddb144912e83850",127,"3","twice","week 1",0,5,3.159,21,1,1,"Flat"
"5f52281e2ddb144912e83850",127,"4","twice","week 1",0,5,3.286,21,1,1,"Flat"
"5f52281e2ddb144912e83850",127,"5","twice","week 1",0,5,4.411,21,1,1,"Flat"
"5f52281e2ddb144912e83850",127,"6","twice","week 1",0,5,3.187,21,1,1,"Flat"
"5f52281e2ddb144912e83850",127,"7","twice","week 1",0,5,8.078,21,1,1,"Flat"
"5f52281e2ddb144912e83850",127,"8","twice","week 1",1,5,5.662,21,1,1,"Flat"
"5f5244fc0cd9d54b759009b4",205,"1","twice","week 1",0,5,3.818,26,0,0,"Flat"
"5f5244fc0cd9d54b759009b4",205,"2","twice","week 1",0,5,18.895,26,0,0,"Flat"
"5f5244fc0cd9d54b759009b4",205,"3","twice","week 1",0,5,8.219,26,0,0,"Flat"
"5f5244fc0cd9d54b759009b4",205,"4","twice","week 1",0,5,3.606,26,0,0,"Flat"
"5f5244fc0cd9d54b759009b4",205,"5","twice","week 1",1,5,22.174,26,0,0,"Flat"
"5f5244fc0cd9d54b759009b4",205,"6","twice","week 1",0,5,4.485,26,0,0,"Flat"
"5f5244fc0cd9d54b759009b4",205,"7","twice","week 1",0,5,14.977,26,0,0,"Flat"
"5f5244fc0cd9d54b759009b4",205,"8","twice","week 1",0,5,4.316,26,0,0,"Flat"
"5f5265167ef2f0508471c6f5",139,"1","once","week 1",0,5,2.393,24,0,1,"PPM"
"5f5265167ef2f0508471c6f5",139,"2","once","week 1",1,5,5.078,24,0,1,"PPM"
"5f5265167ef2f0508471c6f5",139,"3","once","week 1",0,5,8.931,24,0,1,"PPM"
"5f5265167ef2f0508471c6f5",139,"4","once","week 1",0,5,7.291,24,0,1,"PPM"
"5f5265167ef2f0508471c6f5",139,"5","once","week 1",0,5,6.842,24,0,1,"PPM"
"5f5265167ef2f0508471c6f5",139,"6","once","week 1",0,5,4.895,24,0,1,"PPM"
"5f5265167ef2f0508471c6f5",139,"7","once","week 1",0,5,6.976,24,0,1,"PPM"
"5f5265167ef2f0508471c6f5",139,"8","once","week 1",1,5,10.643,24,0,1,"PPM"
"5f527fcb94f94754853db0e2",134,"1","once","week 1",0,5,4.417,24,1,1,"Flat-PastRate"
"5f527fcb94f94754853db0e2",134,"2","once","week 1",1,5,3.694,24,1,1,"Flat-PastRate"
"5f527fcb94f94754853db0e2",134,"3","once","week 1",0,5,8.477,24,1,1,"Flat-PastRate"
"5f527fcb94f94754853db0e2",134,"4","once","week 1",0,5,6.476,24,1,1,"Flat-PastRate"
"5f527fcb94f94754853db0e2",134,"5","once","week 1",1,5,5.607,24,1,1,"Flat-PastRate"
"5f527fcb94f94754853db0e2",134,"6","once","week 1",0,5,7.236,24,1,1,"Flat-PastRate"
"5f527fcb94f94754853db0e2",134,"7","once","week 1",1,5,5.369,24,1,1,"Flat-PastRate"
"5f527fcb94f94754853db0e2",134,"8","once","week 1",0,5,3.711,24,1,1,"Flat-PastRate"
"5f529a2d59f07c03f6c2f27f",336,"1","once","week 2",0,4,9.096,21,1,0,"PPM"
"5f529a2d59f07c03f6c2f27f",336,"2","once","week 2",0,4,8.785,21,1,0,"PPM"
"5f529a2d59f07c03f6c2f27f",336,"3","once","week 2",0,4,12.378,21,1,0,"PPM"
"5f529a2d59f07c03f6c2f27f",336,"4","once","week 2",0,4,4,21,1,0,"PPM"
"5f529a2d59f07c03f6c2f27f",336,"5","once","week 2",0,4,24.492,21,1,0,"PPM"
"5f529a2d59f07c03f6c2f27f",336,"6","once","week 2",0,4,5.2,21,1,0,"PPM"
"5f529a2d59f07c03f6c2f27f",336,"7","once","week 2",1,4,8.747,21,1,0,"PPM"
"5f529a2d59f07c03f6c2f27f",336,"8","once","week 2",0,4,5.717,21,1,0,"PPM"
"5f52ce46d4ac645dcddbfcaa",93,"1","twice","week 1",0,5,4.736,19,0,0,"Flat-PastRate"
"5f52ce46d4ac645dcddbfcaa",93,"2","twice","week 1",0,5,4.148,19,0,0,"Flat-PastRate"
"5f52ce46d4ac645dcddbfcaa",93,"3","twice","week 1",0,5,4.762,19,0,0,"Flat-PastRate"
"5f52ce46d4ac645dcddbfcaa",93,"4","twice","week 1",0,5,3.357,19,0,0,"Flat-PastRate"
"5f52ce46d4ac645dcddbfcaa",93,"5","twice","week 1",0,5,4.077,19,0,0,"Flat-PastRate"
"5f52ce46d4ac645dcddbfcaa",93,"6","twice","week 1",0,5,3.762,19,0,0,"Flat-PastRate"
"5f52ce46d4ac645dcddbfcaa",93,"7","twice","week 1",0,5,5.126,19,0,0,"Flat-PastRate"
"5f52ce46d4ac645dcddbfcaa",93,"8","twice","week 1",0,5,8.871,19,0,0,"Flat-PastRate"
"5f56a4525e6f8a0fc2596d89",77,"1","once","week 2",0,5,2.086,23,0,1,"Flat"
"5f56a4525e6f8a0fc2596d89",77,"2","once","week 2",1,5,2.793,23,0,1,"Flat"
"5f56a4525e6f8a0fc2596d89",77,"3","once","week 2",1,5,3.847,23,0,1,"Flat"
"5f56a4525e6f8a0fc2596d89",77,"4","once","week 2",0,5,2.195,23,0,1,"Flat"
"5f56a4525e6f8a0fc2596d89",77,"5","once","week 2",1,5,6.972,23,0,1,"Flat"
"5f56a4525e6f8a0fc2596d89",77,"6","once","week 2",0,5,5.375,23,0,1,"Flat"
"5f56a4525e6f8a0fc2596d89",77,"7","once","week 2",1,5,3.093,23,0,1,"Flat"
"5f56a4525e6f8a0fc2596d89",77,"8","once","week 2",0,5,3.207,23,0,1,"Flat"
"5f57f03892080132c51f93f6",201,"1","once","week 2",1,5,10.463,19,1,1,"PPM"
"5f57f03892080132c51f93f6",201,"2","once","week 2",1,5,7.785,19,1,1,"PPM"
"5f57f03892080132c51f93f6",201,"3","once","week 2",1,5,4.739,19,1,1,"PPM"
"5f57f03892080132c51f93f6",201,"4","once","week 2",1,5,14.835,19,1,1,"PPM"
"5f57f03892080132c51f93f6",201,"5","once","week 2",0,5,13.752,19,1,1,"PPM"
"5f57f03892080132c51f93f6",201,"6","once","week 2",0,5,8.327,19,1,1,"PPM"
"5f57f03892080132c51f93f6",201,"7","once","week 2",1,5,5.447,19,1,1,"PPM"
"5f57f03892080132c51f93f6",201,"8","once","week 2",0,5,10.006,19,1,1,"PPM"
"5f58b25e772a91034ff865b7",117,"1","once","week 1",0,5,4.642,18,1,1,"Flat"
"5f58b25e772a91034ff865b7",117,"2","once","week 1",1,5,4.172,18,1,1,"Flat"
"5f58b25e772a91034ff865b7",117,"3","once","week 1",1,5,6.255,18,1,1,"Flat"
"5f58b25e772a91034ff865b7",117,"4","once","week 1",1,5,4.768,18,1,1,"Flat"
"5f58b25e772a91034ff865b7",117,"5","once","week 1",1,5,5.418,18,1,1,"Flat"
"5f58b25e772a91034ff865b7",117,"6","once","week 1",1,5,4.91,18,1,1,"Flat"
"5f58b25e772a91034ff865b7",117,"7","once","week 1",0,5,8.527,18,1,1,"Flat"
"5f58b25e772a91034ff865b7",117,"8","once","week 1",0,5,3.725,18,1,1,"Flat"
"5f58beea896e94044ac91cf6",195,"1","once","week 1",0,5,2.954,24,1,1,"Flat-PastRate"
"5f58beea896e94044ac91cf6",195,"2","once","week 1",1,5,4.7,24,1,1,"Flat-PastRate"
"5f58beea896e94044ac91cf6",195,"3","once","week 1",1,5,10.7,24,1,1,"Flat-PastRate"
"5f58beea896e94044ac91cf6",195,"4","once","week 1",0,5,13.9,24,1,1,"Flat-PastRate"
"5f58beea896e94044ac91cf6",195,"5","once","week 1",1,5,20.175,24,1,1,"Flat-PastRate"
"5f58beea896e94044ac91cf6",195,"6","once","week 1",0,5,6.285,24,1,1,"Flat-PastRate"
"5f58beea896e94044ac91cf6",195,"7","once","week 1",1,5,6.939,24,1,1,"Flat-PastRate"
"5f58beea896e94044ac91cf6",195,"8","once","week 1",0,5,3.893,24,1,1,"Flat-PastRate"
"5f58c51ec2465204eab77036",153,"1","twice","week 2",0,5,6.743,21,1,1,"Flat"
"5f58c51ec2465204eab77036",153,"2","twice","week 2",0,5,3.605,21,1,1,"Flat"
"5f58c51ec2465204eab77036",153,"3","twice","week 2",0,5,8.636,21,1,1,"Flat"
"5f58c51ec2465204eab77036",153,"4","twice","week 2",0,5,5.911,21,1,1,"Flat"
"5f58c51ec2465204eab77036",153,"5","twice","week 2",0,5,8.048,21,1,1,"Flat"
"5f58c51ec2465204eab77036",153,"6","twice","week 2",0,5,15.835,21,1,1,"Flat"
"5f58c51ec2465204eab77036",153,"7","twice","week 2",0,5,6.044,21,1,1,"Flat"
"5f58c51ec2465204eab77036",153,"8","twice","week 2",0,5,19.831,21,1,1,"Flat"
"5f58f55dbf27550b01e8dfb3",171,"1","twice","week 2",0,5,6.757,22,1,1,"Flat-PastRate"
"5f58f55dbf27550b01e8dfb3",171,"2","twice","week 2",1,5,12.282,22,1,1,"Flat-PastRate"
"5f58f55dbf27550b01e8dfb3",171,"3","twice","week 2",0,5,8.11,22,1,1,"Flat-PastRate"
"5f58f55dbf27550b01e8dfb3",171,"4","twice","week 2",0,5,6.453,22,1,1,"Flat-PastRate"
"5f58f55dbf27550b01e8dfb3",171,"5","twice","week 2",0,5,8.374,22,1,1,"Flat-PastRate"
"5f58f55dbf27550b01e8dfb3",171,"6","twice","week 2",0,5,7.395,22,1,1,"Flat-PastRate"
"5f58f55dbf27550b01e8dfb3",171,"7","twice","week 2",0,5,7.215,22,1,1,"Flat-PastRate"
"5f58f55dbf27550b01e8dfb3",171,"8","twice","week 2",0,5,10.565,22,1,1,"Flat-PastRate"
"5f58f80199fe990bc281f681",132,"1","twice","week 2",0,5,4.432,18,0,1,"Flat-PastRate"
"5f58f80199fe990bc281f681",132,"2","twice","week 2",1,5,8.445,18,0,1,"Flat-PastRate"
"5f58f80199fe990bc281f681",132,"3","twice","week 2",0,5,6.116,18,0,1,"Flat-PastRate"
"5f58f80199fe990bc281f681",132,"4","twice","week 2",0,5,4.788,18,0,1,"Flat-PastRate"
"5f58f80199fe990bc281f681",132,"5","twice","week 2",0,5,8.338,18,0,1,"Flat-PastRate"
"5f58f80199fe990bc281f681",132,"6","twice","week 2",0,5,10.464,18,0,1,"Flat-PastRate"
"5f58f80199fe990bc281f681",132,"7","twice","week 2",0,5,5.624,18,0,1,"Flat-PastRate"
"5f58f80199fe990bc281f681",132,"8","twice","week 2",0,5,4.247,18,0,1,"Flat-PastRate"
"5f58fae91feaa10c5607d684",216,"1","twice","week 2",0,5,5.547,32,1,1,"PPM"
"5f58fae91feaa10c5607d684",216,"2","twice","week 2",0,5,21.571,32,1,1,"PPM"
"5f58fae91feaa10c5607d684",216,"3","twice","week 2",1,5,18.222,32,1,1,"PPM"
"5f58fae91feaa10c5607d684",216,"4","twice","week 2",0,5,14.023,32,1,1,"PPM"
"5f58fae91feaa10c5607d684",216,"5","twice","week 2",0,5,9.888,32,1,1,"PPM"
"5f58fae91feaa10c5607d684",216,"6","twice","week 2",0,5,8.301,32,1,1,"PPM"
"5f58fae91feaa10c5607d684",216,"7","twice","week 2",1,5,25.624,32,1,1,"PPM"
"5f58fae91feaa10c5607d684",216,"8","twice","week 2",0,5,5.676,32,1,1,"PPM"
"5f5977519eca0e1cfc1085e3",99,"1","twice","week 1",0,5,2.891,22,0,1,"Flat-PastRate"
"5f5977519eca0e1cfc1085e3",99,"2","twice","week 1",1,5,3.469,22,0,1,"Flat-PastRate"
"5f5977519eca0e1cfc1085e3",99,"3","twice","week 1",1,5,7.147,22,0,1,"Flat-PastRate"
"5f5977519eca0e1cfc1085e3",99,"4","twice","week 1",1,5,5.417,22,0,1,"Flat-PastRate"
"5f5977519eca0e1cfc1085e3",99,"5","twice","week 1",1,5,4.9,22,0,1,"Flat-PastRate"
"5f5977519eca0e1cfc1085e3",99,"6","twice","week 1",0,5,6.215,22,0,1,"Flat-PastRate"
"5f5977519eca0e1cfc1085e3",99,"7","twice","week 1",1,5,7.587,22,0,1,"Flat-PastRate"
"5f5977519eca0e1cfc1085e3",99,"8","twice","week 1",0,5,5.286,22,0,1,"Flat-PastRate"
"5f5b6d590adc3929cbf17ab8",103,"1","twice","week 2",0,5,4.911,21,1,1,"PPM"
"5f5b6d590adc3929cbf17ab8",103,"2","twice","week 2",0,5,3.217,21,1,1,"PPM"
"5f5b6d590adc3929cbf17ab8",103,"3","twice","week 2",0,5,3.074,21,1,1,"PPM"
"5f5b6d590adc3929cbf17ab8",103,"4","twice","week 2",0,5,2.8,21,1,1,"PPM"
"5f5b6d590adc3929cbf17ab8",103,"5","twice","week 2",1,5,5.501,21,1,1,"PPM"
"5f5b6d590adc3929cbf17ab8",103,"6","twice","week 2",0,5,3.097,21,1,1,"PPM"
"5f5b6d590adc3929cbf17ab8",103,"7","twice","week 2",1,5,2.998,21,1,1,"PPM"
"5f5b6d590adc3929cbf17ab8",103,"8","twice","week 2",0,5,2.65,21,1,1,"PPM"
"5f5d010efeaaf952e80dfd4d",122,"1","twice","week 1",0,5,6.785,18,0,0,"Flat"
"5f5d010efeaaf952e80dfd4d",122,"2","twice","week 1",1,5,2.119,18,0,0,"Flat"
"5f5d010efeaaf952e80dfd4d",122,"3","twice","week 1",0,5,5.39,18,0,0,"Flat"
"5f5d010efeaaf952e80dfd4d",122,"4","twice","week 1",0,5,3.417,18,0,0,"Flat"
"5f5d010efeaaf952e80dfd4d",122,"5","twice","week 1",0,5,7.769,18,0,0,"Flat"
"5f5d010efeaaf952e80dfd4d",122,"6","twice","week 1",0,5,9.041,18,0,0,"Flat"
"5f5d010efeaaf952e80dfd4d",122,"7","twice","week 1",0,5,4.125,18,0,0,"Flat"
"5f5d010efeaaf952e80dfd4d",122,"8","twice","week 1",0,5,2.871,18,0,0,"Flat"
"5f5d4a91bacc025992479115",158,"1","twice","week 2",0,5,13.514,20,1,1,"PPM"
"5f5d4a91bacc025992479115",158,"2","twice","week 2",1,5,5.249,20,1,1,"PPM"
"5f5d4a91bacc025992479115",158,"3","twice","week 2",1,5,5.899,20,1,1,"PPM"
"5f5d4a91bacc025992479115",158,"4","twice","week 2",0,5,7.233,20,1,1,"PPM"
"5f5d4a91bacc025992479115",158,"5","twice","week 2",1,5,3.344,20,1,1,"PPM"
"5f5d4a91bacc025992479115",158,"6","twice","week 2",0,5,9.409,20,1,1,"PPM"
"5f5d4a91bacc025992479115",158,"7","twice","week 2",1,5,5.682,20,1,1,"PPM"
"5f5d4a91bacc025992479115",158,"8","twice","week 2",0,5,11.032,20,1,1,"PPM"
"5f5e77740bfb351138cab0c5",134,"1","twice","week 2",1,5,5.655,32,1,1,"Flat"
"5f5e77740bfb351138cab0c5",134,"2","twice","week 2",1,5,5.343,32,1,1,"Flat"
"5f5e77740bfb351138cab0c5",134,"3","twice","week 2",0,5,11.702,32,1,1,"Flat"
"5f5e77740bfb351138cab0c5",134,"4","twice","week 2",1,5,6.836,32,1,1,"Flat"
"5f5e77740bfb351138cab0c5",134,"5","twice","week 2",1,5,6.375,32,1,1,"Flat"
"5f5e77740bfb351138cab0c5",134,"6","twice","week 2",1,5,6.678,32,1,1,"Flat"
"5f5e77740bfb351138cab0c5",134,"7","twice","week 2",1,5,23.215,32,1,1,"Flat"
"5f5e77740bfb351138cab0c5",134,"8","twice","week 2",0,5,18.857,32,1,1,"Flat"
"5f5f4c36cc787c0009e4d19c",144,"1","once","week 1",0,5,7.014,23,0,1,"PPM"
"5f5f4c36cc787c0009e4d19c",144,"2","once","week 1",1,5,3.465,23,0,1,"PPM"
"5f5f4c36cc787c0009e4d19c",144,"3","once","week 1",1,5,10.007,23,0,1,"PPM"
"5f5f4c36cc787c0009e4d19c",144,"4","once","week 1",0,5,2.196,23,0,1,"PPM"
"5f5f4c36cc787c0009e4d19c",144,"5","once","week 1",1,5,6.006,23,0,1,"PPM"
"5f5f4c36cc787c0009e4d19c",144,"6","once","week 1",0,5,6.264,23,0,1,"PPM"
"5f5f4c36cc787c0009e4d19c",144,"7","once","week 1",1,5,7.459,23,0,1,"PPM"
"5f5f4c36cc787c0009e4d19c",144,"8","once","week 1",0,5,1.812,23,0,1,"PPM"
"5f5f72d80c064e02b8662ced",192,"1","once","week 1",0,4,4.551,19,0,1,"Flat"
"5f5f72d80c064e02b8662ced",192,"2","once","week 1",1,4,5.424,19,0,1,"Flat"
"5f5f72d80c064e02b8662ced",192,"3","once","week 1",0,4,8.705,19,0,1,"Flat"
"5f5f72d80c064e02b8662ced",192,"4","once","week 1",0,4,9.81,19,0,1,"Flat"
"5f5f72d80c064e02b8662ced",192,"5","once","week 1",1,4,15.829,19,0,1,"Flat"
"5f5f72d80c064e02b8662ced",192,"6","once","week 1",1,4,10.809,19,0,1,"Flat"
"5f5f72d80c064e02b8662ced",192,"7","once","week 1",1,4,15.421,19,0,1,"Flat"
"5f5f72d80c064e02b8662ced",192,"8","once","week 1",0,4,5.465,19,0,1,"Flat"
"5f5f7ca62445b10428933069",138,"1","twice","week 1",0,5,5.078,18,0,1,"Flat-PastRate"
"5f5f7ca62445b10428933069",138,"2","twice","week 1",1,5,8.083,18,0,1,"Flat-PastRate"
"5f5f7ca62445b10428933069",138,"3","twice","week 1",0,5,11.779,18,0,1,"Flat-PastRate"
"5f5f7ca62445b10428933069",138,"4","twice","week 1",0,5,3.891,18,0,1,"Flat-PastRate"
"5f5f7ca62445b10428933069",138,"5","twice","week 1",1,5,8.842,18,0,1,"Flat-PastRate"
"5f5f7ca62445b10428933069",138,"6","twice","week 1",0,5,7.701,18,0,1,"Flat-PastRate"
"5f5f7ca62445b10428933069",138,"7","twice","week 1",1,5,8.876,18,0,1,"Flat-PastRate"
"5f5f7ca62445b10428933069",138,"8","twice","week 1",0,5,7.388,18,0,1,"Flat-PastRate"
"5f5f8c538c9075064b38315f",110,"1","once","week 1",0,5,3.147,23,1,1,"Flat"
"5f5f8c538c9075064b38315f",110,"2","once","week 1",0,5,8.938,23,1,1,"Flat"
"5f5f8c538c9075064b38315f",110,"3","once","week 1",0,5,4.111,23,1,1,"Flat"
"5f5f8c538c9075064b38315f",110,"4","once","week 1",0,5,2.515,23,1,1,"Flat"
"5f5f8c538c9075064b38315f",110,"5","once","week 1",1,5,7.585,23,1,1,"Flat"
"5f5f8c538c9075064b38315f",110,"6","once","week 1",0,5,2.891,23,1,1,"Flat"
"5f5f8c538c9075064b38315f",110,"7","once","week 1",1,5,5.069,23,1,1,"Flat"
"5f5f8c538c9075064b38315f",110,"8","once","week 1",0,5,3.362,23,1,1,"Flat"
"5f60d8caba1ab304f1fe19eb",139,"1","twice","week 2",0,5,8.548,21,0,1,"Flat"
"5f60d8caba1ab304f1fe19eb",139,"2","twice","week 2",0,5,6.244,21,0,1,"Flat"
"5f60d8caba1ab304f1fe19eb",139,"3","twice","week 2",0,5,3.201,21,0,1,"Flat"
"5f60d8caba1ab304f1fe19eb",139,"4","twice","week 2",1,5,21.095,21,0,1,"Flat"
"5f60d8caba1ab304f1fe19eb",139,"5","twice","week 2",0,5,3.797,21,0,1,"Flat"
"5f60d8caba1ab304f1fe19eb",139,"6","twice","week 2",1,5,9.822,21,0,1,"Flat"
"5f60d8caba1ab304f1fe19eb",139,"7","twice","week 2",0,5,12.922,21,0,1,"Flat"
"5f60d8caba1ab304f1fe19eb",139,"8","twice","week 2",0,5,8.192,21,0,1,"Flat"
"5f610965f358ec05e6e10d7a",199,"1","once","week 2",1,5,7.496,21,1,1,"PPM"
"5f610965f358ec05e6e10d7a",199,"2","once","week 2",1,5,6.297,21,1,1,"PPM"
"5f610965f358ec05e6e10d7a",199,"3","once","week 2",1,5,7.064,21,1,1,"PPM"
"5f610965f358ec05e6e10d7a",199,"4","once","week 2",1,5,11.148,21,1,1,"PPM"
"5f610965f358ec05e6e10d7a",199,"5","once","week 2",1,5,4.802,21,1,1,"PPM"
"5f610965f358ec05e6e10d7a",199,"6","once","week 2",1,5,15.885,21,1,1,"PPM"
"5f610965f358ec05e6e10d7a",199,"7","once","week 2",1,5,4.299,21,1,1,"PPM"
"5f610965f358ec05e6e10d7a",199,"8","once","week 2",0,5,8.091,21,1,1,"PPM"
"5f623c7b7426e2127444bd50",133,"1","once","week 1",1,5,4.747,25,0,1,"Flat"
"5f623c7b7426e2127444bd50",133,"2","once","week 1",1,5,3.798,25,0,1,"Flat"
"5f623c7b7426e2127444bd50",133,"3","once","week 1",1,5,10.518,25,0,1,"Flat"
"5f623c7b7426e2127444bd50",133,"4","once","week 1",0,5,9.788,25,0,1,"Flat"
"5f623c7b7426e2127444bd50",133,"5","once","week 1",0,5,15.164,25,0,1,"Flat"
"5f623c7b7426e2127444bd50",133,"6","once","week 1",0,5,3.665,25,0,1,"Flat"
"5f623c7b7426e2127444bd50",133,"7","once","week 1",0,5,11.411,25,0,1,"Flat"
"5f623c7b7426e2127444bd50",133,"8","once","week 1",0,5,5.524,25,0,1,"Flat"
"5f646952bf0cff1f0777181c",164,"1","twice","week 2",1,5,6.824,22,1,1,"Flat"
"5f646952bf0cff1f0777181c",164,"2","twice","week 2",0,5,10.653,22,1,1,"Flat"
"5f646952bf0cff1f0777181c",164,"3","twice","week 2",1,5,10.832,22,1,1,"Flat"
"5f646952bf0cff1f0777181c",164,"4","twice","week 2",0,5,10.475,22,1,1,"Flat"
"5f646952bf0cff1f0777181c",164,"5","twice","week 2",0,5,11.5,22,1,1,"Flat"
"5f646952bf0cff1f0777181c",164,"6","twice","week 2",0,5,4.798,22,1,1,"Flat"
"5f646952bf0cff1f0777181c",164,"7","twice","week 2",0,5,8.428,22,1,1,"Flat"
"5f646952bf0cff1f0777181c",164,"8","twice","week 2",0,5,3.971,22,1,1,"Flat"
"5f65cf7c66875b15254e554e",120,"1","twice","week 2",0,5,3.914,23,1,0,"Flat-PastRate"
"5f65cf7c66875b15254e554e",120,"2","twice","week 2",1,5,3.209,23,1,0,"Flat-PastRate"
"5f65cf7c66875b15254e554e",120,"3","twice","week 2",0,5,6.747,23,1,0,"Flat-PastRate"
"5f65cf7c66875b15254e554e",120,"4","twice","week 2",0,5,6.155,23,1,0,"Flat-PastRate"
"5f65cf7c66875b15254e554e",120,"5","twice","week 2",0,5,11.238,23,1,0,"Flat-PastRate"
"5f65cf7c66875b15254e554e",120,"6","twice","week 2",0,5,4.158,23,1,0,"Flat-PastRate"
"5f65cf7c66875b15254e554e",120,"7","twice","week 2",1,5,9.561,23,1,0,"Flat-PastRate"
"5f65cf7c66875b15254e554e",120,"8","twice","week 2",0,5,5.75,23,1,0,"Flat-PastRate"
"5f6639eba13dc00cc15d2c67",94,"1","twice","week 1",0,5,3.559,20,1,1,"Flat-PastRate"
"5f6639eba13dc00cc15d2c67",94,"2","twice","week 1",0,5,11.306,20,1,1,"Flat-PastRate"
"5f6639eba13dc00cc15d2c67",94,"3","twice","week 1",1,5,7.244,20,1,1,"Flat-PastRate"
"5f6639eba13dc00cc15d2c67",94,"4","twice","week 1",0,5,4.118,20,1,1,"Flat-PastRate"
"5f6639eba13dc00cc15d2c67",94,"5","twice","week 1",0,5,12.344,20,1,1,"Flat-PastRate"
"5f6639eba13dc00cc15d2c67",94,"6","twice","week 1",0,5,3.473,20,1,1,"Flat-PastRate"
"5f6639eba13dc00cc15d2c67",94,"7","twice","week 1",1,5,4.627,20,1,1,"Flat-PastRate"
"5f6639eba13dc00cc15d2c67",94,"8","twice","week 1",0,5,4.383,20,1,1,"Flat-PastRate"
"5f66ae572676192a019bd7e1",206,"1","once","week 1",1,5,4.46,18,1,0,"Flat"
"5f66ae572676192a019bd7e1",206,"2","once","week 1",0,5,4.177,18,1,0,"Flat"
"5f66ae572676192a019bd7e1",206,"3","once","week 1",0,5,5.935,18,1,0,"Flat"
"5f66ae572676192a019bd7e1",206,"4","once","week 1",0,5,3.802,18,1,0,"Flat"
"5f66ae572676192a019bd7e1",206,"5","once","week 1",1,5,7.82,18,1,0,"Flat"
"5f66ae572676192a019bd7e1",206,"6","once","week 1",0,5,4.167,18,1,0,"Flat"
"5f66ae572676192a019bd7e1",206,"7","once","week 1",0,5,4.903,18,1,0,"Flat"
"5f66ae572676192a019bd7e1",206,"8","once","week 1",0,5,4.758,18,1,0,"Flat"
"5f66b46477c78d2af269f094",228,"1","twice","week 2",0,5,8.051,22,0,0,"Flat-PastRate"
"5f66b46477c78d2af269f094",228,"2","twice","week 2",1,5,11.966,22,0,0,"Flat-PastRate"
"5f66b46477c78d2af269f094",228,"3","twice","week 2",1,5,18.138,22,0,0,"Flat-PastRate"
"5f66b46477c78d2af269f094",228,"4","twice","week 2",1,5,15.175,22,0,0,"Flat-PastRate"
"5f66b46477c78d2af269f094",228,"5","twice","week 2",0,5,14.21,22,0,0,"Flat-PastRate"
"5f66b46477c78d2af269f094",228,"6","twice","week 2",0,5,26.593,22,0,0,"Flat-PastRate"
"5f66b46477c78d2af269f094",228,"7","twice","week 2",0,5,12.669,22,0,0,"Flat-PastRate"
"5f66b46477c78d2af269f094",228,"8","twice","week 2",0,5,18.226,22,0,0,"Flat-PastRate"
"5f67377af1af6f32004161cd",177,"1","once","week 2",0,5,3.25,25,0,0,"Flat-PastRate"
"5f67377af1af6f32004161cd",177,"2","once","week 2",0,5,18.298,25,0,0,"Flat-PastRate"
"5f67377af1af6f32004161cd",177,"3","once","week 2",0,5,5.414,25,0,0,"Flat-PastRate"
"5f67377af1af6f32004161cd",177,"4","once","week 2",0,5,4.435,25,0,0,"Flat-PastRate"
"5f67377af1af6f32004161cd",177,"5","once","week 2",0,5,4.124,25,0,0,"Flat-PastRate"
"5f67377af1af6f32004161cd",177,"6","once","week 2",0,5,10.912,25,0,0,"Flat-PastRate"
"5f67377af1af6f32004161cd",177,"7","once","week 2",0,5,38.278,25,0,0,"Flat-PastRate"
"5f67377af1af6f32004161cd",177,"8","once","week 2",1,5,6.9,25,0,0,"Flat-PastRate"
"5f67f9188c686c4474a937c8",127,"1","twice","week 1",0,5,2.337,19,0,0,"PPM"
"5f67f9188c686c4474a937c8",127,"2","twice","week 1",1,5,7.201,19,0,0,"PPM"
"5f67f9188c686c4474a937c8",127,"3","twice","week 1",0,5,3.952,19,0,0,"PPM"
"5f67f9188c686c4474a937c8",127,"4","twice","week 1",0,5,12.609,19,0,0,"PPM"
"5f67f9188c686c4474a937c8",127,"5","twice","week 1",1,5,3.181,19,0,0,"PPM"
"5f67f9188c686c4474a937c8",127,"6","twice","week 1",0,5,3.167,19,0,0,"PPM"
"5f67f9188c686c4474a937c8",127,"7","twice","week 1",0,5,3.334,19,0,0,"PPM"
"5f67f9188c686c4474a937c8",127,"8","twice","week 1",0,5,1.798,19,0,0,"PPM"
"5f68d3072db68d055f37a269",120,"1","once","week 1",1,5,5.747,27,1,1,"Flat-PastRate"
"5f68d3072db68d055f37a269",120,"2","once","week 1",1,5,4.51,27,1,1,"Flat-PastRate"
"5f68d3072db68d055f37a269",120,"3","once","week 1",1,5,6.237,27,1,1,"Flat-PastRate"
"5f68d3072db68d055f37a269",120,"4","once","week 1",1,5,4.746,27,1,1,"Flat-PastRate"
"5f68d3072db68d055f37a269",120,"5","once","week 1",1,5,9.537,27,1,1,"Flat-PastRate"
"5f68d3072db68d055f37a269",120,"6","once","week 1",0,5,8.728,27,1,1,"Flat-PastRate"
"5f68d3072db68d055f37a269",120,"7","once","week 1",1,5,5.223,27,1,1,"Flat-PastRate"
"5f68d3072db68d055f37a269",120,"8","once","week 1",0,5,5.993,27,1,1,"Flat-PastRate"
"5f68e069c74f3f0775307fc6",109,"1","twice","week 2",0,5,6.172,36,1,1,"Flat"
"5f68e069c74f3f0775307fc6",109,"2","twice","week 2",1,5,7.524,36,1,1,"Flat"
"5f68e069c74f3f0775307fc6",109,"3","twice","week 2",0,5,5.685,36,1,1,"Flat"
"5f68e069c74f3f0775307fc6",109,"4","twice","week 2",0,5,3.301,36,1,1,"Flat"
"5f68e069c74f3f0775307fc6",109,"5","twice","week 2",1,5,8.901,36,1,1,"Flat"
"5f68e069c74f3f0775307fc6",109,"6","twice","week 2",0,5,6.465,36,1,1,"Flat"
"5f68e069c74f3f0775307fc6",109,"7","twice","week 2",0,5,6.916,36,1,1,"Flat"
"5f68e069c74f3f0775307fc6",109,"8","twice","week 2",0,5,3.756,36,1,1,"Flat"
"5f68f1e9fe85b20a54b3eb74",228,"1","once","week 2",1,5,12.06,21,0,1,"Flat-PastRate"
"5f68f1e9fe85b20a54b3eb74",228,"2","once","week 2",1,5,10.038,21,0,1,"Flat-PastRate"
"5f68f1e9fe85b20a54b3eb74",228,"3","once","week 2",1,5,11.151,21,0,1,"Flat-PastRate"
"5f68f1e9fe85b20a54b3eb74",228,"4","once","week 2",0,5,8.28,21,0,1,"Flat-PastRate"
"5f68f1e9fe85b20a54b3eb74",228,"5","once","week 2",1,5,16.093,21,0,1,"Flat-PastRate"
"5f68f1e9fe85b20a54b3eb74",228,"6","once","week 2",1,5,31.897,21,0,1,"Flat-PastRate"
"5f68f1e9fe85b20a54b3eb74",228,"7","once","week 2",1,5,14.724,21,0,1,"Flat-PastRate"
"5f68f1e9fe85b20a54b3eb74",228,"8","once","week 2",0,5,12.398,21,0,1,"Flat-PastRate"
"5f69ab16207a77000a7091d9",241,"1","once","week 2",0,5,11.557,24,1,1,"Flat-PastRate"
"5f69ab16207a77000a7091d9",241,"2","once","week 2",1,5,36.908,24,1,1,"Flat-PastRate"
"5f69ab16207a77000a7091d9",241,"3","once","week 2",0,5,7.999,24,1,1,"Flat-PastRate"
"5f69ab16207a77000a7091d9",241,"4","once","week 2",0,5,16.747,24,1,1,"Flat-PastRate"
"5f69ab16207a77000a7091d9",241,"5","once","week 2",1,5,14.722,24,1,1,"Flat-PastRate"
"5f69ab16207a77000a7091d9",241,"6","once","week 2",0,5,17.002,24,1,1,"Flat-PastRate"
"5f69ab16207a77000a7091d9",241,"7","once","week 2",1,5,23.141,24,1,1,"Flat-PastRate"
"5f69ab16207a77000a7091d9",241,"8","once","week 2",0,5,14.966,24,1,1,"Flat-PastRate"
"5f69c514b7dfb7020ee1bcb0",108,"1","once","week 1",0,5,3.379,40,1,1,"Flat"
"5f69c514b7dfb7020ee1bcb0",108,"2","once","week 1",1,5,7.937,40,1,1,"Flat"
"5f69c514b7dfb7020ee1bcb0",108,"3","once","week 1",0,5,7.166,40,1,1,"Flat"
"5f69c514b7dfb7020ee1bcb0",108,"4","once","week 1",0,5,9.118,40,1,1,"Flat"
"5f69c514b7dfb7020ee1bcb0",108,"5","once","week 1",1,5,4.772,40,1,1,"Flat"
"5f69c514b7dfb7020ee1bcb0",108,"6","once","week 1",0,5,3.032,40,1,1,"Flat"
"5f69c514b7dfb7020ee1bcb0",108,"7","once","week 1",1,5,4.722,40,1,1,"Flat"
"5f69c514b7dfb7020ee1bcb0",108,"8","once","week 1",0,5,5.714,40,1,1,"Flat"
"5f69d7337c7dbf0008b2e6d2",759,"1","twice","week 2",1,5,6.164,19,0,1,"PPM"
"5f69d7337c7dbf0008b2e6d2",759,"2","twice","week 2",1,5,42.37,19,0,1,"PPM"
"5f69d7337c7dbf0008b2e6d2",759,"3","twice","week 2",1,5,8.21,19,0,1,"PPM"
"5f69d7337c7dbf0008b2e6d2",759,"4","twice","week 2",0,5,10.258,19,0,1,"PPM"
"5f69d7337c7dbf0008b2e6d2",759,"5","twice","week 2",0,5,11.813,19,0,1,"PPM"
"5f69d7337c7dbf0008b2e6d2",759,"6","twice","week 2",1,5,3.856,19,0,1,"PPM"
"5f69d7337c7dbf0008b2e6d2",759,"7","twice","week 2",0,5,6.442,19,0,1,"PPM"
"5f69d7337c7dbf0008b2e6d2",759,"8","twice","week 2",0,5,8.316,19,0,1,"PPM"
"5f69e100d08cff01c38efba6",153,"1","once","week 2",0,5,3.467,18,1,1,"Flat"
"5f69e100d08cff01c38efba6",153,"2","once","week 2",1,5,8.31,18,1,1,"Flat"
"5f69e100d08cff01c38efba6",153,"3","once","week 2",1,5,9.087,18,1,1,"Flat"
"5f69e100d08cff01c38efba6",153,"4","once","week 2",0,5,4.927,18,1,1,"Flat"
"5f69e100d08cff01c38efba6",153,"5","once","week 2",0,5,6.887,18,1,1,"Flat"
"5f69e100d08cff01c38efba6",153,"6","once","week 2",0,5,5.945,18,1,1,"Flat"
"5f69e100d08cff01c38efba6",153,"7","once","week 2",0,5,8.85,18,1,1,"Flat"
"5f69e100d08cff01c38efba6",153,"8","once","week 2",0,5,5.084,18,1,1,"Flat"
"5f69fde395b6000219fb371c",119,"1","once","week 2",0,5,2.928,21,0,1,"PPM"
"5f69fde395b6000219fb371c",119,"2","once","week 2",0,5,3.432,21,0,1,"PPM"
"5f69fde395b6000219fb371c",119,"3","once","week 2",0,5,3.888,21,0,1,"PPM"
"5f69fde395b6000219fb371c",119,"4","once","week 2",0,5,2.562,21,0,1,"PPM"
"5f69fde395b6000219fb371c",119,"5","once","week 2",1,5,6.618,21,0,1,"PPM"
"5f69fde395b6000219fb371c",119,"6","once","week 2",0,5,5.773,21,0,1,"PPM"
"5f69fde395b6000219fb371c",119,"7","once","week 2",1,5,4.399,21,0,1,"PPM"
"5f69fde395b6000219fb371c",119,"8","once","week 2",0,5,3.219,21,0,1,"PPM"
"5f6a309c9fbd7a0a1a014543",143,"1","twice","week 2",0,5,4.393,33,0,0,"Flat"
"5f6a309c9fbd7a0a1a014543",143,"2","twice","week 2",1,5,10.306,33,0,0,"Flat"
"5f6a309c9fbd7a0a1a014543",143,"3","twice","week 2",0,5,8.579,33,0,0,"Flat"
"5f6a309c9fbd7a0a1a014543",143,"4","twice","week 2",0,5,4.822,33,0,0,"Flat"
"5f6a309c9fbd7a0a1a014543",143,"5","twice","week 2",0,5,10.852,33,0,0,"Flat"
"5f6a309c9fbd7a0a1a014543",143,"6","twice","week 2",0,5,4.955,33,0,0,"Flat"
"5f6a309c9fbd7a0a1a014543",143,"7","twice","week 2",1,5,9.018,33,0,0,"Flat"
"5f6a309c9fbd7a0a1a014543",143,"8","twice","week 2",0,5,8.061,33,0,0,"Flat"
"5f6a4779c24e870dbd45d987",101,"1","once","week 2",0,5,6.823,24,0,1,"PPM"
"5f6a4779c24e870dbd45d987",101,"2","once","week 2",1,5,3.892,24,0,1,"PPM"
"5f6a4779c24e870dbd45d987",101,"3","once","week 2",0,5,3.937,24,0,1,"PPM"
"5f6a4779c24e870dbd45d987",101,"4","once","week 2",0,5,5.577,24,0,1,"PPM"
"5f6a4779c24e870dbd45d987",101,"5","once","week 2",1,5,3.042,24,0,1,"PPM"
"5f6a4779c24e870dbd45d987",101,"6","once","week 2",0,5,15.724,24,0,1,"PPM"
"5f6a4779c24e870dbd45d987",101,"7","once","week 2",1,5,2.718,24,0,1,"PPM"
"5f6a4779c24e870dbd45d987",101,"8","once","week 2",0,5,2.168,24,0,1,"PPM"
"5f6b2dc9c5ebb421370b5f7b",134,"1","once","week 2",0,5,4.087,20,0,1,"PPM"
"5f6b2dc9c5ebb421370b5f7b",134,"2","once","week 2",1,5,9.414,20,0,1,"PPM"
"5f6b2dc9c5ebb421370b5f7b",134,"3","once","week 2",0,5,5.05,20,0,1,"PPM"
"5f6b2dc9c5ebb421370b5f7b",134,"4","once","week 2",0,5,3.709,20,0,1,"PPM"
"5f6b2dc9c5ebb421370b5f7b",134,"5","once","week 2",1,5,8.117,20,0,1,"PPM"
"5f6b2dc9c5ebb421370b5f7b",134,"6","once","week 2",0,5,4.697,20,0,1,"PPM"
"5f6b2dc9c5ebb421370b5f7b",134,"7","once","week 2",1,5,3.792,20,0,1,"PPM"
"5f6b2dc9c5ebb421370b5f7b",134,"8","once","week 2",0,5,12.112,20,0,1,"PPM"
"5f6b3438e9b7710ee0aa69b3",117,"1","once","week 1",0,5,3.451,21,1,1,"PPM"
"5f6b3438e9b7710ee0aa69b3",117,"2","once","week 1",1,5,3.039,21,1,1,"PPM"
"5f6b3438e9b7710ee0aa69b3",117,"3","once","week 1",1,5,6.636,21,1,1,"PPM"
"5f6b3438e9b7710ee0aa69b3",117,"4","once","week 1",0,5,5.491,21,1,1,"PPM"
"5f6b3438e9b7710ee0aa69b3",117,"5","once","week 1",1,5,3.99,21,1,1,"PPM"
"5f6b3438e9b7710ee0aa69b3",117,"6","once","week 1",0,5,4.489,21,1,1,"PPM"
"5f6b3438e9b7710ee0aa69b3",117,"7","once","week 1",1,5,6.308,21,1,1,"PPM"
"5f6b3438e9b7710ee0aa69b3",117,"8","once","week 1",0,5,3.325,21,1,1,"PPM"
"5f6b3ba9c6e2f22337d854bc",168,"1","once","week 2",0,2,2.708,24,1,1,"PPM"
"5f6b3ba9c6e2f22337d854bc",168,"2","once","week 2",1,2,7.565,24,1,1,"PPM"
"5f6b3ba9c6e2f22337d854bc",168,"3","once","week 2",1,2,17.134,24,1,1,"PPM"
"5f6b3ba9c6e2f22337d854bc",168,"4","once","week 2",0,2,4.279,24,1,1,"PPM"
"5f6b3ba9c6e2f22337d854bc",168,"5","once","week 2",1,2,8.152,24,1,1,"PPM"
"5f6b3ba9c6e2f22337d854bc",168,"6","once","week 2",0,2,14.142,24,1,1,"PPM"
"5f6b3ba9c6e2f22337d854bc",168,"7","once","week 2",1,2,3.873,24,1,1,"PPM"
"5f6b3ba9c6e2f22337d854bc",168,"8","once","week 2",0,2,5.618,24,1,1,"PPM"
"5f6b43d30f9f402495c8e5c2",201,"1","once","week 2",0,5,7.031,45,1,1,"PPM"
"5f6b43d30f9f402495c8e5c2",201,"2","once","week 2",0,5,6.024,45,1,1,"PPM"
"5f6b43d30f9f402495c8e5c2",201,"3","once","week 2",0,5,8.999,45,1,1,"PPM"
"5f6b43d30f9f402495c8e5c2",201,"4","once","week 2",0,5,5.866,45,1,1,"PPM"
"5f6b43d30f9f402495c8e5c2",201,"5","once","week 2",0,5,8.048,45,1,1,"PPM"
"5f6b43d30f9f402495c8e5c2",201,"6","once","week 2",0,5,6.473,45,1,1,"PPM"
"5f6b43d30f9f402495c8e5c2",201,"7","once","week 2",1,5,7.608,45,1,1,"PPM"
"5f6b43d30f9f402495c8e5c2",201,"8","once","week 2",0,5,6.59,45,1,1,"PPM"
"5f6b6872bb41e50542605c7d",737,"1","once","week 1",0,5,4.443,18,0,0,"Flat-PastRate"
"5f6b6872bb41e50542605c7d",737,"2","once","week 1",1,5,5.099,18,0,0,"Flat-PastRate"
"5f6b6872bb41e50542605c7d",737,"3","once","week 1",0,5,9.248,18,0,0,"Flat-PastRate"
"5f6b6872bb41e50542605c7d",737,"4","once","week 1",0,5,8.127,18,0,0,"Flat-PastRate"
"5f6b6872bb41e50542605c7d",737,"5","once","week 1",1,5,4.825,18,0,0,"Flat-PastRate"
"5f6b6872bb41e50542605c7d",737,"6","once","week 1",0,5,3.97,18,0,0,"Flat-PastRate"
"5f6b6872bb41e50542605c7d",737,"7","once","week 1",1,5,4.831,18,0,0,"Flat-PastRate"
"5f6b6872bb41e50542605c7d",737,"8","once","week 1",0,5,4.588,18,0,0,"Flat-PastRate"
"5f6b76f22e4b9c070fb0653d",261,"1","once","week 1",0,1,12.374,20,1,1,"Flat-PastRate"
"5f6b76f22e4b9c070fb0653d",261,"2","once","week 1",1,1,13.978,20,1,1,"Flat-PastRate"
"5f6b76f22e4b9c070fb0653d",261,"3","once","week 1",1,1,18.756,20,1,1,"Flat-PastRate"
"5f6b76f22e4b9c070fb0653d",261,"4","once","week 1",0,1,51.05,20,1,1,"Flat-PastRate"
"5f6b76f22e4b9c070fb0653d",261,"5","once","week 1",0,1,14.713,20,1,1,"Flat-PastRate"
"5f6b76f22e4b9c070fb0653d",261,"6","once","week 1",0,1,35.851,20,1,1,"Flat-PastRate"
"5f6b76f22e4b9c070fb0653d",261,"7","once","week 1",0,1,17.222,20,1,1,"Flat-PastRate"
"5f6b76f22e4b9c070fb0653d",261,"8","once","week 1",0,1,6.771,20,1,1,"Flat-PastRate"
"5f6be55b0da83b160365a6f7",172,"1","once","week 2",0,4,15.035,25,0,1,"Flat"
"5f6be55b0da83b160365a6f7",172,"2","once","week 2",0,4,5.064,25,0,1,"Flat"
"5f6be55b0da83b160365a6f7",172,"3","once","week 2",1,4,5.288,25,0,1,"Flat"
"5f6be55b0da83b160365a6f7",172,"4","once","week 2",1,4,8.281,25,0,1,"Flat"
"5f6be55b0da83b160365a6f7",172,"5","once","week 2",0,4,16.559,25,0,1,"Flat"
"5f6be55b0da83b160365a6f7",172,"6","once","week 2",0,4,39.884,25,0,1,"Flat"
"5f6be55b0da83b160365a6f7",172,"7","once","week 2",1,4,7.733,25,0,1,"Flat"
"5f6be55b0da83b160365a6f7",172,"8","once","week 2",0,4,8.125,25,0,1,"Flat"
"5f6cb2f8133bba097fb3941d",110,"1","once","week 1",0,5,3.349,19,0,1,"Flat-PastRate"
"5f6cb2f8133bba097fb3941d",110,"2","once","week 1",1,5,8.799,19,0,1,"Flat-PastRate"
"5f6cb2f8133bba097fb3941d",110,"3","once","week 1",1,5,10.315,19,0,1,"Flat-PastRate"
"5f6cb2f8133bba097fb3941d",110,"4","once","week 1",0,5,4.949,19,0,1,"Flat-PastRate"
"5f6cb2f8133bba097fb3941d",110,"5","once","week 1",1,5,16.462,19,0,1,"Flat-PastRate"
"5f6cb2f8133bba097fb3941d",110,"6","once","week 1",0,5,7.631,19,0,1,"Flat-PastRate"
"5f6cb2f8133bba097fb3941d",110,"7","once","week 1",1,5,4.738,19,0,1,"Flat-PastRate"
"5f6cb2f8133bba097fb3941d",110,"8","once","week 1",0,5,3.626,19,0,1,"Flat-PastRate"
"5f6d9b00c3192320a2411fbe",143,"1","once","week 1",0,4,3.778,23,1,1,"PPM"
"5f6d9b00c3192320a2411fbe",143,"2","once","week 1",1,4,3.597,23,1,1,"PPM"
"5f6d9b00c3192320a2411fbe",143,"3","once","week 1",1,4,12.376,23,1,1,"PPM"
"5f6d9b00c3192320a2411fbe",143,"4","once","week 1",0,4,4.858,23,1,1,"PPM"
"5f6d9b00c3192320a2411fbe",143,"5","once","week 1",1,4,8.382,23,1,1,"PPM"
"5f6d9b00c3192320a2411fbe",143,"6","once","week 1",0,4,5.243,23,1,1,"PPM"
"5f6d9b00c3192320a2411fbe",143,"7","once","week 1",1,4,5.745,23,1,1,"PPM"
"5f6d9b00c3192320a2411fbe",143,"8","once","week 1",0,4,4.056,23,1,1,"PPM"
"5f6e1ae429ca17301e49a192",109,"1","twice","week 2",0,5,4.791,21,1,1,"Flat"
"5f6e1ae429ca17301e49a192",109,"2","twice","week 2",1,5,3.029,21,1,1,"Flat"
"5f6e1ae429ca17301e49a192",109,"3","twice","week 2",0,5,4.037,21,1,1,"Flat"
"5f6e1ae429ca17301e49a192",109,"4","twice","week 2",0,5,4.581,21,1,1,"Flat"
"5f6e1ae429ca17301e49a192",109,"5","twice","week 2",1,5,6.46,21,1,1,"Flat"
"5f6e1ae429ca17301e49a192",109,"6","twice","week 2",0,5,4.588,21,1,1,"Flat"
"5f6e1ae429ca17301e49a192",109,"7","twice","week 2",1,5,3.883,21,1,1,"Flat"
"5f6e1ae429ca17301e49a192",109,"8","twice","week 2",0,5,4.311,21,1,1,"Flat"
"5f6e4b4eb20ea1369fabb214",229,"1","twice","week 1",0,5,3.426,21,0,1,"Flat"
"5f6e4b4eb20ea1369fabb214",229,"2","twice","week 1",1,5,3.642,21,0,1,"Flat"
"5f6e4b4eb20ea1369fabb214",229,"3","twice","week 1",0,5,3.79,21,0,1,"Flat"
"5f6e4b4eb20ea1369fabb214",229,"4","twice","week 1",0,5,7.832,21,0,1,"Flat"
"5f6e4b4eb20ea1369fabb214",229,"5","twice","week 1",0,5,8.035,21,0,1,"Flat"
"5f6e4b4eb20ea1369fabb214",229,"6","twice","week 1",1,5,15.372,21,0,1,"Flat"
"5f6e4b4eb20ea1369fabb214",229,"7","twice","week 1",0,5,14.695,21,0,1,"Flat"
"5f6e4b4eb20ea1369fabb214",229,"8","twice","week 1",0,5,4.097,21,0,1,"Flat"
"5f6e7edbbbb9af3c52d74a80",114,"1","twice","week 1",0,5,10.866,20,0,1,"Flat-PastRate"
"5f6e7edbbbb9af3c52d74a80",114,"2","twice","week 1",0,5,18.608,20,0,1,"Flat-PastRate"
"5f6e7edbbbb9af3c52d74a80",114,"3","twice","week 1",0,5,5.094,20,0,1,"Flat-PastRate"
"5f6e7edbbbb9af3c52d74a80",114,"4","twice","week 1",0,5,3.378,20,0,1,"Flat-PastRate"
"5f6e7edbbbb9af3c52d74a80",114,"5","twice","week 1",0,5,6.51,20,0,1,"Flat-PastRate"
"5f6e7edbbbb9af3c52d74a80",114,"6","twice","week 1",0,5,5.115,20,0,1,"Flat-PastRate"
"5f6e7edbbbb9af3c52d74a80",114,"7","twice","week 1",0,5,4.99,20,0,1,"Flat-PastRate"
"5f6e7edbbbb9af3c52d74a80",114,"8","twice","week 1",0,5,9.274,20,0,1,"Flat-PastRate"
"5f6f29e4125f3047882c42c4",144,"1","twice","week 1",0,5,3.251,20,1,1,"Flat"
"5f6f29e4125f3047882c42c4",144,"2","twice","week 1",1,5,4.485,20,1,1,"Flat"
"5f6f29e4125f3047882c42c4",144,"3","twice","week 1",0,5,4.937,20,1,1,"Flat"
"5f6f29e4125f3047882c42c4",144,"4","twice","week 1",0,5,18.171,20,1,1,"Flat"
"5f6f29e4125f3047882c42c4",144,"5","twice","week 1",1,5,13.362,20,1,1,"Flat"
"5f6f29e4125f3047882c42c4",144,"6","twice","week 1",0,5,4.653,20,1,1,"Flat"
"5f6f29e4125f3047882c42c4",144,"7","twice","week 1",0,5,8.551,20,1,1,"Flat"
"5f6f29e4125f3047882c42c4",144,"8","twice","week 1",0,5,8.272,20,1,1,"Flat"
"5f6f3cc1a28898062a889932",134,"1","once","week 1",0,5,5.756,20,0,1,"Flat"
"5f6f3cc1a28898062a889932",134,"2","once","week 1",0,5,10.498,20,0,1,"Flat"
"5f6f3cc1a28898062a889932",134,"3","once","week 1",0,5,6.336,20,0,1,"Flat"
"5f6f3cc1a28898062a889932",134,"4","once","week 1",0,5,8.422,20,0,1,"Flat"
"5f6f3cc1a28898062a889932",134,"5","once","week 1",0,5,11.385,20,0,1,"Flat"
"5f6f3cc1a28898062a889932",134,"6","once","week 1",0,5,5.006,20,0,1,"Flat"
"5f6f3cc1a28898062a889932",134,"7","once","week 1",1,5,4.609,20,0,1,"Flat"
"5f6f3cc1a28898062a889932",134,"8","once","week 1",0,5,6.153,20,0,1,"Flat"
"5f6f7570f59489501dc9f094",149,"1","twice","week 1",0,5,7.109,21,0,1,"Flat-PastRate"
"5f6f7570f59489501dc9f094",149,"2","twice","week 1",1,5,5.739,21,0,1,"Flat-PastRate"
"5f6f7570f59489501dc9f094",149,"3","twice","week 1",0,5,8.08,21,0,1,"Flat-PastRate"
"5f6f7570f59489501dc9f094",149,"4","twice","week 1",0,5,16.343,21,0,1,"Flat-PastRate"
"5f6f7570f59489501dc9f094",149,"5","twice","week 1",0,5,10.197,21,0,1,"Flat-PastRate"
"5f6f7570f59489501dc9f094",149,"6","twice","week 1",0,5,11.508,21,0,1,"Flat-PastRate"
"5f6f7570f59489501dc9f094",149,"7","twice","week 1",0,5,6.74,21,0,1,"Flat-PastRate"
"5f6f7570f59489501dc9f094",149,"8","twice","week 1",0,5,7.805,21,0,1,"Flat-PastRate"
"5f702dfd68dfbf000da79ada",349,"1","once","week 1",1,5,9.596,24,0,1,"Flat"
"5f702dfd68dfbf000da79ada",349,"2","once","week 1",1,5,10.255,24,0,1,"Flat"
"5f702dfd68dfbf000da79ada",349,"3","once","week 1",0,5,7.072,24,0,1,"Flat"
"5f702dfd68dfbf000da79ada",349,"4","once","week 1",0,5,22.287,24,0,1,"Flat"
"5f702dfd68dfbf000da79ada",349,"5","once","week 1",1,5,10.079,24,0,1,"Flat"
"5f702dfd68dfbf000da79ada",349,"6","once","week 1",0,5,10.341,24,0,1,"Flat"
"5f702dfd68dfbf000da79ada",349,"7","once","week 1",0,5,9.249,24,0,1,"Flat"
"5f702dfd68dfbf000da79ada",349,"8","once","week 1",0,5,5.411,24,0,1,"Flat"
"5f70c0bd2a4dc00b10108ddc",237,"1","once","week 2",0,5,5.116,20,0,1,"Flat-PastRate"
"5f70c0bd2a4dc00b10108ddc",237,"2","once","week 2",1,5,14.435,20,0,1,"Flat-PastRate"
"5f70c0bd2a4dc00b10108ddc",237,"3","once","week 2",0,5,9.077,20,0,1,"Flat-PastRate"
"5f70c0bd2a4dc00b10108ddc",237,"4","once","week 2",0,5,7.317,20,0,1,"Flat-PastRate"
"5f70c0bd2a4dc00b10108ddc",237,"5","once","week 2",0,5,18.075,20,0,1,"Flat-PastRate"
"5f70c0bd2a4dc00b10108ddc",237,"6","once","week 2",0,5,6.58,20,0,1,"Flat-PastRate"
"5f70c0bd2a4dc00b10108ddc",237,"7","once","week 2",0,5,10.439,20,0,1,"Flat-PastRate"
"5f70c0bd2a4dc00b10108ddc",237,"8","once","week 2",0,5,4.63,20,0,1,"Flat-PastRate"
"5f71935e1b5cc67c14c657b1",135,"1","twice","week 2",0,5,5.624,38,1,1,"PPM"
"5f71935e1b5cc67c14c657b1",135,"2","twice","week 2",1,5,4.909,38,1,1,"PPM"
"5f71935e1b5cc67c14c657b1",135,"3","twice","week 2",0,5,6.532,38,1,1,"PPM"
"5f71935e1b5cc67c14c657b1",135,"4","twice","week 2",0,5,5.375,38,1,1,"PPM"
"5f71935e1b5cc67c14c657b1",135,"5","twice","week 2",0,5,11.548,38,1,1,"PPM"
"5f71935e1b5cc67c14c657b1",135,"6","twice","week 2",0,5,5.317,38,1,1,"PPM"
"5f71935e1b5cc67c14c657b1",135,"7","twice","week 2",0,5,4.761,38,1,1,"PPM"
"5f71935e1b5cc67c14c657b1",135,"8","twice","week 2",0,5,6.145,38,1,1,"PPM"
"5f71d4cc0d3ce7052e72c357",157,"1","once","week 2",0,5,7.541,42,1,0,"Flat"
"5f71d4cc0d3ce7052e72c357",157,"2","once","week 2",1,5,8.243,42,1,0,"Flat"
"5f71d4cc0d3ce7052e72c357",157,"3","once","week 2",0,5,7.407,42,1,0,"Flat"
"5f71d4cc0d3ce7052e72c357",157,"4","once","week 2",0,5,4.227,42,1,0,"Flat"
"5f71d4cc0d3ce7052e72c357",157,"5","once","week 2",0,5,19.171,42,1,0,"Flat"
"5f71d4cc0d3ce7052e72c357",157,"6","once","week 2",0,5,5.239,42,1,0,"Flat"
"5f71d4cc0d3ce7052e72c357",157,"7","once","week 2",1,5,8.002,42,1,0,"Flat"
"5f71d4cc0d3ce7052e72c357",157,"8","once","week 2",0,5,9.854,42,1,0,"Flat"
"5f71da1d5ce20a0686462d4f",204,"1","once","week 1",0,5,5.146,20,1,0,"PPM"
"5f71da1d5ce20a0686462d4f",204,"2","once","week 1",1,5,18.937,20,1,0,"PPM"
"5f71da1d5ce20a0686462d4f",204,"3","once","week 1",0,5,9.229,20,1,0,"PPM"
"5f71da1d5ce20a0686462d4f",204,"4","once","week 1",1,5,9.429,20,1,0,"PPM"
"5f71da1d5ce20a0686462d4f",204,"5","once","week 1",1,5,15.442,20,1,0,"PPM"
"5f71da1d5ce20a0686462d4f",204,"6","once","week 1",0,5,19.789,20,1,0,"PPM"
"5f71da1d5ce20a0686462d4f",204,"7","once","week 1",1,5,4.896,20,1,0,"PPM"
"5f71da1d5ce20a0686462d4f",204,"8","once","week 1",0,5,7.146,20,1,0,"PPM"
"5f72fe706f51b201c0fc8567",436,"1","twice","week 1",1,5,7.896,30,0,1,"PPM"
"5f72fe706f51b201c0fc8567",436,"2","twice","week 1",1,5,44.793,30,0,1,"PPM"
"5f72fe706f51b201c0fc8567",436,"3","twice","week 1",1,5,104.542,30,0,1,"PPM"
"5f72fe706f51b201c0fc8567",436,"4","twice","week 1",0,5,9.74,30,0,1,"PPM"
"5f72fe706f51b201c0fc8567",436,"5","twice","week 1",0,5,8.339,30,0,1,"PPM"
"5f72fe706f51b201c0fc8567",436,"6","twice","week 1",0,5,10.866,30,0,1,"PPM"
"5f72fe706f51b201c0fc8567",436,"7","twice","week 1",1,5,6.753,30,0,1,"PPM"
"5f72fe706f51b201c0fc8567",436,"8","twice","week 1",0,5,7.808,30,0,1,"PPM"
"5f7304ca84363102c83365d4",129,"1","once","week 1",0,5,2.75,20,1,1,"Flat"
"5f7304ca84363102c83365d4",129,"2","once","week 1",1,5,5.133,20,1,1,"Flat"
"5f7304ca84363102c83365d4",129,"3","once","week 1",0,5,7.044,20,1,1,"Flat"
"5f7304ca84363102c83365d4",129,"4","once","week 1",0,5,3.886,20,1,1,"Flat"
"5f7304ca84363102c83365d4",129,"5","once","week 1",1,5,8.121,20,1,1,"Flat"
"5f7304ca84363102c83365d4",129,"6","once","week 1",0,5,10.51,20,1,1,"Flat"
"5f7304ca84363102c83365d4",129,"7","once","week 1",1,5,3.972,20,1,1,"Flat"
"5f7304ca84363102c83365d4",129,"8","once","week 1",0,5,6.849,20,1,1,"Flat"
"5f735a3df5b78705ebbb8294",130,"1","once","week 2",1,5,16.962,21,1,1,"Flat"
"5f735a3df5b78705ebbb8294",130,"2","once","week 2",1,5,6.832,21,1,1,"Flat"
"5f735a3df5b78705ebbb8294",130,"3","once","week 2",0,5,4.316,21,1,1,"Flat"
"5f735a3df5b78705ebbb8294",130,"4","once","week 2",0,5,5.376,21,1,1,"Flat"
"5f735a3df5b78705ebbb8294",130,"5","once","week 2",0,5,6.493,21,1,1,"Flat"
"5f735a3df5b78705ebbb8294",130,"6","once","week 2",0,5,6.734,21,1,1,"Flat"
"5f735a3df5b78705ebbb8294",130,"7","once","week 2",1,5,9.399,21,1,1,"Flat"
"5f735a3df5b78705ebbb8294",130,"8","once","week 2",0,5,5.551,21,1,1,"Flat"
"5f75b5d059b8cb24aa22cc6f",231,"1","once","week 1",0,4,5.695,18,0,0,"PPM"
"5f75b5d059b8cb24aa22cc6f",231,"2","once","week 1",1,4,11.888,18,0,0,"PPM"
"5f75b5d059b8cb24aa22cc6f",231,"3","once","week 1",0,4,6.694,18,0,0,"PPM"
"5f75b5d059b8cb24aa22cc6f",231,"4","once","week 1",0,4,7.984,18,0,0,"PPM"
"5f75b5d059b8cb24aa22cc6f",231,"5","once","week 1",1,4,6.053,18,0,0,"PPM"
"5f75b5d059b8cb24aa22cc6f",231,"6","once","week 1",0,4,2.968,18,0,0,"PPM"
"5f75b5d059b8cb24aa22cc6f",231,"7","once","week 1",1,4,7.052,18,0,0,"PPM"
"5f75b5d059b8cb24aa22cc6f",231,"8","once","week 1",0,4,32.268,18,0,0,"PPM"
"5f75bee2d7804525976f98fc",113,"1","once","week 2",0,5,4.162,24,1,1,"Flat-PastRate"
"5f75bee2d7804525976f98fc",113,"2","once","week 2",0,5,14.39,24,1,1,"Flat-PastRate"
"5f75bee2d7804525976f98fc",113,"3","once","week 2",1,5,5.93,24,1,1,"Flat-PastRate"
"5f75bee2d7804525976f98fc",113,"4","once","week 2",0,5,5.771,24,1,1,"Flat-PastRate"
"5f75bee2d7804525976f98fc",113,"5","once","week 2",1,5,7.501,24,1,1,"Flat-PastRate"
"5f75bee2d7804525976f98fc",113,"6","once","week 2",1,5,6.502,24,1,1,"Flat-PastRate"
"5f75bee2d7804525976f98fc",113,"7","once","week 2",0,5,6.046,24,1,1,"Flat-PastRate"
"5f75bee2d7804525976f98fc",113,"8","once","week 2",0,5,4.468,24,1,1,"Flat-PastRate"
"5f760408be4d8203944c6a66",119,"1","once","week 1",0,5,3.011,20,0,1,"Flat"
"5f760408be4d8203944c6a66",119,"2","once","week 1",1,5,8.788,20,0,1,"Flat"
"5f760408be4d8203944c6a66",119,"3","once","week 1",0,5,7.855,20,0,1,"Flat"
"5f760408be4d8203944c6a66",119,"4","once","week 1",0,5,6.469,20,0,1,"Flat"
"5f760408be4d8203944c6a66",119,"5","once","week 1",1,5,6.734,20,0,1,"Flat"
"5f760408be4d8203944c6a66",119,"6","once","week 1",0,5,7.76,20,0,1,"Flat"
"5f760408be4d8203944c6a66",119,"7","once","week 1",0,5,7.953,20,0,1,"Flat"
"5f760408be4d8203944c6a66",119,"8","once","week 1",0,5,4.373,20,0,1,"Flat"
"5f76f50e1dec7f1a73621afb",102,"1","once","week 2",1,5,5.016,19,0,1,"Flat"
"5f76f50e1dec7f1a73621afb",102,"2","once","week 2",1,5,4.081,19,0,1,"Flat"
"5f76f50e1dec7f1a73621afb",102,"3","once","week 2",1,5,7.756,19,0,1,"Flat"
"5f76f50e1dec7f1a73621afb",102,"4","once","week 2",0,5,4.755,19,0,1,"Flat"
"5f76f50e1dec7f1a73621afb",102,"5","once","week 2",1,5,7.735,19,0,1,"Flat"
"5f76f50e1dec7f1a73621afb",102,"6","once","week 2",0,5,3.459,19,0,1,"Flat"
"5f76f50e1dec7f1a73621afb",102,"7","once","week 2",1,5,4.474,19,0,1,"Flat"
"5f76f50e1dec7f1a73621afb",102,"8","once","week 2",0,5,3.872,19,0,1,"Flat"
"5f770892937cb105ee336e43",148,"1","twice","week 2",0,5,5.538,19,1,1,"Flat-PastRate"
"5f770892937cb105ee336e43",148,"2","twice","week 2",1,5,5.808,19,1,1,"Flat-PastRate"
"5f770892937cb105ee336e43",148,"3","twice","week 2",1,5,6.83,19,1,1,"Flat-PastRate"
"5f770892937cb105ee336e43",148,"4","twice","week 2",1,5,13.966,19,1,1,"Flat-PastRate"
"5f770892937cb105ee336e43",148,"5","twice","week 2",1,5,6.85,19,1,1,"Flat-PastRate"
"5f770892937cb105ee336e43",148,"6","twice","week 2",0,5,11.398,19,1,1,"Flat-PastRate"
"5f770892937cb105ee336e43",148,"7","twice","week 2",0,5,7.369,19,1,1,"Flat-PastRate"
"5f770892937cb105ee336e43",148,"8","twice","week 2",0,5,3.539,19,1,1,"Flat-PastRate"
"5f77816bdacc842d07347555",117,"1","once","week 2",0,5,4.014,18,0,1,"Flat"
"5f77816bdacc842d07347555",117,"2","once","week 2",1,5,6.251,18,0,1,"Flat"
"5f77816bdacc842d07347555",117,"3","once","week 2",0,5,9.395,18,0,1,"Flat"
"5f77816bdacc842d07347555",117,"4","once","week 2",1,5,5.555,18,0,1,"Flat"
"5f77816bdacc842d07347555",117,"5","once","week 2",0,5,7.141,18,0,1,"Flat"
"5f77816bdacc842d07347555",117,"6","once","week 2",0,5,5.734,18,0,1,"Flat"
"5f77816bdacc842d07347555",117,"7","once","week 2",1,5,4.414,18,0,1,"Flat"
"5f77816bdacc842d07347555",117,"8","once","week 2",0,5,3.76,18,0,1,"Flat"
"5f7788f66806a618024faa85",95,"1","once","week 2",1,3,1.085,29,0,1,"PPM"
"5f7788f66806a618024faa85",95,"2","once","week 2",1,3,2.49,29,0,1,"PPM"
"5f7788f66806a618024faa85",95,"3","once","week 2",1,3,0.967,29,0,1,"PPM"
"5f7788f66806a618024faa85",95,"4","once","week 2",1,3,1.028,29,0,1,"PPM"
"5f7788f66806a618024faa85",95,"5","once","week 2",1,3,0.958,29,0,1,"PPM"
"5f7788f66806a618024faa85",95,"6","once","week 2",1,3,3.384,29,0,1,"PPM"
"5f7788f66806a618024faa85",95,"7","once","week 2",1,3,1.165,29,0,1,"PPM"
"5f7788f66806a618024faa85",95,"8","once","week 2",1,3,1.138,29,0,1,"PPM"
"5f78c7d6d74b084a34eec838",352,"1","twice","week 1",0,5,23.045,21,0,1,"PPM"
"5f78c7d6d74b084a34eec838",352,"2","twice","week 1",1,5,6.83,21,0,1,"PPM"
"5f78c7d6d74b084a34eec838",352,"3","twice","week 1",1,5,7.449,21,0,1,"PPM"
"5f78c7d6d74b084a34eec838",352,"4","twice","week 1",0,5,15.879,21,0,1,"PPM"
"5f78c7d6d74b084a34eec838",352,"5","twice","week 1",1,5,16.429,21,0,1,"PPM"
"5f78c7d6d74b084a34eec838",352,"6","twice","week 1",0,5,6.953,21,0,1,"PPM"
"5f78c7d6d74b084a34eec838",352,"7","twice","week 1",0,5,8.149,21,0,1,"PPM"
"5f78c7d6d74b084a34eec838",352,"8","twice","week 1",0,5,7.682,21,0,1,"PPM"
"5f79021276442d50e3cb17b9",304,"1","twice","week 1",0,5,4.728,21,1,0,"Flat-PastRate"
"5f79021276442d50e3cb17b9",304,"2","twice","week 1",1,5,7.818,21,1,0,"Flat-PastRate"
"5f79021276442d50e3cb17b9",304,"3","twice","week 1",0,5,29.2,21,1,0,"Flat-PastRate"
"5f79021276442d50e3cb17b9",304,"4","twice","week 1",0,5,14.435,21,1,0,"Flat-PastRate"
"5f79021276442d50e3cb17b9",304,"5","twice","week 1",1,5,5.513,21,1,0,"Flat-PastRate"
"5f79021276442d50e3cb17b9",304,"6","twice","week 1",0,5,16.273,21,1,0,"Flat-PastRate"
"5f79021276442d50e3cb17b9",304,"7","twice","week 1",1,5,7,21,1,0,"Flat-PastRate"
"5f79021276442d50e3cb17b9",304,"8","twice","week 1",0,5,7.881,21,1,0,"Flat-PastRate"
"5f79040b9f33ad5138917fae",124,"1","once","week 1",0,5,2.736,20,0,1,"Flat-PastRate"
"5f79040b9f33ad5138917fae",124,"2","once","week 1",0,5,4.846,20,0,1,"Flat-PastRate"
"5f79040b9f33ad5138917fae",124,"3","once","week 1",0,5,5.95,20,0,1,"Flat-PastRate"
"5f79040b9f33ad5138917fae",124,"4","once","week 1",0,5,11.097,20,0,1,"Flat-PastRate"
"5f79040b9f33ad5138917fae",124,"5","once","week 1",1,5,6.208,20,0,1,"Flat-PastRate"
"5f79040b9f33ad5138917fae",124,"6","once","week 1",0,5,13.974,20,0,1,"Flat-PastRate"
"5f79040b9f33ad5138917fae",124,"7","once","week 1",1,5,3.412,20,0,1,"Flat-PastRate"
"5f79040b9f33ad5138917fae",124,"8","once","week 1",0,5,6.33,20,0,1,"Flat-PastRate"
"5f7afb469e43b9015ef53b9f",140,"1","twice","week 2",0,5,4.421,54,1,1,"Flat-PastRate"
"5f7afb469e43b9015ef53b9f",140,"2","twice","week 2",0,5,10.324,54,1,1,"Flat-PastRate"
"5f7afb469e43b9015ef53b9f",140,"3","twice","week 2",0,5,15.601,54,1,1,"Flat-PastRate"
"5f7afb469e43b9015ef53b9f",140,"4","twice","week 2",0,5,5.009,54,1,1,"Flat-PastRate"
"5f7afb469e43b9015ef53b9f",140,"5","twice","week 2",1,5,8.872,54,1,1,"Flat-PastRate"
"5f7afb469e43b9015ef53b9f",140,"6","twice","week 2",0,5,9.942,54,1,1,"Flat-PastRate"
"5f7afb469e43b9015ef53b9f",140,"7","twice","week 2",1,5,4.637,54,1,1,"Flat-PastRate"
"5f7afb469e43b9015ef53b9f",140,"8","twice","week 2",0,5,6.188,54,1,1,"Flat-PastRate"
"5f7b8e13d381cb15f92aba30",176,"1","twice","week 2",0,5,11.421,23,0,1,"Flat-PastRate"
"5f7b8e13d381cb15f92aba30",176,"2","twice","week 2",0,5,14.027,23,0,1,"Flat-PastRate"
"5f7b8e13d381cb15f92aba30",176,"3","twice","week 2",0,5,7.495,23,0,1,"Flat-PastRate"
"5f7b8e13d381cb15f92aba30",176,"4","twice","week 2",0,5,6.825,23,0,1,"Flat-PastRate"
"5f7b8e13d381cb15f92aba30",176,"5","twice","week 2",0,5,8.446,23,0,1,"Flat-PastRate"
"5f7b8e13d381cb15f92aba30",176,"6","twice","week 2",0,5,10.435,23,0,1,"Flat-PastRate"
"5f7b8e13d381cb15f92aba30",176,"7","twice","week 2",0,5,6.63,23,0,1,"Flat-PastRate"
"5f7b8e13d381cb15f92aba30",176,"8","twice","week 2",0,5,5.979,23,0,1,"Flat-PastRate"
"5f7b8ebccefc3d15f6c300c0",90,"1","once","week 1",0,5,2.71,29,1,0,"Flat"
"5f7b8ebccefc3d15f6c300c0",90,"2","once","week 1",1,5,3.286,29,1,0,"Flat"
"5f7b8ebccefc3d15f6c300c0",90,"3","once","week 1",1,5,4.133,29,1,0,"Flat"
"5f7b8ebccefc3d15f6c300c0",90,"4","once","week 1",0,5,3.199,29,1,0,"Flat"
"5f7b8ebccefc3d15f6c300c0",90,"5","once","week 1",1,5,3.001,29,1,0,"Flat"
"5f7b8ebccefc3d15f6c300c0",90,"6","once","week 1",0,5,3.817,29,1,0,"Flat"
"5f7b8ebccefc3d15f6c300c0",90,"7","once","week 1",1,5,2.622,29,1,0,"Flat"
"5f7b8ebccefc3d15f6c300c0",90,"8","once","week 1",0,5,2.492,29,1,0,"Flat"
"5f7c7530b5861b0913688a6c",125,"1","twice","week 1",0,4,4.866,37,1,1,"Flat-PastRate"
"5f7c7530b5861b0913688a6c",125,"2","twice","week 1",0,4,3.287,37,1,1,"Flat-PastRate"
"5f7c7530b5861b0913688a6c",125,"3","twice","week 1",0,4,4.172,37,1,1,"Flat-PastRate"
"5f7c7530b5861b0913688a6c",125,"4","twice","week 1",0,4,2.535,37,1,1,"Flat-PastRate"
"5f7c7530b5861b0913688a6c",125,"5","twice","week 1",1,4,7.508,37,1,1,"Flat-PastRate"
"5f7c7530b5861b0913688a6c",125,"6","twice","week 1",0,4,3.35,37,1,1,"Flat-PastRate"
"5f7c7530b5861b0913688a6c",125,"7","twice","week 1",1,4,22.083,37,1,1,"Flat-PastRate"
"5f7c7530b5861b0913688a6c",125,"8","twice","week 1",1,4,16.926,37,1,1,"Flat-PastRate"
"5f7c94621acf2a0d49b84148",107,"1","twice","week 1",1,5,6.361,21,0,1,"Flat-PastRate"
"5f7c94621acf2a0d49b84148",107,"2","twice","week 1",1,5,4.685,21,0,1,"Flat-PastRate"
"5f7c94621acf2a0d49b84148",107,"3","twice","week 1",1,5,5.566,21,0,1,"Flat-PastRate"
"5f7c94621acf2a0d49b84148",107,"4","twice","week 1",0,5,3.545,21,0,1,"Flat-PastRate"
"5f7c94621acf2a0d49b84148",107,"5","twice","week 1",0,5,10.146,21,0,1,"Flat-PastRate"
"5f7c94621acf2a0d49b84148",107,"6","twice","week 1",0,5,5.421,21,0,1,"Flat-PastRate"
"5f7c94621acf2a0d49b84148",107,"7","twice","week 1",0,5,15.941,21,0,1,"Flat-PastRate"
"5f7c94621acf2a0d49b84148",107,"8","twice","week 1",0,5,3.892,21,0,1,"Flat-PastRate"
"5f7f2c22ce3c5c07b7973ac3",294,"1","twice","week 1",0,5,11.275,21,1,0,"PPM"
"5f7f2c22ce3c5c07b7973ac3",294,"2","twice","week 1",1,5,5.684,21,1,0,"PPM"
"5f7f2c22ce3c5c07b7973ac3",294,"3","twice","week 1",1,5,12.386,21,1,0,"PPM"
"5f7f2c22ce3c5c07b7973ac3",294,"4","twice","week 1",0,5,8.873,21,1,0,"PPM"
"5f7f2c22ce3c5c07b7973ac3",294,"5","twice","week 1",0,5,15.623,21,1,0,"PPM"
"5f7f2c22ce3c5c07b7973ac3",294,"6","twice","week 1",0,5,25.26,21,1,0,"PPM"
"5f7f2c22ce3c5c07b7973ac3",294,"7","twice","week 1",0,5,15.317,21,1,0,"PPM"
"5f7f2c22ce3c5c07b7973ac3",294,"8","twice","week 1",0,5,12.271,21,1,0,"PPM"
"5f7f7003e88e42119e6f4e5d",172,"1","once","week 1",0,4,4.58,19,1,0,"PPM"
"5f7f7003e88e42119e6f4e5d",172,"2","once","week 1",1,4,4.783,19,1,0,"PPM"
"5f7f7003e88e42119e6f4e5d",172,"3","once","week 1",0,4,4.109,19,1,0,"PPM"
"5f7f7003e88e42119e6f4e5d",172,"4","once","week 1",0,4,7.304,19,1,0,"PPM"
"5f7f7003e88e42119e6f4e5d",172,"5","once","week 1",1,4,6.476,19,1,0,"PPM"
"5f7f7003e88e42119e6f4e5d",172,"6","once","week 1",0,4,13.255,19,1,0,"PPM"
"5f7f7003e88e42119e6f4e5d",172,"7","once","week 1",1,4,9.783,19,1,0,"PPM"
"5f7f7003e88e42119e6f4e5d",172,"8","once","week 1",0,4,6.341,19,1,0,"PPM"
"5f7f93b7e87e8815a7ad1bf1",124,"1","once","week 2",0,5,8.641,19,1,1,"Flat"
"5f7f93b7e87e8815a7ad1bf1",124,"2","once","week 2",1,5,14.938,19,1,1,"Flat"
"5f7f93b7e87e8815a7ad1bf1",124,"3","once","week 2",1,5,9.34,19,1,1,"Flat"
"5f7f93b7e87e8815a7ad1bf1",124,"4","once","week 2",0,5,8.163,19,1,1,"Flat"
"5f7f93b7e87e8815a7ad1bf1",124,"5","once","week 2",1,5,6.319,19,1,1,"Flat"
"5f7f93b7e87e8815a7ad1bf1",124,"6","once","week 2",0,5,8.083,19,1,1,"Flat"
"5f7f93b7e87e8815a7ad1bf1",124,"7","once","week 2",1,5,9.604,19,1,1,"Flat"
"5f7f93b7e87e8815a7ad1bf1",124,"8","once","week 2",0,5,7.195,19,1,1,"Flat"
"5f80b0929d9b4412932b3636",95,"1","once","week 2",0,5,3.595,22,0,1,"Flat"
"5f80b0929d9b4412932b3636",95,"2","once","week 2",1,5,3.395,22,0,1,"Flat"
"5f80b0929d9b4412932b3636",95,"3","once","week 2",0,5,3.226,22,0,1,"Flat"
"5f80b0929d9b4412932b3636",95,"4","once","week 2",0,5,13.247,22,0,1,"Flat"
"5f80b0929d9b4412932b3636",95,"5","once","week 2",1,5,5.654,22,0,1,"Flat"
"5f80b0929d9b4412932b3636",95,"6","once","week 2",0,5,4.112,22,0,1,"Flat"
"5f80b0929d9b4412932b3636",95,"7","once","week 2",0,5,5.659,22,0,1,"Flat"
"5f80b0929d9b4412932b3636",95,"8","once","week 2",0,5,4.546,22,0,1,"Flat"
"5f817a07203bc72282570e57",142,"1","once","week 2",1,5,9.668,49,1,1,"Flat"
"5f817a07203bc72282570e57",142,"2","once","week 2",1,5,11.798,49,1,1,"Flat"
"5f817a07203bc72282570e57",142,"3","once","week 2",0,5,9.228,49,1,1,"Flat"
"5f817a07203bc72282570e57",142,"4","once","week 2",0,5,7.883,49,1,1,"Flat"
"5f817a07203bc72282570e57",142,"5","once","week 2",1,5,8.739,49,1,1,"Flat"
"5f817a07203bc72282570e57",142,"6","once","week 2",0,5,12.56,49,1,1,"Flat"
"5f817a07203bc72282570e57",142,"7","once","week 2",1,5,7.872,49,1,1,"Flat"
"5f817a07203bc72282570e57",142,"8","once","week 2",0,5,7.118,49,1,1,"Flat"
"5f8332b20ea88a489c36b41a",150,"1","twice","week 1",0,5,3.146,19,0,1,"Flat"
"5f8332b20ea88a489c36b41a",150,"2","twice","week 1",1,5,4.388,19,0,1,"Flat"
"5f8332b20ea88a489c36b41a",150,"3","twice","week 1",0,5,11.273,19,0,1,"Flat"
"5f8332b20ea88a489c36b41a",150,"4","twice","week 1",0,5,4.96,19,0,1,"Flat"
"5f8332b20ea88a489c36b41a",150,"5","twice","week 1",0,5,6.08,19,0,1,"Flat"
"5f8332b20ea88a489c36b41a",150,"6","twice","week 1",0,5,4.089,19,0,1,"Flat"
"5f8332b20ea88a489c36b41a",150,"7","twice","week 1",1,5,4.024,19,0,1,"Flat"
"5f8332b20ea88a489c36b41a",150,"8","twice","week 1",0,5,3.682,19,0,1,"Flat"
"5f8376e9c2a1d34fac44b0b3",155,"1","twice","week 1",0,5,5.746,23,0,1,"Flat-PastRate"
"5f8376e9c2a1d34fac44b0b3",155,"2","twice","week 1",1,5,20.373,23,0,1,"Flat-PastRate"
"5f8376e9c2a1d34fac44b0b3",155,"3","twice","week 1",0,5,13.712,23,0,1,"Flat-PastRate"
"5f8376e9c2a1d34fac44b0b3",155,"4","twice","week 1",0,5,10.158,23,0,1,"Flat-PastRate"
"5f8376e9c2a1d34fac44b0b3",155,"5","twice","week 1",0,5,8.688,23,0,1,"Flat-PastRate"
"5f8376e9c2a1d34fac44b0b3",155,"6","twice","week 1",0,5,8.316,23,0,1,"Flat-PastRate"
"5f8376e9c2a1d34fac44b0b3",155,"7","twice","week 1",1,5,7.62,23,0,1,"Flat-PastRate"
"5f8376e9c2a1d34fac44b0b3",155,"8","twice","week 1",0,5,9.185,23,0,1,"Flat-PastRate"
"5f86c96acb497b01592317e3",109,"1","twice","week 1",0,5,5.661,21,1,1,"Flat"
"5f86c96acb497b01592317e3",109,"2","twice","week 1",0,5,8.461,21,1,1,"Flat"
"5f86c96acb497b01592317e3",109,"3","twice","week 1",0,5,7.763,21,1,1,"Flat"
"5f86c96acb497b01592317e3",109,"4","twice","week 1",0,5,5.098,21,1,1,"Flat"
"5f86c96acb497b01592317e3",109,"5","twice","week 1",0,5,5.833,21,1,1,"Flat"
"5f86c96acb497b01592317e3",109,"6","twice","week 1",0,5,5.884,21,1,1,"Flat"
"5f86c96acb497b01592317e3",109,"7","twice","week 1",1,5,9.524,21,1,1,"Flat"
"5f86c96acb497b01592317e3",109,"8","twice","week 1",0,5,3.739,21,1,1,"Flat"
"5f8838e4f53c3e2a5dbed323",90,"1","twice","week 2",0,5,3.762,24,1,1,"Flat"
"5f8838e4f53c3e2a5dbed323",90,"2","twice","week 2",0,5,5.084,24,1,1,"Flat"
"5f8838e4f53c3e2a5dbed323",90,"3","twice","week 2",1,5,7.171,24,1,1,"Flat"
"5f8838e4f53c3e2a5dbed323",90,"4","twice","week 2",0,5,3.889,24,1,1,"Flat"
"5f8838e4f53c3e2a5dbed323",90,"5","twice","week 2",0,5,10.683,24,1,1,"Flat"
"5f8838e4f53c3e2a5dbed323",90,"6","twice","week 2",0,5,3.932,24,1,1,"Flat"
"5f8838e4f53c3e2a5dbed323",90,"7","twice","week 2",1,5,5.46,24,1,1,"Flat"
"5f8838e4f53c3e2a5dbed323",90,"8","twice","week 2",0,5,2.964,24,1,1,"Flat"
"5f88a0acf001bb06cdf50449",98,"1","twice","week 2",0,5,4.345,19,1,1,"Flat"
"5f88a0acf001bb06cdf50449",98,"2","twice","week 2",1,5,7.537,19,1,1,"Flat"
"5f88a0acf001bb06cdf50449",98,"3","twice","week 2",0,5,6.966,19,1,1,"Flat"
"5f88a0acf001bb06cdf50449",98,"4","twice","week 2",0,5,3.68,19,1,1,"Flat"
"5f88a0acf001bb06cdf50449",98,"5","twice","week 2",0,5,8.538,19,1,1,"Flat"
"5f88a0acf001bb06cdf50449",98,"6","twice","week 2",0,5,3.663,19,1,1,"Flat"
"5f88a0acf001bb06cdf50449",98,"7","twice","week 2",1,5,3.421,19,1,1,"Flat"
"5f88a0acf001bb06cdf50449",98,"8","twice","week 2",0,5,11.355,19,1,1,"Flat"
"5f88cb3fecf8b70cc7bfa161",115,"1","once","week 2",0,5,6.047,27,0,1,"Flat"
"5f88cb3fecf8b70cc7bfa161",115,"2","once","week 2",1,5,4.164,27,0,1,"Flat"
"5f88cb3fecf8b70cc7bfa161",115,"3","once","week 2",0,5,10.484,27,0,1,"Flat"
"5f88cb3fecf8b70cc7bfa161",115,"4","once","week 2",0,5,5.349,27,0,1,"Flat"
"5f88cb3fecf8b70cc7bfa161",115,"5","once","week 2",1,5,7.369,27,0,1,"Flat"
"5f88cb3fecf8b70cc7bfa161",115,"6","once","week 2",0,5,14.914,27,0,1,"Flat"
"5f88cb3fecf8b70cc7bfa161",115,"7","once","week 2",1,5,3.434,27,0,1,"Flat"
"5f88cb3fecf8b70cc7bfa161",115,"8","once","week 2",0,5,4.701,27,0,1,"Flat"
"5f89e4b724be0004e69b7dec",119,"1","twice","week 2",0,5,3.177,21,1,0,"Flat"
"5f89e4b724be0004e69b7dec",119,"2","twice","week 2",1,5,7.008,21,1,0,"Flat"
"5f89e4b724be0004e69b7dec",119,"3","twice","week 2",0,5,12.728,21,1,0,"Flat"
"5f89e4b724be0004e69b7dec",119,"4","twice","week 2",0,5,7.351,21,1,0,"Flat"
"5f89e4b724be0004e69b7dec",119,"5","twice","week 2",1,5,3.864,21,1,0,"Flat"
"5f89e4b724be0004e69b7dec",119,"6","twice","week 2",0,5,3.916,21,1,0,"Flat"
"5f89e4b724be0004e69b7dec",119,"7","twice","week 2",1,5,3.973,21,1,0,"Flat"
"5f89e4b724be0004e69b7dec",119,"8","twice","week 2",0,5,4.394,21,1,0,"Flat"
"5f8acdc02235a9185fca316a",149,"1","once","week 1",0,5,6.952,22,1,1,"Flat"
"5f8acdc02235a9185fca316a",149,"2","once","week 1",0,5,9.006,22,1,1,"Flat"
"5f8acdc02235a9185fca316a",149,"3","once","week 1",1,5,8.364,22,1,1,"Flat"
"5f8acdc02235a9185fca316a",149,"4","once","week 1",0,5,9.312,22,1,1,"Flat"
"5f8acdc02235a9185fca316a",149,"5","once","week 1",1,5,13.973,22,1,1,"Flat"
"5f8acdc02235a9185fca316a",149,"6","once","week 1",0,5,8.468,22,1,1,"Flat"
"5f8acdc02235a9185fca316a",149,"7","once","week 1",1,5,7.811,22,1,1,"Flat"
"5f8acdc02235a9185fca316a",149,"8","once","week 1",0,5,7.771,22,1,1,"Flat"
"5f8b19898be3bd0b40e1e9e6",182,"1","twice","week 1",0,4,5.958,27,1,0,"PPM"
"5f8b19898be3bd0b40e1e9e6",182,"2","twice","week 1",1,4,6.531,27,1,0,"PPM"
"5f8b19898be3bd0b40e1e9e6",182,"3","twice","week 1",1,4,8.651,27,1,0,"PPM"
"5f8b19898be3bd0b40e1e9e6",182,"4","twice","week 1",0,4,6.219,27,1,0,"PPM"
"5f8b19898be3bd0b40e1e9e6",182,"5","twice","week 1",0,4,10.116,27,1,0,"PPM"
"5f8b19898be3bd0b40e1e9e6",182,"6","twice","week 1",0,4,10.392,27,1,0,"PPM"
"5f8b19898be3bd0b40e1e9e6",182,"7","twice","week 1",0,4,5.742,27,1,0,"PPM"
"5f8b19898be3bd0b40e1e9e6",182,"8","twice","week 1",0,4,5.604,27,1,0,"PPM"
"5f8d682782d9aa0457210671",97,"1","once","week 1",0,5,3.715,21,0,1,"Flat"
"5f8d682782d9aa0457210671",97,"2","once","week 1",0,5,7.07,21,0,1,"Flat"
"5f8d682782d9aa0457210671",97,"3","once","week 1",1,5,5.536,21,0,1,"Flat"
"5f8d682782d9aa0457210671",97,"4","once","week 1",0,5,3.221,21,0,1,"Flat"
"5f8d682782d9aa0457210671",97,"5","once","week 1",0,5,5.71,21,0,1,"Flat"
"5f8d682782d9aa0457210671",97,"6","once","week 1",0,5,6.848,21,0,1,"Flat"
"5f8d682782d9aa0457210671",97,"7","once","week 1",1,5,4.154,21,0,1,"Flat"
"5f8d682782d9aa0457210671",97,"8","once","week 1",0,5,10.093,21,0,1,"Flat"
"5f8d88be68198208a829cd5f",141,"1","once","week 2",0,5,5.407,20,1,1,"Flat-PastRate"
"5f8d88be68198208a829cd5f",141,"2","once","week 2",1,5,5.73,20,1,1,"Flat-PastRate"
"5f8d88be68198208a829cd5f",141,"3","once","week 2",0,5,4.714,20,1,1,"Flat-PastRate"
"5f8d88be68198208a829cd5f",141,"4","once","week 2",0,5,6.345,20,1,1,"Flat-PastRate"
"5f8d88be68198208a829cd5f",141,"5","once","week 2",1,5,6.038,20,1,1,"Flat-PastRate"
"5f8d88be68198208a829cd5f",141,"6","once","week 2",0,5,8.781,20,1,1,"Flat-PastRate"
"5f8d88be68198208a829cd5f",141,"7","once","week 2",1,5,10.039,20,1,1,"Flat-PastRate"
"5f8d88be68198208a829cd5f",141,"8","once","week 2",0,5,5.367,20,1,1,"Flat-PastRate"
"5f8d8ec1dc2a5c099302c2e5",213,"1","once","week 1",0,5,4.29,21,1,1,"PPM"
"5f8d8ec1dc2a5c099302c2e5",213,"2","once","week 1",1,5,4.478,21,1,1,"PPM"
"5f8d8ec1dc2a5c099302c2e5",213,"3","once","week 1",0,5,9.019,21,1,1,"PPM"
"5f8d8ec1dc2a5c099302c2e5",213,"4","once","week 1",0,5,4.651,21,1,1,"PPM"
"5f8d8ec1dc2a5c099302c2e5",213,"5","once","week 1",1,5,9.34,21,1,1,"PPM"
"5f8d8ec1dc2a5c099302c2e5",213,"6","once","week 1",0,5,5.147,21,1,1,"PPM"
"5f8d8ec1dc2a5c099302c2e5",213,"7","once","week 1",1,5,7.691,21,1,1,"PPM"
"5f8d8ec1dc2a5c099302c2e5",213,"8","once","week 1",0,5,28.5,21,1,1,"PPM"
"5f8de9a734f520173c8cd86f",79,"1","twice","week 2",0,5,4.627,22,0,1,"Flat"
"5f8de9a734f520173c8cd86f",79,"2","twice","week 2",0,5,1.597,22,0,1,"Flat"
"5f8de9a734f520173c8cd86f",79,"3","twice","week 2",0,5,4.668,22,0,1,"Flat"
"5f8de9a734f520173c8cd86f",79,"4","twice","week 2",0,5,2.886,22,0,1,"Flat"
"5f8de9a734f520173c8cd86f",79,"5","twice","week 2",0,5,2.131,22,0,1,"Flat"
"5f8de9a734f520173c8cd86f",79,"6","twice","week 2",0,5,3.955,22,0,1,"Flat"
"5f8de9a734f520173c8cd86f",79,"7","twice","week 2",0,5,1.43,22,0,1,"Flat"
"5f8de9a734f520173c8cd86f",79,"8","twice","week 2",0,5,1.742,22,0,1,"Flat"
"5f8eaa9104da0901b1eaa006",162,"1","twice","week 1",0,5,7.858,18,1,1,"Flat-PastRate"
"5f8eaa9104da0901b1eaa006",162,"2","twice","week 1",1,5,7.043,18,1,1,"Flat-PastRate"
"5f8eaa9104da0901b1eaa006",162,"3","twice","week 1",0,5,14.718,18,1,1,"Flat-PastRate"
"5f8eaa9104da0901b1eaa006",162,"4","twice","week 1",0,5,8.09,18,1,1,"Flat-PastRate"
"5f8eaa9104da0901b1eaa006",162,"5","twice","week 1",1,5,9.173,18,1,1,"Flat-PastRate"
"5f8eaa9104da0901b1eaa006",162,"6","twice","week 1",0,5,9.045,18,1,1,"Flat-PastRate"
"5f8eaa9104da0901b1eaa006",162,"7","twice","week 1",1,5,7.24,18,1,1,"Flat-PastRate"
"5f8eaa9104da0901b1eaa006",162,"8","twice","week 1",0,5,10.682,18,1,1,"Flat-PastRate"
"5f8ee6ad2ace000a566d0857",112,"1","once","week 1",0,5,3.6,19,1,1,"Flat-PastRate"
"5f8ee6ad2ace000a566d0857",112,"2","once","week 1",0,5,9.8,19,1,1,"Flat-PastRate"
"5f8ee6ad2ace000a566d0857",112,"3","once","week 1",0,5,5.3,19,1,1,"Flat-PastRate"
"5f8ee6ad2ace000a566d0857",112,"4","once","week 1",1,5,3.9,19,1,1,"Flat-PastRate"
"5f8ee6ad2ace000a566d0857",112,"5","once","week 1",0,5,5,19,1,1,"Flat-PastRate"
"5f8ee6ad2ace000a566d0857",112,"6","once","week 1",1,5,3.6,19,1,1,"Flat-PastRate"
"5f8ee6ad2ace000a566d0857",112,"7","once","week 1",1,5,3.7,19,1,1,"Flat-PastRate"
"5f8ee6ad2ace000a566d0857",112,"8","once","week 1",0,5,4.2,19,1,1,"Flat-PastRate"
"5f8ef9f204da090c58ad696f",148,"1","once","week 1",0,5,6.387,19,1,1,"Flat-PastRate"
"5f8ef9f204da090c58ad696f",148,"2","once","week 1",1,5,8.717,19,1,1,"Flat-PastRate"
"5f8ef9f204da090c58ad696f",148,"3","once","week 1",1,5,5.981,19,1,1,"Flat-PastRate"
"5f8ef9f204da090c58ad696f",148,"4","once","week 1",0,5,5.652,19,1,1,"Flat-PastRate"
"5f8ef9f204da090c58ad696f",148,"5","once","week 1",1,5,7.312,19,1,1,"Flat-PastRate"
"5f8ef9f204da090c58ad696f",148,"6","once","week 1",1,5,14.149,19,1,1,"Flat-PastRate"
"5f8ef9f204da090c58ad696f",148,"7","once","week 1",1,5,6.097,19,1,1,"Flat-PastRate"
"5f8ef9f204da090c58ad696f",148,"8","once","week 1",0,5,6.101,19,1,1,"Flat-PastRate"
"5f903ace3e172508575e9444",162,"1","twice","week 2",0,4,4.377,23,1,1,"PPM"
"5f903ace3e172508575e9444",162,"2","twice","week 2",1,4,11.374,23,1,1,"PPM"
"5f903ace3e172508575e9444",162,"3","twice","week 2",0,4,6.108,23,1,1,"PPM"
"5f903ace3e172508575e9444",162,"4","twice","week 2",1,4,4.111,23,1,1,"PPM"
"5f903ace3e172508575e9444",162,"5","twice","week 2",0,4,9.514,23,1,1,"PPM"
"5f903ace3e172508575e9444",162,"6","twice","week 2",0,4,6.662,23,1,1,"PPM"
"5f903ace3e172508575e9444",162,"7","twice","week 2",1,4,4.525,23,1,1,"PPM"
"5f903ace3e172508575e9444",162,"8","twice","week 2",1,4,5.155,23,1,1,"PPM"
"5f906d9892b0ac120238830b",105,"1","twice","week 2",0,5,3.974,22,1,1,"PPM"
"5f906d9892b0ac120238830b",105,"2","twice","week 2",1,5,4.73,22,1,1,"PPM"
"5f906d9892b0ac120238830b",105,"3","twice","week 2",0,5,8.729,22,1,1,"PPM"
"5f906d9892b0ac120238830b",105,"4","twice","week 2",0,5,2.786,22,1,1,"PPM"
"5f906d9892b0ac120238830b",105,"5","twice","week 2",0,5,5.87,22,1,1,"PPM"
"5f906d9892b0ac120238830b",105,"6","twice","week 2",0,5,3.952,22,1,1,"PPM"
"5f906d9892b0ac120238830b",105,"7","twice","week 2",1,5,5.02,22,1,1,"PPM"
"5f906d9892b0ac120238830b",105,"8","twice","week 2",0,5,4.245,22,1,1,"PPM"
"5f90a284afa7c6194578ef07",110,"1","twice","week 1",0,5,4.589,24,0,1,"Flat"
"5f90a284afa7c6194578ef07",110,"2","twice","week 1",0,5,6.252,24,0,1,"Flat"
"5f90a284afa7c6194578ef07",110,"3","twice","week 1",0,5,3.359,24,0,1,"Flat"
"5f90a284afa7c6194578ef07",110,"4","twice","week 1",0,5,4.458,24,0,1,"Flat"
"5f90a284afa7c6194578ef07",110,"5","twice","week 1",1,5,6.984,24,0,1,"Flat"
"5f90a284afa7c6194578ef07",110,"6","twice","week 1",0,5,4.044,24,0,1,"Flat"
"5f90a284afa7c6194578ef07",110,"7","twice","week 1",1,5,5.931,24,0,1,"Flat"
"5f90a284afa7c6194578ef07",110,"8","twice","week 1",0,5,3.742,24,0,1,"Flat"
"5f90ff9c1b683b21b409f70d",102,"1","once","week 2",0,5,1.75,23,1,1,"Flat"
"5f90ff9c1b683b21b409f70d",102,"2","once","week 2",0,5,3.731,23,1,1,"Flat"
"5f90ff9c1b683b21b409f70d",102,"3","once","week 2",0,5,3.856,23,1,1,"Flat"
"5f90ff9c1b683b21b409f70d",102,"4","once","week 2",0,5,2.619,23,1,1,"Flat"
"5f90ff9c1b683b21b409f70d",102,"5","once","week 2",0,5,3.763,23,1,1,"Flat"
"5f90ff9c1b683b21b409f70d",102,"6","once","week 2",0,5,3.452,23,1,1,"Flat"
"5f90ff9c1b683b21b409f70d",102,"7","once","week 2",1,5,2.653,23,1,1,"Flat"
"5f90ff9c1b683b21b409f70d",102,"8","once","week 2",0,5,2.142,23,1,1,"Flat"
"5f919274b5383b00096b0295",125,"1","once","week 1",0,4,4.502,28,1,0,"Flat-PastRate"
"5f919274b5383b00096b0295",125,"2","once","week 1",1,4,6.743,28,1,0,"Flat-PastRate"
"5f919274b5383b00096b0295",125,"3","once","week 1",1,4,8.53,28,1,0,"Flat-PastRate"
"5f919274b5383b00096b0295",125,"4","once","week 1",1,4,7.785,28,1,0,"Flat-PastRate"
"5f919274b5383b00096b0295",125,"5","once","week 1",1,4,4.884,28,1,0,"Flat-PastRate"
"5f919274b5383b00096b0295",125,"6","once","week 1",1,4,10.165,28,1,0,"Flat-PastRate"
"5f919274b5383b00096b0295",125,"7","once","week 1",1,4,10.427,28,1,0,"Flat-PastRate"
"5f919274b5383b00096b0295",125,"8","once","week 1",0,4,7.136,28,1,0,"Flat-PastRate"
"5f91ec84d300080e4d1fb66c",144,"1","twice","week 1",0,5,3.464,26,1,1,"PPM"
"5f91ec84d300080e4d1fb66c",144,"2","twice","week 1",0,5,6.676,26,1,1,"PPM"
"5f91ec84d300080e4d1fb66c",144,"3","twice","week 1",1,5,13.665,26,1,1,"PPM"
"5f91ec84d300080e4d1fb66c",144,"4","twice","week 1",0,5,5.381,26,1,1,"PPM"
"5f91ec84d300080e4d1fb66c",144,"5","twice","week 1",0,5,6.672,26,1,1,"PPM"
"5f91ec84d300080e4d1fb66c",144,"6","twice","week 1",0,5,5.057,26,1,1,"PPM"
"5f91ec84d300080e4d1fb66c",144,"7","twice","week 1",0,5,6.287,26,1,1,"PPM"
"5f91ec84d300080e4d1fb66c",144,"8","twice","week 1",0,5,5.252,26,1,1,"PPM"
"5f9208ed6778c812060de7ed",129,"1","twice","week 1",0,5,5.283,21,1,1,"Flat-PastRate"
"5f9208ed6778c812060de7ed",129,"2","twice","week 1",1,5,12.21,21,1,1,"Flat-PastRate"
"5f9208ed6778c812060de7ed",129,"3","twice","week 1",1,5,4.836,21,1,1,"Flat-PastRate"
"5f9208ed6778c812060de7ed",129,"4","twice","week 1",0,5,7.012,21,1,1,"Flat-PastRate"
"5f9208ed6778c812060de7ed",129,"5","twice","week 1",0,5,5.662,21,1,1,"Flat-PastRate"
"5f9208ed6778c812060de7ed",129,"6","twice","week 1",0,5,4.807,21,1,1,"Flat-PastRate"
"5f9208ed6778c812060de7ed",129,"7","twice","week 1",1,5,7.776,21,1,1,"Flat-PastRate"
"5f9208ed6778c812060de7ed",129,"8","twice","week 1",0,5,4.012,21,1,1,"Flat-PastRate"
"5f96e849cec2290158affc70",82,"1","once","week 2",1,5,5.63,23,1,1,"Flat-PastRate"
"5f96e849cec2290158affc70",82,"2","once","week 2",1,5,3.554,23,1,1,"Flat-PastRate"
"5f96e849cec2290158affc70",82,"3","once","week 2",1,5,4.06,23,1,1,"Flat-PastRate"
"5f96e849cec2290158affc70",82,"4","once","week 2",0,5,5.193,23,1,1,"Flat-PastRate"
"5f96e849cec2290158affc70",82,"5","once","week 2",1,5,5.948,23,1,1,"Flat-PastRate"
"5f96e849cec2290158affc70",82,"6","once","week 2",0,5,4.036,23,1,1,"Flat-PastRate"
"5f96e849cec2290158affc70",82,"7","once","week 2",1,5,3.777,23,1,1,"Flat-PastRate"
"5f96e849cec2290158affc70",82,"8","once","week 2",0,5,6.89,23,1,1,"Flat-PastRate"
"5f96ecc8373a81020c60b7de",247,"1","twice","week 2",0,4,12.243,21,1,1,"PPM"
"5f96ecc8373a81020c60b7de",247,"2","twice","week 2",1,4,6.177,21,1,1,"PPM"
"5f96ecc8373a81020c60b7de",247,"3","twice","week 2",0,4,7.714,21,1,1,"PPM"
"5f96ecc8373a81020c60b7de",247,"4","twice","week 2",0,4,11.591,21,1,1,"PPM"
"5f96ecc8373a81020c60b7de",247,"5","twice","week 2",0,4,6.975,21,1,1,"PPM"
"5f96ecc8373a81020c60b7de",247,"6","twice","week 2",0,4,8.419,21,1,1,"PPM"
"5f96ecc8373a81020c60b7de",247,"7","twice","week 2",0,4,18.2,21,1,1,"PPM"
"5f96ecc8373a81020c60b7de",247,"8","twice","week 2",0,4,6.854,21,1,1,"PPM"
"5f96f17d1a4b5702788bb5ba",142,"1","twice","week 2",0,5,4.924,25,1,1,"Flat-PastRate"
"5f96f17d1a4b5702788bb5ba",142,"2","twice","week 2",1,5,5.707,25,1,1,"Flat-PastRate"
"5f96f17d1a4b5702788bb5ba",142,"3","twice","week 2",0,5,8.572,25,1,1,"Flat-PastRate"
"5f96f17d1a4b5702788bb5ba",142,"4","twice","week 2",0,5,4.428,25,1,1,"Flat-PastRate"
"5f96f17d1a4b5702788bb5ba",142,"5","twice","week 2",0,5,6.612,25,1,1,"Flat-PastRate"
"5f96f17d1a4b5702788bb5ba",142,"6","twice","week 2",0,5,6.645,25,1,1,"Flat-PastRate"
"5f96f17d1a4b5702788bb5ba",142,"7","twice","week 2",1,5,8.968,25,1,1,"Flat-PastRate"
"5f96f17d1a4b5702788bb5ba",142,"8","twice","week 2",0,5,8.671,25,1,1,"Flat-PastRate"
"5f97d644018e770008790f06",155,"1","once","week 2",0,5,7.27,28,0,1,"Flat"
"5f97d644018e770008790f06",155,"2","once","week 2",1,5,7.05,28,0,1,"Flat"
"5f97d644018e770008790f06",155,"3","once","week 2",0,5,5.753,28,0,1,"Flat"
"5f97d644018e770008790f06",155,"4","once","week 2",0,5,14.327,28,0,1,"Flat"
"5f97d644018e770008790f06",155,"5","once","week 2",1,5,6.62,28,0,1,"Flat"
"5f97d644018e770008790f06",155,"6","once","week 2",0,5,3.952,28,0,1,"Flat"
"5f97d644018e770008790f06",155,"7","once","week 2",1,5,9.401,28,0,1,"Flat"
"5f97d644018e770008790f06",155,"8","once","week 2",0,5,9.475,28,0,1,"Flat"
"5f985447d7631f0f58dddbbd",237,"1","twice","week 2",0,5,4.901,22,1,1,"PPM"
"5f985447d7631f0f58dddbbd",237,"2","twice","week 2",1,5,15.179,22,1,1,"PPM"
"5f985447d7631f0f58dddbbd",237,"3","twice","week 2",0,5,4.269,22,1,1,"PPM"
"5f985447d7631f0f58dddbbd",237,"4","twice","week 2",0,5,5.676,22,1,1,"PPM"
"5f985447d7631f0f58dddbbd",237,"5","twice","week 2",0,5,9.09,22,1,1,"PPM"
"5f985447d7631f0f58dddbbd",237,"6","twice","week 2",0,5,5.9,22,1,1,"PPM"
"5f985447d7631f0f58dddbbd",237,"7","twice","week 2",1,5,18.585,22,1,1,"PPM"
"5f985447d7631f0f58dddbbd",237,"8","twice","week 2",0,5,4.879,22,1,1,"PPM"
"5f98a6403dd8d91b73a2ab89",145,"1","once","week 2",0,5,3.358,24,1,1,"Flat-PastRate"
"5f98a6403dd8d91b73a2ab89",145,"2","once","week 2",1,5,5.34,24,1,1,"Flat-PastRate"
"5f98a6403dd8d91b73a2ab89",145,"3","once","week 2",1,5,11.682,24,1,1,"Flat-PastRate"
"5f98a6403dd8d91b73a2ab89",145,"4","once","week 2",0,5,5.779,24,1,1,"Flat-PastRate"
"5f98a6403dd8d91b73a2ab89",145,"5","once","week 2",1,5,5.295,24,1,1,"Flat-PastRate"
"5f98a6403dd8d91b73a2ab89",145,"6","once","week 2",0,5,5.304,24,1,1,"Flat-PastRate"
"5f98a6403dd8d91b73a2ab89",145,"7","once","week 2",1,5,5.913,24,1,1,"Flat-PastRate"
"5f98a6403dd8d91b73a2ab89",145,"8","once","week 2",0,5,5.499,24,1,1,"Flat-PastRate"
"5f999e9b0a5b3302594204bb",236,"1","twice","week 2",0,5,3.064,20,1,1,"Flat"
"5f999e9b0a5b3302594204bb",236,"2","twice","week 2",0,5,15.992,20,1,1,"Flat"
"5f999e9b0a5b3302594204bb",236,"3","twice","week 2",1,5,13.096,20,1,1,"Flat"
"5f999e9b0a5b3302594204bb",236,"4","twice","week 2",1,5,19.668,20,1,1,"Flat"
"5f999e9b0a5b3302594204bb",236,"5","twice","week 2",1,5,9.832,20,1,1,"Flat"
"5f999e9b0a5b3302594204bb",236,"6","twice","week 2",0,5,14.707,20,1,1,"Flat"
"5f999e9b0a5b3302594204bb",236,"7","twice","week 2",0,5,11.779,20,1,1,"Flat"
"5f999e9b0a5b3302594204bb",236,"8","twice","week 2",0,5,10.256,20,1,1,"Flat"
"5f99f4d94319d00f0b057113",358,"1","once","week 2",1,5,10.188,35,1,0,"Flat-PastRate"
"5f99f4d94319d00f0b057113",358,"2","once","week 2",1,5,5.761,35,1,0,"Flat-PastRate"
"5f99f4d94319d00f0b057113",358,"3","once","week 2",1,5,11.484,35,1,0,"Flat-PastRate"
"5f99f4d94319d00f0b057113",358,"4","once","week 2",0,5,5.692,35,1,0,"Flat-PastRate"
"5f99f4d94319d00f0b057113",358,"5","once","week 2",1,5,8.176,35,1,0,"Flat-PastRate"
"5f99f4d94319d00f0b057113",358,"6","once","week 2",0,5,13.285,35,1,0,"Flat-PastRate"
"5f99f4d94319d00f0b057113",358,"7","once","week 2",0,5,15.702,35,1,0,"Flat-PastRate"
"5f99f4d94319d00f0b057113",358,"8","once","week 2",0,5,5.826,35,1,0,"Flat-PastRate"
"5f9c0080868a69015227cb6b",109,"1","once","week 2",0,5,3.412,20,1,1,"Flat-PastRate"
"5f9c0080868a69015227cb6b",109,"2","once","week 2",1,5,3.702,20,1,1,"Flat-PastRate"
"5f9c0080868a69015227cb6b",109,"3","once","week 2",1,5,4.636,20,1,1,"Flat-PastRate"
"5f9c0080868a69015227cb6b",109,"4","once","week 2",0,5,7.41,20,1,1,"Flat-PastRate"
"5f9c0080868a69015227cb6b",109,"5","once","week 2",1,5,4.927,20,1,1,"Flat-PastRate"
"5f9c0080868a69015227cb6b",109,"6","once","week 2",0,5,5.548,20,1,1,"Flat-PastRate"
"5f9c0080868a69015227cb6b",109,"7","once","week 2",0,5,10.48,20,1,1,"Flat-PastRate"
"5f9c0080868a69015227cb6b",109,"8","once","week 2",0,5,6.424,20,1,1,"Flat-PastRate"
"5f9c18a035fe7a04a370550a",185,"1","twice","week 2",1,5,10.398,20,0,0,"Flat-PastRate"
"5f9c18a035fe7a04a370550a",185,"2","twice","week 2",1,5,15.276,20,0,0,"Flat-PastRate"
"5f9c18a035fe7a04a370550a",185,"3","twice","week 2",0,5,8.439,20,0,0,"Flat-PastRate"
"5f9c18a035fe7a04a370550a",185,"4","twice","week 2",1,5,11.15,20,0,0,"Flat-PastRate"
"5f9c18a035fe7a04a370550a",185,"5","twice","week 2",0,5,10.449,20,0,0,"Flat-PastRate"
"5f9c18a035fe7a04a370550a",185,"6","twice","week 2",0,5,10.092,20,0,0,"Flat-PastRate"
"5f9c18a035fe7a04a370550a",185,"7","twice","week 2",0,5,9.667,20,0,0,"Flat-PastRate"
"5f9c18a035fe7a04a370550a",185,"8","twice","week 2",0,5,9.225,20,0,0,"Flat-PastRate"
"5f9c201c868a6904a844d13f",75,"1","once","week 2",0,5,3.624,19,0,0,"Flat"
"5f9c201c868a6904a844d13f",75,"2","once","week 2",1,5,3.532,19,0,0,"Flat"
"5f9c201c868a6904a844d13f",75,"3","once","week 2",0,5,6.598,19,0,0,"Flat"
"5f9c201c868a6904a844d13f",75,"4","once","week 2",1,5,2.971,19,0,0,"Flat"
"5f9c201c868a6904a844d13f",75,"5","once","week 2",1,5,7.694,19,0,0,"Flat"
"5f9c201c868a6904a844d13f",75,"6","once","week 2",1,5,3.845,19,0,0,"Flat"
"5f9c201c868a6904a844d13f",75,"7","once","week 2",1,5,4.366,19,0,0,"Flat"
"5f9c201c868a6904a844d13f",75,"8","once","week 2",0,5,3.725,19,0,0,"Flat"
"5f9c3084b4af1c085fff54b7",129,"1","once","week 2",0,5,4.433,19,1,1,"Flat-PastRate"
"5f9c3084b4af1c085fff54b7",129,"2","once","week 2",0,5,4.656,19,1,1,"Flat-PastRate"
"5f9c3084b4af1c085fff54b7",129,"3","once","week 2",0,5,5.871,19,1,1,"Flat-PastRate"
"5f9c3084b4af1c085fff54b7",129,"4","once","week 2",0,5,4.17,19,1,1,"Flat-PastRate"
"5f9c3084b4af1c085fff54b7",129,"5","once","week 2",1,5,10.813,19,1,1,"Flat-PastRate"
"5f9c3084b4af1c085fff54b7",129,"6","once","week 2",1,5,16.468,19,1,1,"Flat-PastRate"
"5f9c3084b4af1c085fff54b7",129,"7","once","week 2",0,5,5.358,19,1,1,"Flat-PastRate"
"5f9c3084b4af1c085fff54b7",129,"8","once","week 2",0,5,4.639,19,1,1,"Flat-PastRate"
"5f9d21a3607bcd22252a714c",131,"1","once","week 2",0,5,4.542,44,1,1,"Flat-PastRate"
"5f9d21a3607bcd22252a714c",131,"2","once","week 2",0,5,4.026,44,1,1,"Flat-PastRate"
"5f9d21a3607bcd22252a714c",131,"3","once","week 2",0,5,12.839,44,1,1,"Flat-PastRate"
"5f9d21a3607bcd22252a714c",131,"4","once","week 2",0,5,4.918,44,1,1,"Flat-PastRate"
"5f9d21a3607bcd22252a714c",131,"5","once","week 2",0,5,6.47,44,1,1,"Flat-PastRate"
"5f9d21a3607bcd22252a714c",131,"6","once","week 2",0,5,7.302,44,1,1,"Flat-PastRate"
"5f9d21a3607bcd22252a714c",131,"7","once","week 2",1,5,14.581,44,1,1,"Flat-PastRate"
"5f9d21a3607bcd22252a714c",131,"8","once","week 2",0,5,5.258,44,1,1,"Flat-PastRate"
"5f9da7599932bc2fde07f6cf",190,"1","twice","week 2",1,5,5.632,19,0,1,"Flat"
"5f9da7599932bc2fde07f6cf",190,"2","twice","week 2",1,5,4.472,19,0,1,"Flat"
"5f9da7599932bc2fde07f6cf",190,"3","twice","week 2",0,5,12.424,19,0,1,"Flat"
"5f9da7599932bc2fde07f6cf",190,"4","twice","week 2",0,5,4.167,19,0,1,"Flat"
"5f9da7599932bc2fde07f6cf",190,"5","twice","week 2",1,5,5.683,19,0,1,"Flat"
"5f9da7599932bc2fde07f6cf",190,"6","twice","week 2",0,5,6.866,19,0,1,"Flat"
"5f9da7599932bc2fde07f6cf",190,"7","twice","week 2",1,5,5.643,19,0,1,"Flat"
"5f9da7599932bc2fde07f6cf",190,"8","twice","week 2",0,5,5.152,19,0,1,"Flat"
"5f9eab308e503705011ad793",113,"1","once","week 2",0,5,7.637,18,1,1,"Flat"
"5f9eab308e503705011ad793",113,"2","once","week 2",0,5,4.543,18,1,1,"Flat"
"5f9eab308e503705011ad793",113,"3","once","week 2",0,5,4.873,18,1,1,"Flat"
"5f9eab308e503705011ad793",113,"4","once","week 2",0,5,4.206,18,1,1,"Flat"
"5f9eab308e503705011ad793",113,"5","once","week 2",1,5,5.319,18,1,1,"Flat"
"5f9eab308e503705011ad793",113,"6","once","week 2",0,5,4.651,18,1,1,"Flat"
"5f9eab308e503705011ad793",113,"7","once","week 2",1,5,3.833,18,1,1,"Flat"
"5f9eab308e503705011ad793",113,"8","once","week 2",0,5,4.37,18,1,1,"Flat"
"5f9efcb010da930d562c23d8",359,"1","once","week 2",0,5,2.34,19,0,1,"Flat"
"5f9efcb010da930d562c23d8",359,"2","once","week 2",1,5,4.943,19,0,1,"Flat"
"5f9efcb010da930d562c23d8",359,"3","once","week 2",0,5,10.86,19,0,1,"Flat"
"5f9efcb010da930d562c23d8",359,"4","once","week 2",0,5,29.595,19,0,1,"Flat"
"5f9efcb010da930d562c23d8",359,"5","once","week 2",1,5,4.725,19,0,1,"Flat"
"5f9efcb010da930d562c23d8",359,"6","once","week 2",0,5,21.648,19,0,1,"Flat"
"5f9efcb010da930d562c23d8",359,"7","once","week 2",0,5,7.301,19,0,1,"Flat"
"5f9efcb010da930d562c23d8",359,"8","once","week 2",0,5,2.991,19,0,1,"Flat"
